{"test/conf_matrix": {"_type": "image-file", "sha256": "29495ffe53e10e9cfcda0d29c92df0af4391b293a04e31c3c27e00a7f863fc45", "size": 26605, "path": "media/images/test/conf_matrix_0_29495ffe53e10e9cfcda.png", "format": "png", "width": 1000, "height": 1000}, "_timestamp": 1661354557.481117, "_runtime": 302.56232595443726, "_step": 1, "test/loss": 0.3092154264450073, "test/origin_acc": 0.8753148317337036, "test/new_acc": 0.8753148317337036, "test/f1_macro": 0.8392884135246277, "test/wqKappa": 0.9397726058959961, "test/cnt_diff": 9.0, "test/cnt_correct_diff": 4.0, "epoch": 11, "trainer/global_step": 0, "_wandb": {"runtime": 304}}