{"test/conf_matrix": {"_type": "image-file", "sha256": "6c56f4b3e16742074bd619e97380052d329f63c20b04e693fb7d69ccec7694ec", "size": 30321, "path": "media/images/test/conf_matrix_0_6c56f4b3e16742074bd6.png", "format": "png", "width": 1000, "height": 1000}, "_timestamp": 1660652361.5727558, "_runtime": 500.5126168727875, "_step": 1, "test/loss": 0.8469946980476379, "test/origin_acc": 0.6934151649475098, "test/new_acc": 0.6934151649475098, "test/f1_macro": 0.6256015300750732, "test/wqKappa": 0.6204188466072083, "test/cnt_diff": 8.0, "test/cnt_correct_diff": 3.0, "epoch": 7, "trainer/global_step": 0, "_wandb": {"runtime": 500}}