{"test/conf_matrix": {"_type": "image-file", "sha256": "0a1b2d444325a03806af156180eac497f476b1fc07557b81eb233a669190525d", "size": 27472, "path": "media/images/test/conf_matrix_0_0a1b2d444325a03806af.png", "format": "png", "width": 1000, "height": 1000}, "_timestamp": 1660646516.8513834, "_runtime": 249.48187351226807, "_step": 1, "test/loss": 0.4327978789806366, "test/origin_acc": 0.8091939687728882, "test/new_acc": 0.8054156303405762, "test/f1_macro": 0.7564190030097961, "test/wqKappa": 0.9108664989471436, "test/cnt_diff": 68.0, "test/cnt_correct_diff": 31.0, "epoch": 1, "trainer/global_step": 0, "_wandb": {"runtime": 250}}