{"test/conf_matrix": {"_type": "image-file", "sha256": "de430514c6fabe683c0cbad62a3d55cced78cc429f9df79fca9d67d581c5520e", "size": 26761, "path": "media/images/test/conf_matrix_0_de430514c6fabe683c0c.png", "format": "png", "width": 1000, "height": 1000}, "_timestamp": 1661350497.601778, "_runtime": 358.05432391166687, "_step": 1, "test/loss": 0.31416085362434387, "test/origin_acc": 0.8702771067619324, "test/new_acc": 0.8595718145370483, "test/f1_macro": 0.8165497779846191, "test/wqKappa": 0.9343835711479187, "test/cnt_diff": 57.0, "test/cnt_correct_diff": 20.0, "epoch": 5, "trainer/global_step": 0, "_wandb": {"runtime": 357}}