{"test/conf_matrix": {"_type": "image-file", "sha256": "4aba53bf5a537e97568ada5e7d7a3e4208c925775d1fa2182b1c4b5da9d28f26", "size": 29958, "path": "media/images/test/conf_matrix_0_4aba53bf5a537e97568a.png", "format": "png", "width": 1000, "height": 1000}, "_timestamp": 1658732626, "_runtime": 1868, "_step": 1, "test/loss": 0.7740350365638733, "test/origin_acc": 0.6854648590087891, "test/new_acc": 0.684285044670105, "test/f1_macro": 0.6019094586372375, "test/wqKappa": 0.5793914794921875, "epoch": 4, "trainer/global_step": 0, "_wandb": {"runtime": 1869}}