{"test/conf_matrix": {"_type": "image-file", "sha256": "eff6caa86831bd2152174d2186a530b66603c8fac6391c4607dc5f05dd33628d", "size": 29011, "path": "media/images/test/conf_matrix_0_eff6caa86831bd215217.png", "format": "png", "width": 1000, "height": 1000}, "_timestamp": 1661410604.7128117, "_runtime": 305.50180768966675, "_step": 1, "test/loss": 2.093094825744629, "test/origin_acc": 0.5560453534126282, "test/new_acc": 0.5705289840698242, "test/f1_macro": 0.39184629917144775, "test/wqKappa": 0.5214289426803589, "test/cnt_diff": 409.0, "test/cnt_correct_diff": 166.0, "epoch": 11, "trainer/global_step": 0, "_wandb": {"runtime": 305}}