{"test/conf_matrix": {"_type": "image-file", "sha256": "7d4edcf4cfd8f7db796e95acc8e1e6289e6383ca85022e06891dc30c094a23cc", "size": 27227, "path": "media/images/test/conf_matrix_0_7d4edcf4cfd8f7db796e.png", "format": "png", "width": 1000, "height": 1000}, "_timestamp": 1661504408.0698795, "_runtime": 123.69942855834961, "_step": 1, "test/loss": 0.373489111661911, "test/origin_acc": 0.8482367992401123, "test/new_acc": 0.8457179069519043, "test/f1_macro": 0.8148818016052246, "test/wqKappa": 0.9298050403594971, "test/cnt_diff": 43.0, "test/cnt_correct_diff": 19.0, "epoch": 7, "trainer/global_step": 0, "_wandb": {"runtime": 122}}