{"test/conf_matrix": {"_type": "image-file", "sha256": "90d66591a990596760938cfc602786ef4265a3ee9963b901fe33b36bde65afd8", "size": 27189, "path": "media/images/test/conf_matrix_0_90d66591a99059676093.png", "format": "png", "width": 1000, "height": 1000}, "_timestamp": 1660661698.7780304, "_runtime": 267.76855635643005, "_step": 1, "test/loss": 0.3087417483329773, "test/origin_acc": 0.8916876316070557, "test/new_acc": 0.8702771067619324, "test/f1_macro": 0.8147530555725098, "test/wqKappa": 0.9364069700241089, "test/cnt_diff": 87.0, "test/cnt_correct_diff": 24.0, "epoch": 8, "trainer/global_step": 0, "_wandb": {"runtime": 268}}