{"test/conf_matrix": {"_type": "image-file", "sha256": "6a869ea760afaad6cdd9492b9a60cad36875c05e80f0622446bb85d32c96ec43", "size": 31191, "path": "media/images/test/conf_matrix_0_6a869ea760afaad6cdd9.png", "format": "png", "width": 1000, "height": 1000}, "_timestamp": 1661457738.5994165, "_runtime": 132.57992959022522, "_step": 1, "test/loss": 3.2831687927246094, "test/origin_acc": 0.372795969247818, "test/new_acc": 0.26259446144104004, "test/f1_macro": 0.2356134057044983, "test/wqKappa": 0.035608887672424316, "test/cnt_diff": 812.0, "test/cnt_correct_diff": 170.0, "epoch": 5, "trainer/global_step": 0, "_wandb": {"runtime": 132}}