{"test/conf_matrix": {"_type": "image-file", "sha256": "c31e5a674e2b88861f4f3fe68a234ee54a9f585eed40db4df54c9b5fdc954ca3", "size": 30399, "path": "media/images/test/conf_matrix_0_c31e5a674e2b88861f4f.png", "format": "png", "width": 1000, "height": 1000}, "_timestamp": 1660731260.7110245, "_runtime": 575.1013565063477, "_step": 1, "test/loss": 0.6168479919433594, "test/origin_acc": 0.7463871836662292, "test/new_acc": 0.7435286641120911, "test/f1_macro": 0.6977859735488892, "test/wqKappa": 0.6817363500595093, "test/cnt_diff": 132.0, "test/cnt_correct_diff": 49.0, "epoch": 5, "trainer/global_step": 0, "_wandb": {"runtime": 575}}