{"test/conf_matrix": {"_type": "image-file", "sha256": "1da362f1bf46dcab5eb0d548e20692af87da9bc80552d734939763a379c151bf", "size": 28803, "path": "media/images/test/conf_matrix_0_1da362f1bf46dcab5eb0.png", "format": "png", "width": 1000, "height": 1000}, "_timestamp": 1661436119.7254243, "_runtime": 131.76340532302856, "_step": 1, "test/loss": 2.1597023010253906, "test/origin_acc": 0.49370276927948, "test/new_acc": 0.496221661567688, "test/f1_macro": 0.32904788851737976, "test/wqKappa": 0.5021733045578003, "test/cnt_diff": 48.0, "test/cnt_correct_diff": 17.0, "epoch": 10, "trainer/global_step": 0, "_wandb": {"runtime": 132}}