{"test/conf_matrix": {"_type": "image-file", "sha256": "d3e4d40c9b2cf86f8b999cc14151b6a5f7ed169f664f390252015999ce184ba2", "size": 30533, "path": "media/images/test/conf_matrix_0_d3e4d40c9b2cf86f8b99.png", "format": "png", "width": 1000, "height": 1000}, "_timestamp": 1661429376.4131935, "_runtime": 104.56845355033875, "_step": 1, "test/loss": 1.9362478256225586, "test/origin_acc": 0.5440806150436401, "test/new_acc": 0.48929470777511597, "test/f1_macro": 0.3824983239173889, "test/wqKappa": 0.46214717626571655, "test/cnt_diff": 546.0, "test/cnt_correct_diff": 178.0, "epoch": 11, "trainer/global_step": 0, "_wandb": {"runtime": 104}}