{"test/conf_matrix": {"_type": "image-file", "sha256": "57a702af6b681b23fc76de735e1e116a65fa05c774b9a6dade02551a9a013d3e", "size": 27269, "path": "media/images/test/conf_matrix_0_57a702af6b681b23fc76.png", "format": "png", "width": 1000, "height": 1000}, "_timestamp": 1661336390.8718443, "_runtime": 73.72403740882874, "_step": 1, "test/loss": 0.36290663480758667, "test/origin_acc": 0.8465409278869629, "test/new_acc": 0.8364779949188232, "test/f1_macro": 0.797804057598114, "test/wqKappa": 0.9229902625083923, "test/cnt_diff": 95.0, "test/cnt_correct_diff": 39.0, "epoch": 7, "trainer/global_step": 0, "_wandb": {"runtime": 73}}