{"test/conf_matrix": {"_type": "image-file", "sha256": "ba45e7def13feb1a6d6f727e61b29f35cf9147841dfbc4b88dfeb195bea74641", "size": 27891, "path": "media/images/test/conf_matrix_0_ba45e7def13feb1a6d6f.png", "format": "png", "width": 1000, "height": 1000}, "_timestamp": 1661330369.2520523, "_runtime": 186.5278034210205, "_step": 1, "test/loss": 0.35823777318000793, "test/origin_acc": 0.8526448607444763, "test/new_acc": 0.7745591998100281, "test/f1_macro": 0.7510086297988892, "test/wqKappa": 0.8936605453491211, "test/cnt_diff": 248.0, "test/cnt_correct_diff": 61.0, "epoch": 5, "trainer/global_step": 0, "_wandb": {"runtime": 186}}