{"test/conf_matrix": {"_type": "image-file", "sha256": "e68e8bd25b2e2976fab374a24f2b653589a59103654ed6454bbfb176410a29bd", "size": 29363, "path": "media/images/test/conf_matrix_0_e68e8bd25b2e2976fab3.png", "format": "png", "width": 1000, "height": 1000}, "_timestamp": 1661436603.4350064, "_runtime": 138.1544234752655, "_step": 1, "test/loss": 2.1025230884552, "test/origin_acc": 0.5195214152336121, "test/new_acc": 0.5226700305938721, "test/f1_macro": 0.33414793014526367, "test/wqKappa": 0.5263341665267944, "test/cnt_diff": 38.0, "test/cnt_correct_diff": 14.0, "epoch": 8, "trainer/global_step": 0, "_wandb": {"runtime": 138}}