{"test/conf_matrix": {"_type": "image-file", "sha256": "d68c900a4af2d46c99213a7857ebdbb82c823e7ae5cf5c3de7e19e5c824a9f13", "size": 26857, "path": "media/images/test/conf_matrix_0_d68c900a4af2d46c9921.png", "format": "png", "width": 1000, "height": 1000}, "_timestamp": 1661477743.8502696, "_runtime": 160.10052061080933, "_step": 1, "test/loss": 0.557793915271759, "test/origin_acc": 0.8131067752838135, "test/new_acc": 0.7907766699790955, "test/f1_macro": 0.5872936844825745, "test/wqKappa": 0.7414805293083191, "test/cnt_diff": 127.0, "test/cnt_correct_diff": 36.0, "epoch": 2, "trainer/global_step": 0, "_wandb": {"runtime": 159}}