{"test/conf_matrix": {"_type": "image-file", "sha256": "c3f88fdcdf37dc3833db11fd66e53546effea9096a18a5312ca782b566ec22d5", "size": 26643, "path": "media/images/test/conf_matrix_0_c3f88fdcdf37dc3833db.png", "format": "png", "width": 1000, "height": 1000}, "_timestamp": 1661328998.021966, "_runtime": 137.1681568622589, "_step": 1, "test/loss": 0.31017082929611206, "test/origin_acc": 0.8753148317337036, "test/new_acc": 0.8734257221221924, "test/f1_macro": 0.8405130505561829, "test/wqKappa": 0.9407612085342407, "test/cnt_diff": 29.0, "test/cnt_correct_diff": 13.0, "epoch": 7, "trainer/global_step": 0, "_wandb": {"runtime": 136}}