{"test/conf_matrix": {"_type": "image-file", "sha256": "e184199c407353567b02b8eba6cf579ac71d4c85b58227f269efd2d7432cfda1", "size": 28313, "path": "media/images/test/conf_matrix_0_e184199c407353567b02.png", "format": "png", "width": 1000, "height": 1000}, "_timestamp": 1661488060.4205964, "_runtime": 124.81325244903564, "_step": 1, "test/loss": 0.567625880241394, "test/origin_acc": 0.825728178024292, "test/new_acc": 0.8218446373939514, "test/f1_macro": 0.6267897486686707, "test/wqKappa": 0.7764878273010254, "test/cnt_diff": 35.0, "test/cnt_correct_diff": 11.0, "epoch": 5, "trainer/global_step": 0, "_wandb": {"runtime": 124}}