{"test/conf_matrix": {"_type": "image-file", "sha256": "df413d60e9426a627f3b3d83d7c5c0a20b0486ea20aca4a4c3c50dcaba1cc573", "size": 31229, "path": "media/images/test/conf_matrix_0_df413d60e9426a627f3b.png", "format": "png", "width": 1000, "height": 1000}, "_timestamp": 1661462998.811542, "_runtime": 125.05813407897949, "_step": 1, "test/loss": 0.7218735218048096, "test/origin_acc": 0.6959188580513, "test/new_acc": 0.689313530921936, "test/f1_macro": 0.6065036654472351, "test/wqKappa": 0.6231786012649536, "test/cnt_diff": 487.0, "test/cnt_correct_diff": 221.0, "epoch": 7, "trainer/global_step": 0, "_wandb": {"runtime": 124}}