{"test/conf_matrix": {"_type": "image-file", "sha256": "bb5364d1d0fcdc1bb0d30c73b764f8954aff0f1d1ba26da51add98b6e8711350", "size": 28934, "path": "media/images/test/conf_matrix_0_bb5364d1d0fcdc1bb0d3.png", "format": "png", "width": 1000, "height": 1000}, "_timestamp": 1661328964.6591623, "_runtime": 107.2031102180481, "_step": 1, "test/loss": 0.46994638442993164, "test/origin_acc": 0.8075471520423889, "test/new_acc": 0.6962264180183411, "test/f1_macro": 0.6699302196502686, "test/wqKappa": 0.8519783020019531, "test/cnt_diff": 302.0, "test/cnt_correct_diff": 59.0, "epoch": 8, "trainer/global_step": 0, "_wandb": {"runtime": 107}}