{"test/conf_matrix": {"_type": "image-file", "sha256": "108ed917be7ef06a140cb4b186d74674b7a2dac18f6d793c50b943c2fe97f0e7", "size": 27129, "path": "media/images/test/conf_matrix_0_108ed917be7ef06a140c.png", "format": "png", "width": 1000, "height": 1000}, "_timestamp": 1660666670.9703383, "_runtime": 216.38826823234558, "_step": 1, "test/loss": 0.3087417483329773, "test/origin_acc": 0.8916876316070557, "test/new_acc": 0.8073047995567322, "test/f1_macro": 0.7416971921920776, "test/wqKappa": 0.9038219451904297, "test/cnt_diff": 208.0, "test/cnt_correct_diff": 28.0, "epoch": 8, "trainer/global_step": 0, "_wandb": {"runtime": 216}}