{"test/conf_matrix": {"_type": "image-file", "sha256": "2b5d3cc101984ee16657f73c72001429330f853ef6b75a4820786aae23a56634", "size": 27422, "path": "media/images/test/conf_matrix_0_2b5d3cc101984ee16657.png", "format": "png", "width": 1000, "height": 1000}, "_timestamp": 1660716719.8748112, "_runtime": 257.02756214141846, "_step": 1, "test/loss": 0.5653321146965027, "test/origin_acc": 0.8330907821655273, "test/new_acc": 0.8330907821655273, "test/f1_macro": 0.6313521265983582, "test/wqKappa": 0.7745379209518433, "test/cnt_diff": 5.0, "test/cnt_correct_diff": 1.0, "epoch": 12, "trainer/global_step": 0, "_wandb": {"runtime": 257}}