{"test/conf_matrix": {"_type": "image-file", "sha256": "7cae7ea25e07dc950071f4694935ca4c3dd36f2c7c0229146dc03304fc1d2487", "size": 30581, "path": "media/images/test/conf_matrix_0_7cae7ea25e07dc950071.png", "format": "png", "width": 1000, "height": 1000}, "_timestamp": 1661459951.3086126, "_runtime": 120.91778564453125, "_step": 1, "test/loss": 3.2831687927246094, "test/origin_acc": 0.372795969247818, "test/new_acc": 0.3394206464290619, "test/f1_macro": 0.26833537220954895, "test/wqKappa": 0.07903850078582764, "test/cnt_diff": 239.0, "test/cnt_correct_diff": 60.0, "epoch": 5, "trainer/global_step": 0, "_wandb": {"runtime": 120}}