{"test/conf_matrix": {"_type": "image-file", "sha256": "1fd031a09a056bb55af29c6ce651ee63c5b835d7947e4757fff91cda8f51302a", "size": 26024, "path": "media/images/test/conf_matrix_0_1fd031a09a056bb55af2.png", "format": "png", "width": 1000, "height": 1000}, "_timestamp": 1661926515.8359377, "_runtime": 136.20639181137085, "_step": 1, "test/loss": 0.31758856773376465, "test/origin_acc": 0.8759445548057556, "test/new_acc": 0.8734257221221924, "test/f1_macro": 0.828694760799408, "test/wqKappa": 0.9390194416046143, "test/cnt_diff": 10.0, "test/cnt_correct_diff": 3.0, "epoch": 4, "trainer/global_step": 0, "_wandb": {"runtime": 136}}