{"test/conf_matrix": {"_type": "image-file", "sha256": "2a4c0a55b0fc1aa495836bd1bac937aac18920826bde1a86d52ec2ea1989b513", "size": 27640, "path": "media/images/test/conf_matrix_0_2a4c0a55b0fc1aa49583.png", "format": "png", "width": 1000, "height": 1000}, "_timestamp": 1661479910.6412628, "_runtime": 145.062255859375, "_step": 1, "test/loss": 0.557793915271759, "test/origin_acc": 0.8131067752838135, "test/new_acc": 0.8072815537452698, "test/f1_macro": 0.6183359026908875, "test/wqKappa": 0.7674953937530518, "test/cnt_diff": 24.0, "test/cnt_correct_diff": 3.0, "epoch": 2, "trainer/global_step": 0, "_wandb": {"runtime": 145}}