{"test/conf_matrix": {"_type": "image-file", "sha256": "8fb9f879d1bf164477bf629ea624769abb4568a9aef998e395e6c619b775fffd", "size": 27303, "path": "media/images/test/conf_matrix_0_8fb9f879d1bf164477bf.png", "format": "png", "width": 1000, "height": 1000}, "_timestamp": 1661337348.5628064, "_runtime": 71.62555932998657, "_step": 1, "test/loss": 0.36290663480758667, "test/origin_acc": 0.8465409278869629, "test/new_acc": 0.8408805131912231, "test/f1_macro": 0.8014547824859619, "test/wqKappa": 0.9243337512016296, "test/cnt_diff": 56.0, "test/cnt_correct_diff": 23.0, "epoch": 7, "trainer/global_step": 0, "_wandb": {"runtime": 71}}