{"test/conf_matrix": {"_type": "image-file", "sha256": "d133aa0da08c05c3f49c5a2613c599e09c7e7f414bfd41fa4e6a5e3482da8694", "size": 28187, "path": "media/images/test/conf_matrix_0_d133aa0da08c05c3f49c.png", "format": "png", "width": 1000, "height": 1000}, "_timestamp": 1661409895.0654137, "_runtime": 340.64688777923584, "_step": 1, "test/loss": 0.5978809595108032, "test/origin_acc": 0.8170791268348694, "test/new_acc": 0.8059194684028625, "test/f1_macro": 0.6011273264884949, "test/wqKappa": 0.7571868896484375, "test/cnt_diff": 130.0, "test/cnt_correct_diff": 44.0, "epoch": 12, "trainer/global_step": 0, "_wandb": {"runtime": 341}}