{"test/conf_matrix": {"_type": "image-file", "sha256": "cd8bdfeb1ba4cf57fb98617e498e2ec77faf03f92bba262df7676d3dbc6fa88f", "size": 27500, "path": "media/images/test/conf_matrix_0_cd8bdfeb1ba4cf57fb98.png", "format": "png", "width": 1000, "height": 1000}, "_timestamp": 1661340475.373198, "_runtime": 195.54799008369446, "_step": 1, "test/loss": 0.3532443344593048, "test/origin_acc": 0.8658690452575684, "test/new_acc": 0.8545340299606323, "test/f1_macro": 0.8231452703475952, "test/wqKappa": 0.9295567870140076, "test/cnt_diff": 64.0, "test/cnt_correct_diff": 22.0, "epoch": 17, "trainer/global_step": 0, "_wandb": {"runtime": 195}}