{"test/conf_matrix": {"_type": "image-file", "sha256": "7ccc0f4d4ed4e7e90dbe57566a7473921a77bc531001e36e1cdd01865a64db1f", "size": 26229, "path": "media/images/test/conf_matrix_0_7ccc0f4d4ed4e7e90dbe.png", "format": "png", "width": 1000, "height": 1000}, "_timestamp": 1660664236.5369713, "_runtime": 262.96000242233276, "_step": 1, "test/loss": 0.3087417483329773, "test/origin_acc": 0.8916876316070557, "test/new_acc": 0.8910579085350037, "test/f1_macro": 0.8541629910469055, "test/wqKappa": 0.9470496773719788, "test/cnt_diff": 1.0, "test/cnt_correct_diff": 0.0, "epoch": 8, "trainer/global_step": 0, "_wandb": {"runtime": 263}}