{"test/conf_matrix": {"_type": "image-file", "sha256": "aecbd3fd7cab11ea3c661d0bb5d5f8b4e9438af99aadb28c4ef2f9c257765087", "size": 26924, "path": "media/images/test/conf_matrix_0_aecbd3fd7cab11ea3c66.png", "format": "png", "width": 1000, "height": 1000}, "_timestamp": 1661478980.1996527, "_runtime": 129.97544169425964, "_step": 1, "test/loss": 0.5793511271476746, "test/origin_acc": 0.832524299621582, "test/new_acc": 0.8266990184783936, "test/f1_macro": 0.6271458864212036, "test/wqKappa": 0.7847115397453308, "test/cnt_diff": 22.0, "test/cnt_correct_diff": 1.0, "epoch": 11, "trainer/global_step": 0, "_wandb": {"runtime": 129}}