{"test/conf_matrix": {"_type": "image-file", "sha256": "9c33de29a6267ead1f6ca4cdfa753e79a6e381538e21c8befe8a154898d7b5f8", "size": 28393, "path": "media/images/test/conf_matrix_0_9c33de29a6267ead1f6c.png", "format": "png", "width": 1000, "height": 1000}, "_timestamp": 1661325766.2939146, "_runtime": 75.04885244369507, "_step": 1, "test/loss": 0.5756698250770569, "test/origin_acc": 0.7811321020126343, "test/new_acc": 0.6729559898376465, "test/f1_macro": 0.6355234384536743, "test/wqKappa": 0.7513662576675415, "test/cnt_diff": 280.0, "test/cnt_correct_diff": 38.0, "epoch": 8, "trainer/global_step": 0, "_wandb": {"runtime": 74}}