{"test/conf_matrix": {"_type": "image-file", "sha256": "e12c5e0cf6b7c88637ff61d8dbb35533d4c267bc13f56f8e8623fce2fdeb2c39", "size": 26928, "path": "media/images/test/conf_matrix_0_e12c5e0cf6b7c88637ff.png", "format": "png", "width": 1000, "height": 1000}, "_timestamp": 1661332835.896735, "_runtime": 123.01381301879883, "_step": 1, "test/loss": 0.2952144742012024, "test/origin_acc": 0.8797228932380676, "test/new_acc": 0.8809823393821716, "test/f1_macro": 0.8461906313896179, "test/wqKappa": 0.9435486197471619, "test/cnt_diff": 35.0, "test/cnt_correct_diff": 18.0, "epoch": 12, "trainer/global_step": 0, "_wandb": {"runtime": 122}}