{"test/conf_matrix": {"_type": "image-file", "sha256": "3063179010b84cf4544e42d2fd80089610812c91f7f36d6b165b82eb0a7cd9f8", "size": 25800, "path": "media/images/test/conf_matrix_0_3063179010b84cf4544e.png", "format": "png", "width": 1000, "height": 1000}, "_timestamp": 1662529795.999133, "_runtime": 127.03786420822144, "_step": 1, "test/loss": 0.3087417483329773, "test/origin_acc": 0.8916876316070557, "test/new_acc": 0.8916876316070557, "test/f1_macro": 0.8550140857696533, "test/wqKappa": 0.9490619897842407, "test/cnt_diff": 1.0, "test/cnt_correct_diff": 0.0, "epoch": 8, "trainer/global_step": 0, "_wandb": {"runtime": 127}}