{"test/conf_matrix": {"_type": "image-file", "sha256": "1219726da46c5d6e1f14d31c37f2f2e36ba2a9e0b9edb4e74e5ebcb291fe5027", "size": 27136, "path": "media/images/test/conf_matrix_0_1219726da46c5d6e1f14.png", "format": "png", "width": 1000, "height": 1000}, "_timestamp": 1661347492.0606306, "_runtime": 251.66915154457092, "_step": 1, "test/loss": 0.31416085362434387, "test/origin_acc": 0.8702771067619324, "test/new_acc": 0.8696473836898804, "test/f1_macro": 0.8303074836730957, "test/wqKappa": 0.9390016794204712, "test/cnt_diff": 5.0, "test/cnt_correct_diff": 2.0, "epoch": 5, "trainer/global_step": 0, "_wandb": {"runtime": 251}}