{"test/conf_matrix": {"_type": "image-file", "sha256": "d5c2bcfc5c3fdb8b0a5d97fa7f367bb2e089b0e61a91ed1641eb5144d2624f9d", "size": 30821, "path": "media/images/test/conf_matrix_0_d5c2bcfc5c3fdb8b0a5d.png", "format": "png", "width": 1000, "height": 1000}, "_timestamp": 1661453059.0867357, "_runtime": 132.1351397037506, "_step": 1, "test/loss": 0.8180785775184631, "test/origin_acc": 0.6161831021308899, "test/new_acc": 0.5916489958763123, "test/f1_macro": 0.5358240604400635, "test/wqKappa": 0.5125846862792969, "test/cnt_diff": 767.0, "test/cnt_correct_diff": 286.0, "epoch": 5, "trainer/global_step": 0, "_wandb": {"runtime": 132}}