{"test/conf_matrix": {"_type": "image-file", "sha256": "3146e08654b71cea1a4f950fc30638505377319890172061055ad38867ff96c7", "size": 27819, "path": "media/images/test/conf_matrix_0_3146e08654b71cea1a4f.png", "format": "png", "width": 1000, "height": 1000}, "_timestamp": 1661477404.3818908, "_runtime": 173.42567682266235, "_step": 1, "test/loss": 0.5617218017578125, "test/origin_acc": 0.8286407589912415, "test/new_acc": 0.8276699185371399, "test/f1_macro": 0.6225559115409851, "test/wqKappa": 0.7646734118461609, "test/cnt_diff": 17.0, "test/cnt_correct_diff": 7.0, "epoch": 10, "trainer/global_step": 0, "_wandb": {"runtime": 173}}