{"test/conf_matrix": {"_type": "image-file", "sha256": "55d7f9b83f7a680702128c0cf864339736388a0d5cb05b28bb9ebeb6b4a5d633", "size": 27570, "path": "media/images/test/conf_matrix_0_55d7f9b83f7a68070212.png", "format": "png", "width": 1000, "height": 1000}, "_timestamp": 1661329156.2302291, "_runtime": 134.1659290790558, "_step": 1, "test/loss": 0.31017082929611206, "test/origin_acc": 0.8753148317337036, "test/new_acc": 0.8709068298339844, "test/f1_macro": 0.837817370891571, "test/wqKappa": 0.9397687315940857, "test/cnt_diff": 49.0, "test/cnt_correct_diff": 21.0, "epoch": 7, "trainer/global_step": 0, "_wandb": {"runtime": 134}}