{"test/conf_matrix": {"_type": "image-file", "sha256": "aa1532d12959893bd45589f763b9acb05e31b0b9eed1646d98edae9275e27798", "size": 29161, "path": "media/images/test/conf_matrix_0_aa1532d12959893bd455.png", "format": "png", "width": 1000, "height": 1000}, "_timestamp": 1661440874.9950402, "_runtime": 378.04840207099915, "_step": 1, "test/loss": 0.6964133977890015, "test/origin_acc": 0.6936511397361755, "test/new_acc": 0.6927071213722229, "test/f1_macro": 0.5907787680625916, "test/wqKappa": 0.5870978236198425, "test/cnt_diff": 36.0, "test/cnt_correct_diff": 12.0, "epoch": 8, "trainer/global_step": 0, "_wandb": {"runtime": 378}}