{"test/conf_matrix": {"_type": "image-file", "sha256": "0e53ca25fc52278703d2f41f702b1e92cd06ac0008f83d32ef7430a13383cc08", "size": 26528, "path": "media/images/test/conf_matrix_0_0e53ca25fc52278703d2.png", "format": "png", "width": 1000, "height": 1000}, "_timestamp": 1661345389.627622, "_runtime": 287.53351378440857, "_step": 1, "test/loss": 0.3830234110355377, "test/origin_acc": 0.8283019065856934, "test/new_acc": 0.8138365149497986, "test/f1_macro": 0.7634574770927429, "test/wqKappa": 0.9153468012809753, "test/cnt_diff": 61.0, "test/cnt_correct_diff": 17.0, "epoch": 15, "trainer/global_step": 0, "_wandb": {"runtime": 287}}