{"test/conf_matrix": {"_type": "image-file", "sha256": "6a8b18ad4a26a34a0cf468f6cda78a34951fc3be0d91e2a9dcae027f414d6ac0", "size": 26593, "path": "media/images/test/conf_matrix_0_6a8b18ad4a26a34a0cf4.png", "format": "png", "width": 1000, "height": 1000}, "_timestamp": 1661477781.10342, "_runtime": 154.9283149242401, "_step": 1, "test/loss": 0.5793511271476746, "test/origin_acc": 0.832524299621582, "test/new_acc": 0.8233009576797485, "test/f1_macro": 0.6200888156890869, "test/wqKappa": 0.7822063565254211, "test/cnt_diff": 65.0, "test/cnt_correct_diff": 18.0, "epoch": 11, "trainer/global_step": 0, "_wandb": {"runtime": 155}}