{"test/conf_matrix": {"_type": "image-file", "sha256": "23a31674be1fe6121b540338c305e2a173214968adfa4457a9b79f16b38cfba4", "size": 28072, "path": "media/images/test/conf_matrix_0_23a31674be1fe6121b54.png", "format": "png", "width": 1000, "height": 1000}, "_timestamp": 1661488360.1784728, "_runtime": 126.79215383529663, "_step": 1, "test/loss": 0.567625880241394, "test/origin_acc": 0.825728178024292, "test/new_acc": 0.8237864375114441, "test/f1_macro": 0.6297699213027954, "test/wqKappa": 0.778969943523407, "test/cnt_diff": 23.0, "test/cnt_correct_diff": 7.0, "epoch": 5, "trainer/global_step": 0, "_wandb": {"runtime": 126}}