{"test/conf_matrix": {"_type": "image-file", "sha256": "1d9313162f58dbfb5770f2d817cdae016e2d75759659166404fa5855a551181e", "size": 30459, "path": "media/images/test/conf_matrix_0_1d9313162f58dbfb5770.png", "format": "png", "width": 1000, "height": 1000}, "_timestamp": 1661439530.8035495, "_runtime": 313.2351875305176, "_step": 1, "test/loss": 0.9711070656776428, "test/origin_acc": 0.5501534342765808, "test/new_acc": 0.5817795395851135, "test/f1_macro": 0.5425353646278381, "test/wqKappa": 0.49475353956222534, "test/cnt_diff": 1059.0, "test/cnt_correct_diff": 390.0, "epoch": 2, "trainer/global_step": 0, "_wandb": {"runtime": 313}}