{"test/conf_matrix": {"_type": "image-file", "sha256": "f75f14b952d449df8240868a9d1c3092ee483da149b531d5c7191b9de0f6055e", "size": 26895, "path": "media/images/test/conf_matrix_0_f75f14b952d449df8240.png", "format": "png", "width": 1000, "height": 1000}, "_timestamp": 1661882181.4059553, "_runtime": 298.89234733581543, "_step": 1, "test/loss": 0.33733710646629333, "test/origin_acc": 0.8570529222488403, "test/new_acc": 0.8532745838165283, "test/f1_macro": 0.7996004819869995, "test/wqKappa": 0.9290697574615479, "test/cnt_diff": 63.0, "test/cnt_correct_diff": 28.0, "epoch": 2, "trainer/global_step": 0, "_wandb": {"runtime": 299}}