{"test/conf_matrix": {"_type": "image-file", "sha256": "d704c8d30bd9e54bc43ecb5602c5d5a41c5b25ab03396fab25def96ceae7503e", "size": 27424, "path": "media/images/test/conf_matrix_0_d704c8d30bd9e54bc43e.png", "format": "png", "width": 1000, "height": 1000}, "_timestamp": 1661334953.4480436, "_runtime": 75.095139503479, "_step": 1, "test/loss": 0.36475446820259094, "test/origin_acc": 0.8339622616767883, "test/new_acc": 0.8364779949188232, "test/f1_macro": 0.8000117540359497, "test/wqKappa": 0.9226497411727905, "test/cnt_diff": 12.0, "test/cnt_correct_diff": 8.0, "epoch": 7, "trainer/global_step": 0, "_wandb": {"runtime": 75}}