{"test/conf_matrix": {"_type": "image-file", "sha256": "740e93ef2a99b6223381aba10ed2749817f6ec950e4a2ec0b0628c1efac604e3", "size": 25111, "path": "media/images/test/conf_matrix_0_740e93ef2a99b6223381.png", "format": "png", "width": 1000, "height": 1000}, "_timestamp": 1660139396.1872494, "_runtime": 296.81831431388855, "_step": 1, "test/loss": 0.3087417483329773, "test/origin_acc": 0.8916876316070557, "test/new_acc": 0.8841309547424316, "test/f1_macro": 0.8407481908798218, "test/wqKappa": 0.9430050253868103, "test/cnt_diff": 50.0, "test/cnt_correct_diff": 18.0, "epoch": 8, "trainer/global_step": 0, "_wandb": {"runtime": 297}}