{"test/conf_matrix": {"_type": "image-file", "sha256": "a2143b374297a0aad1f94a081dfe96087beed276bd4c64396b4eadbf8d6e35e9", "size": 27549, "path": "media/images/test/conf_matrix_0_a2143b374297a0aad1f9.png", "format": "png", "width": 1000, "height": 1000}, "_timestamp": 1661893049.1656804, "_runtime": 274.42983531951904, "_step": 1, "test/loss": 0.32275402545928955, "test/origin_acc": 0.8633501529693604, "test/new_acc": 0.8526448607444763, "test/f1_macro": 0.8226006031036377, "test/wqKappa": 0.9268089532852173, "test/cnt_diff": 78.0, "test/cnt_correct_diff": 30.0, "epoch": 3, "trainer/global_step": 0, "_wandb": {"runtime": 276}}