{"test/conf_matrix": {"_type": "image-file", "sha256": "accbe2b4637ec37df82cb740cab9de69814bac40a08023d0359f9edfd45b213c", "size": 29842, "path": "media/images/test/conf_matrix_0_accbe2b4637ec37df82c.png", "format": "png", "width": 1000, "height": 1000}, "_timestamp": 1661418370.8801188, "_runtime": 400.0247848033905, "_step": 1, "test/loss": 1.5902985334396362, "test/origin_acc": 0.6070529222488403, "test/new_acc": 0.6001259684562683, "test/f1_macro": 0.41552016139030457, "test/wqKappa": 0.5712083578109741, "test/cnt_diff": 80.0, "test/cnt_correct_diff": 25.0, "epoch": 5, "trainer/global_step": 0, "_wandb": {"runtime": 399}}