{"test/conf_matrix": {"_type": "image-file", "sha256": "a8404586efa2f7571c127021ff04c518cd982d065d2c4fc94db6d085d2d9b565", "size": 31390, "path": "media/images/test/conf_matrix_0_a8404586efa2f7571c12.png", "format": "png", "width": 1000, "height": 1000}, "_timestamp": 1661422334.9759963, "_runtime": 251.12423729896545, "_step": 1, "test/loss": 1.5902985334396362, "test/origin_acc": 0.6070529222488403, "test/new_acc": 0.48551636934280396, "test/f1_macro": 0.4061407446861267, "test/wqKappa": 0.4338667392730713, "test/cnt_diff": 549.0, "test/cnt_correct_diff": 118.0, "epoch": 5, "trainer/global_step": 0, "_wandb": {"runtime": 250}}