{"test/conf_matrix": {"_type": "image-file", "sha256": "bd625f3994112d64d06da00697103d312bf3a1fad366b18620bfec0f3affe7e7", "size": 30246, "path": "media/images/test/conf_matrix_0_bd625f3994112d64d06d.png", "format": "png", "width": 1000, "height": 1000}, "_timestamp": 1661420399.0006933, "_runtime": 265.93902921676636, "_step": 1, "test/loss": 1.5902985334396362, "test/origin_acc": 0.6070529222488403, "test/new_acc": 0.5327455997467041, "test/f1_macro": 0.3833222985267639, "test/wqKappa": 0.4308817386627197, "test/cnt_diff": 341.0, "test/cnt_correct_diff": 67.0, "epoch": 5, "trainer/global_step": 0, "_wandb": {"runtime": 265}}