{"test/conf_matrix": {"_type": "image-file", "sha256": "b3d4d9539197478a1017a818a84063026e3eea225dc577b6a4d0150d46e6e51f", "size": 30214, "path": "media/images/test/conf_matrix_0_b3d4d9539197478a1017.png", "format": "png", "width": 1000, "height": 1000}, "_timestamp": 1661415583.7232294, "_runtime": 419.7570104598999, "_step": 1, "test/loss": 2.093094825744629, "test/origin_acc": 0.5560453534126282, "test/new_acc": 0.5831234455108643, "test/f1_macro": 0.38987019658088684, "test/wqKappa": 0.5728873014450073, "test/cnt_diff": 165.0, "test/cnt_correct_diff": 85.0, "epoch": 11, "trainer/global_step": 0, "_wandb": {"runtime": 420}}