{"test/conf_matrix": {"_type": "image-file", "sha256": "c5813940cc641e6c6e9e36a0ceef53a2c77c775c4f458076c351dde9315da8a3", "size": 27451, "path": "media/images/test/conf_matrix_0_c5813940cc641e6c6e9e.png", "format": "png", "width": 1000, "height": 1000}, "_timestamp": 1661404047.014294, "_runtime": 120.29766893386841, "_step": 1, "test/loss": 0.5979331135749817, "test/origin_acc": 0.8136826753616333, "test/new_acc": 0.8112567067146301, "test/f1_macro": 0.6094516515731812, "test/wqKappa": 0.7398316860198975, "test/cnt_diff": 13.0, "test/cnt_correct_diff": 3.0, "epoch": 15, "trainer/global_step": 0, "_wandb": {"runtime": 120}}