{"test/conf_matrix": {"_type": "image-file", "sha256": "a346db3dffac9f0d4cd3ac5eb6c5dc2253f459332ff19831ab487fc07c194471", "size": 29290, "path": "media/images/test/conf_matrix_0_a346db3dffac9f0d4cd3.png", "format": "png", "width": 1000, "height": 1000}, "_timestamp": 1661331578.3548374, "_runtime": 121.32506942749023, "_step": 1, "test/loss": 0.46994638442993164, "test/origin_acc": 0.8075471520423889, "test/new_acc": 0.7062893509864807, "test/f1_macro": 0.6787257194519043, "test/wqKappa": 0.8574975728988647, "test/cnt_diff": 286.0, "test/cnt_correct_diff": 59.0, "epoch": 8, "trainer/global_step": 0, "_wandb": {"runtime": 121}}