{"test/conf_matrix": {"_type": "image-file", "sha256": "4f55d20dd1874cadcb0a723f160085c89f72f7a18f2889e4e0a847b794ea9724", "size": 27446, "path": "media/images/test/conf_matrix_0_4f55d20dd1874cadcb0a.png", "format": "png", "width": 1000, "height": 1000}, "_timestamp": 1661339255.5336921, "_runtime": 110.15850019454956, "_step": 1, "test/loss": 0.3532443344593048, "test/origin_acc": 0.8658690452575684, "test/new_acc": 0.8652393221855164, "test/f1_macro": 0.8312158584594727, "test/wqKappa": 0.9327716827392578, "test/cnt_diff": 2.0, "test/cnt_correct_diff": 0.0, "epoch": 17, "trainer/global_step": 0, "_wandb": {"runtime": 109}}