{"test/conf_matrix": {"_type": "image-file", "sha256": "91a02fa7751bb7bb4cf31689917344dcc1b3f5446a8ef926e452a2af25f5ecde", "size": 30958, "path": "media/images/test/conf_matrix_0_91a02fa7751bb7bb4cf3.png", "format": "png", "width": 1000, "height": 1000}, "_timestamp": 1661460185.8514347, "_runtime": 81.52044582366943, "_step": 1, "test/loss": 3.2831687927246094, "test/origin_acc": 0.372795969247818, "test/new_acc": 0.32367756962776184, "test/f1_macro": 0.26872292160987854, "test/wqKappa": 0.09231501817703247, "test/cnt_diff": 375.0, "test/cnt_correct_diff": 95.0, "epoch": 5, "trainer/global_step": 0, "_wandb": {"runtime": 81}}