{"test/conf_matrix": {"_type": "image-file", "sha256": "6889431c342f3f9fb568b077cc557edbc8b1debbb1a7aba4d3f4942f9e17e190", "size": 30382, "path": "media/images/test/conf_matrix_0_6889431c342f3f9fb568.png", "format": "png", "width": 1000, "height": 1000}, "_timestamp": 1661457889.2315922, "_runtime": 131.40387225151062, "_step": 1, "test/loss": 3.2831687927246094, "test/origin_acc": 0.372795969247818, "test/new_acc": 0.27015113830566406, "test/f1_macro": 0.24176651239395142, "test/wqKappa": 0.05473935604095459, "test/cnt_diff": 759.0, "test/cnt_correct_diff": 166.0, "epoch": 5, "trainer/global_step": 0, "_wandb": {"runtime": 130}}