{"test/conf_matrix": {"_type": "image-file", "sha256": "29f6ef132a184bc69afebfea958be22abe54a9084775614be2bcd0f45946e767", "size": 30383, "path": "media/images/test/conf_matrix_0_29f6ef132a184bc69afe.png", "format": "png", "width": 1000, "height": 1000}, "_timestamp": 1661428362.1807613, "_runtime": 105.23203635215759, "_step": 1, "test/loss": 1.9362478256225586, "test/origin_acc": 0.5440806150436401, "test/new_acc": 0.5365239381790161, "test/f1_macro": 0.36385512351989746, "test/wqKappa": 0.5522133111953735, "test/cnt_diff": 45.0, "test/cnt_correct_diff": 10.0, "epoch": 11, "trainer/global_step": 0, "_wandb": {"runtime": 104}}