{"test/conf_matrix": {"_type": "image-file", "sha256": "f3566b976e583f4f4324128a0169133562bb2daca94433d6814ac83a40b19ea5", "size": 27734, "path": "media/images/test/conf_matrix_0_f3566b976e583f4f4324.png", "format": "png", "width": 1000, "height": 1000}, "_timestamp": 1661402158.374844, "_runtime": 137.62315917015076, "_step": 1, "test/loss": 0.5979331135749817, "test/origin_acc": 0.8136826753616333, "test/new_acc": 0.7971858382225037, "test/f1_macro": 0.5880460143089294, "test/wqKappa": 0.7301774024963379, "test/cnt_diff": 157.0, "test/cnt_correct_diff": 53.0, "epoch": 15, "trainer/global_step": 0, "_wandb": {"runtime": 137}}