{"test/conf_matrix": {"_type": "image-file", "sha256": "46cdbdbd3b8cca722584194fd6a50f4e7e66e8f1fe19fb2184c3f768830ff8fc", "size": 26299, "path": "media/images/test/conf_matrix_0_46cdbdbd3b8cca722584.png", "format": "png", "width": 1000, "height": 1000}, "_timestamp": 1661509868.6479123, "_runtime": 84.2627923488617, "_step": 1, "test/loss": 0.31992873549461365, "test/origin_acc": 0.8715365529060364, "test/new_acc": 0.8746851682662964, "test/f1_macro": 0.8386331796646118, "test/wqKappa": 0.9385592937469482, "test/cnt_diff": 31.0, "test/cnt_correct_diff": 17.0, "epoch": 6, "trainer/global_step": 0, "_wandb": {"runtime": 83}}