{"test/conf_matrix": {"_type": "image-file", "sha256": "758720c74d62d125e886749cd6ae7b6eb83e6653a344e68124dbf3fcca9fe587", "size": 28341, "path": "media/images/test/conf_matrix_0_758720c74d62d125e886.png", "format": "png", "width": 1000, "height": 1000}, "_timestamp": 1660719207.3195155, "_runtime": 238.5615575313568, "_step": 1, "test/loss": 0.5653321146965027, "test/origin_acc": 0.8330907821655273, "test/new_acc": 0.8340611457824707, "test/f1_macro": 0.6304687261581421, "test/wqKappa": 0.7725328207015991, "test/cnt_diff": 18.0, "test/cnt_correct_diff": 8.0, "epoch": 12, "trainer/global_step": 0, "_wandb": {"runtime": 241}}