{"test/conf_matrix": {"_type": "image-file", "sha256": "6561d8e9433381daa409aae2dae85c276969cdc1f05d41c486a890c8c38690b9", "size": 28210, "path": "media/images/test/conf_matrix_0_6561d8e9433381daa409.png", "format": "png", "width": 1000, "height": 1000}, "_timestamp": 1661478028.6173403, "_runtime": 152.60185742378235, "_step": 1, "test/loss": 0.5617218017578125, "test/origin_acc": 0.8286407589912415, "test/new_acc": 0.8300970792770386, "test/f1_macro": 0.6230038404464722, "test/wqKappa": 0.7656242847442627, "test/cnt_diff": 6.0, "test/cnt_correct_diff": 4.0, "epoch": 10, "trainer/global_step": 0, "_wandb": {"runtime": 153}}