{"test/conf_matrix": {"_type": "image-file", "sha256": "3b36be344941599230d061831eebd8b5e3535b512574400c39d91be411f9074f", "size": 26602, "path": "media/images/test/conf_matrix_0_3b36be344941599230d0.png", "format": "png", "width": 1000, "height": 1000}, "_timestamp": 1661883872.160291, "_runtime": 283.6143469810486, "_step": 1, "test/loss": 0.37694475054740906, "test/origin_acc": 0.8394206762313843, "test/new_acc": 0.8306045532226562, "test/f1_macro": 0.7925071716308594, "test/wqKappa": 0.9210318326950073, "test/cnt_diff": 58.0, "test/cnt_correct_diff": 22.0, "epoch": 2, "trainer/global_step": 0, "_wandb": {"runtime": 283}}