{"test/conf_matrix": {"_type": "image-file", "sha256": "1d4eba6be4205381418459dc47d240a2b4d44a90f5a213bcf164d2bfea55732f", "size": 26085, "path": "media/images/test/conf_matrix_0_1d4eba6be42053814184.png", "format": "png", "width": 1000, "height": 1000}, "_timestamp": 1660667230.0924668, "_runtime": 252.368145942688, "_step": 1, "test/loss": 0.3087417483329773, "test/origin_acc": 0.8916876316070557, "test/new_acc": 0.47858941555023193, "test/f1_macro": 0.427853524684906, "test/wqKappa": 0.8040147423744202, "test/cnt_diff": 808.0, "test/cnt_correct_diff": 50.0, "epoch": 8, "trainer/global_step": 0, "_wandb": {"runtime": 252}}