{"test/loss": 0.918946385383606, "test/acc": 0.748110830783844, "test/f1_macro": 0.44591015577316284, "test/wqKappa": 0.8626428246498108, "epoch": 14, "trainer/global_step": 0, "_timestamp": 1656332296, "_runtime": 102, "_step": 0, "_wandb": {"runtime": 102}}