{"test/conf_matrix": {"_type": "image-file", "sha256": "7c0170d3318a0ce5c9d4dbecbaf3e0925406d04d039a1249b4500b69dd41849f", "size": 27697, "path": "media/images/test/conf_matrix_0_7c0170d3318a0ce5c9d4.png", "format": "png", "width": 1000, "height": 1000}, "_timestamp": 1661490218.4279578, "_runtime": 133.87557077407837, "_step": 1, "test/loss": 0.567625880241394, "test/origin_acc": 0.825728178024292, "test/new_acc": 0.8271844387054443, "test/f1_macro": 0.6292146444320679, "test/wqKappa": 0.781194806098938, "test/cnt_diff": 76.0, "test/cnt_correct_diff": 37.0, "epoch": 5, "trainer/global_step": 0, "_wandb": {"runtime": 133}}