{"test/conf_matrix": {"_type": "image-file", "sha256": "ee696b39d68e60d0f1f08c65092b031c2522648cdd397ea4d04f96c0082b5db5", "size": 27473, "path": "media/images/test/conf_matrix_0_ee696b39d68e60d0f1f0.png", "format": "png", "width": 1000, "height": 1000}, "_timestamp": 1661329514.1406329, "_runtime": 157.621337890625, "_step": 1, "test/loss": 0.31017082929611206, "test/origin_acc": 0.8753148317337036, "test/new_acc": 0.8646095991134644, "test/f1_macro": 0.8314681053161621, "test/wqKappa": 0.93709397315979, "test/cnt_diff": 73.0, "test/cnt_correct_diff": 28.0, "epoch": 7, "trainer/global_step": 0, "_wandb": {"runtime": 157}}