{"test/conf_matrix": {"_type": "image-file", "sha256": "800f8e295ee594d62ea01415002db31d14cbcf19e071ca635a1c11d8ca714645", "size": 31193, "path": "media/images/test/conf_matrix_0_800f8e295ee594d62ea0.png", "format": "png", "width": 1000, "height": 1000}, "_timestamp": 1661460783.0179508, "_runtime": 141.06764483451843, "_step": 1, "test/loss": 3.2831687927246094, "test/origin_acc": 0.372795969247818, "test/new_acc": 0.27015113830566406, "test/f1_macro": 0.24170467257499695, "test/wqKappa": 0.05761373043060303, "test/cnt_diff": 749.0, "test/cnt_correct_diff": 164.0, "epoch": 5, "trainer/global_step": 0, "_wandb": {"runtime": 141}}