{"test/conf_matrix": {"_type": "image-file", "sha256": "da041f43a61d1f2615d7bb0bc47a3fde6948bd5f73b92738a867fb2b9b61228c", "size": 30943, "path": "media/images/test/conf_matrix_0_da041f43a61d1f2615d7.png", "format": "png", "width": 1000, "height": 1000}, "_timestamp": 1661427588.00729, "_runtime": 278.8946099281311, "_step": 1, "test/loss": 2.3457894325256348, "test/origin_acc": 0.4401763081550598, "test/new_acc": 0.3482367694377899, "test/f1_macro": 0.25931161642074585, "test/wqKappa": 0.3439784646034241, "test/cnt_diff": 1017.0, "test/cnt_correct_diff": 290.0, "epoch": 2, "trainer/global_step": 0, "_wandb": {"runtime": 279}}