{"test/conf_matrix": {"_type": "image-file", "sha256": "abeb6615f93479cd52ece9f860c50c0c2572b89c8d67c323781b8242560b4ec7", "size": 26769, "path": "media/images/test/conf_matrix_0_abeb6615f93479cd52ec.png", "format": "png", "width": 1000, "height": 1000}, "_timestamp": 1661328657.2290425, "_runtime": 81.93310356140137, "_step": 1, "test/loss": 0.31017082929611206, "test/origin_acc": 0.8753148317337036, "test/new_acc": 0.8740554451942444, "test/f1_macro": 0.8402833938598633, "test/wqKappa": 0.9408969283103943, "test/cnt_diff": 2.0, "test/cnt_correct_diff": 0.0, "epoch": 7, "trainer/global_step": 0, "_wandb": {"runtime": 80}}