{"test/conf_matrix": {"_type": "image-file", "sha256": "15bebbeb45956ebdc5d2dbc1c0f4d7062167a056aacd94de82843f86d845c0d1", "size": 30539, "path": "media/images/test/conf_matrix_0_15bebbeb45956ebdc5d2.png", "format": "png", "width": 1000, "height": 1000}, "_timestamp": 1661451477.4560852, "_runtime": 172.3630771636963, "_step": 1, "test/loss": 0.8180785775184631, "test/origin_acc": 0.6161831021308899, "test/new_acc": 0.5933003425598145, "test/f1_macro": 0.5319796800613403, "test/wqKappa": 0.5150699615478516, "test/cnt_diff": 767.0, "test/cnt_correct_diff": 281.0, "epoch": 5, "trainer/global_step": 0, "_wandb": {"runtime": 171}}