{"test/conf_matrix": {"_type": "image-file", "sha256": "b75decd3e74324c7bff2ed58b173ce7248840ad7d0ac1dfde2eb709cd354b1d0", "size": 27300, "path": "media/images/test/conf_matrix_0_b75decd3e74324c7bff2.png", "format": "png", "width": 1000, "height": 1000}, "_timestamp": 1661328551.1328654, "_runtime": 89.96662640571594, "_step": 1, "test/loss": 0.31017082929611206, "test/origin_acc": 0.8753148317337036, "test/new_acc": 0.8734257221221924, "test/f1_macro": 0.8395894765853882, "test/wqKappa": 0.9405685067176819, "test/cnt_diff": 3.0, "test/cnt_correct_diff": 0.0, "epoch": 7, "trainer/global_step": 0, "_wandb": {"runtime": 89}}