{"test/conf_matrix": {"_type": "image-file", "sha256": "0edf1d700ae0f3bd46890b3e823a94ac0711be2d5366c097282eb66835b1ed47", "size": 30131, "path": "media/images/test/conf_matrix_0_0edf1d700ae0f3bd4689.png", "format": "png", "width": 1000, "height": 1000}, "_timestamp": 1661460783.1445029, "_runtime": 138.75514698028564, "_step": 1, "test/loss": 0.7218735218048096, "test/origin_acc": 0.6959188580513, "test/new_acc": 0.6959188580513, "test/f1_macro": 0.5970556735992432, "test/wqKappa": 0.6032066345214844, "test/cnt_diff": 185.0, "test/cnt_correct_diff": 86.0, "epoch": 7, "trainer/global_step": 0, "_wandb": {"runtime": 138}}