{"test/conf_matrix": {"_type": "image-file", "sha256": "f7c936802605e53a905957df3a28040781aa5ae8caf4865a88ee9589707eaee5", "size": 30878, "path": "media/images/test/conf_matrix_0_f7c936802605e53a9059.png", "format": "png", "width": 1000, "height": 1000}, "_timestamp": 1661459354.7504656, "_runtime": 142.0042107105255, "_step": 1, "test/loss": 0.7218735218048096, "test/origin_acc": 0.6959188580513, "test/new_acc": 0.6900212168693542, "test/f1_macro": 0.6059691309928894, "test/wqKappa": 0.6218546628952026, "test/cnt_diff": 474.0, "test/cnt_correct_diff": 216.0, "epoch": 7, "trainer/global_step": 0, "_wandb": {"runtime": 141}}