{"test/conf_matrix": {"_type": "image-file", "sha256": "35de102dc584d7064c0423c7ae4053bcd80009a4b3661459073727653fdf9a1e", "size": 29720, "path": "media/images/test/conf_matrix_0_35de102dc584d7064c04.png", "format": "png", "width": 1000, "height": 1000}, "_timestamp": 1661457097.9307318, "_runtime": 137.34512281417847, "_step": 1, "test/loss": 0.8598936796188354, "test/origin_acc": 0.5937721133232117, "test/new_acc": 0.6199575662612915, "test/f1_macro": 0.5531232357025146, "test/wqKappa": 0.5490438938140869, "test/cnt_diff": 571.0, "test/cnt_correct_diff": 292.0, "epoch": 1, "trainer/global_step": 0, "_wandb": {"runtime": 137}}