{"test/conf_matrix": {"_type": "image-file", "sha256": "82aca6a58db1b0e34f655d946f9d02bb22a5a57d76b93f7e4ba51b99870eed4b", "size": 26482, "path": "media/images/test/conf_matrix_0_82aca6a58db1b0e34f65.png", "format": "png", "width": 1000, "height": 1000}, "_timestamp": 1661509271.0320296, "_runtime": 79.58752059936523, "_step": 1, "test/loss": 0.31992873549461365, "test/origin_acc": 0.8715365529060364, "test/new_acc": 0.8721662759780884, "test/f1_macro": 0.8393135666847229, "test/wqKappa": 0.9357500076293945, "test/cnt_diff": 1.0, "test/cnt_correct_diff": 1.0, "epoch": 6, "trainer/global_step": 0, "_wandb": {"runtime": 79}}