{"test/conf_matrix": {"_type": "image-file", "sha256": "957bddecee707ab347b94162f06fe56a13d1f7295e1c6302b7b0ad9310419850", "size": 27559, "path": "media/images/test/conf_matrix_0_957bddecee707ab347b9.png", "format": "png", "width": 1000, "height": 1000}, "_timestamp": 1661326608.6125348, "_runtime": 119.4981517791748, "_step": 1, "test/loss": 0.31017082929611206, "test/origin_acc": 0.8753148317337036, "test/new_acc": 0.8476070761680603, "test/f1_macro": 0.8123622536659241, "test/wqKappa": 0.9296239614486694, "test/cnt_diff": 112.0, "test/cnt_correct_diff": 34.0, "epoch": 7, "trainer/global_step": 0, "_wandb": {"runtime": 118}}