{"test/conf_matrix": {"_type": "image-file", "sha256": "e4237d65e50012404275310567e2719a61e3861d32d0b0ca3a31d74e0dd50273", "size": 27304, "path": "media/images/test/conf_matrix_0_e4237d65e50012404275.png", "format": "png", "width": 1000, "height": 1000}, "_timestamp": 1660296862.4963338, "_runtime": 183.8916459083557, "_step": 1, "test/loss": 0.6062291860580444, "test/origin_acc": 0.8277535438537598, "test/new_acc": 0.8277535438537598, "test/f1_macro": 0.6227316856384277, "test/wqKappa": 0.7614892721176147, "test/cnt_diff": 5.0, "test/cnt_correct_diff": 2.0, "epoch": 7, "trainer/global_step": 0, "_wandb": {"runtime": 184}}