{"test/conf_matrix": {"_type": "image-file", "sha256": "a730c61bdc72856cd10fce175a6c326f24dbd245d47417244f8435a772a92286", "size": 27091, "path": "media/images/test/conf_matrix_0_a730c61bdc72856cd10f.png", "format": "png", "width": 1000, "height": 1000}, "_timestamp": 1661328345.0195613, "_runtime": 102.4702672958374, "_step": 1, "test/loss": 0.35823777318000793, "test/origin_acc": 0.8526448607444763, "test/new_acc": 0.8589420914649963, "test/f1_macro": 0.827068567276001, "test/wqKappa": 0.9326120615005493, "test/cnt_diff": 12.0, "test/cnt_correct_diff": 11.0, "epoch": 5, "trainer/global_step": 0, "_wandb": {"runtime": 102}}