{"test/conf_matrix": {"_type": "image-file", "sha256": "efb8267c5c8e584a7c01125ab7da9d4e4280bdf21468bad893645b1d0eb6f9e1", "size": 27067, "path": "media/images/test/conf_matrix_0_efb8267c5c8e584a7c01.png", "format": "png", "width": 1000, "height": 1000}, "_timestamp": 1661894644.9739099, "_runtime": 164.89273595809937, "_step": 1, "test/loss": 0.32275402545928955, "test/origin_acc": 0.8633501529693604, "test/new_acc": 0.8633501529693604, "test/f1_macro": 0.8257986307144165, "test/wqKappa": 0.9322693943977356, "test/cnt_diff": 0.0, "test/cnt_correct_diff": 0.0, "epoch": 3, "trainer/global_step": 0, "_wandb": {"runtime": 165}}