{"test/conf_matrix": {"_type": "image-file", "sha256": "62e7bf64932e276b8fb14424e3ec6ed9ad526a6f1831d05f62a85d05473d9d61", "size": 29224, "path": "media/images/test/conf_matrix_0_62e7bf64932e276b8fb1.png", "format": "png", "width": 1000, "height": 1000}, "_timestamp": 1661427733.2042878, "_runtime": 217.95432567596436, "_step": 1, "test/loss": 1.9362478256225586, "test/origin_acc": 0.5440806150436401, "test/new_acc": 0.5270780920982361, "test/f1_macro": 0.3578706383705139, "test/wqKappa": 0.5262115001678467, "test/cnt_diff": 97.0, "test/cnt_correct_diff": 20.0, "epoch": 11, "trainer/global_step": 0, "_wandb": {"runtime": 217}}