{"test/conf_matrix": {"_type": "image-file", "sha256": "5f53cd3f56dc11760e2cbf736073f867987881be17a8ea691c529676b2ef5938", "size": 30182, "path": "media/images/test/conf_matrix_0_5f53cd3f56dc11760e2c.png", "format": "png", "width": 1000, "height": 1000}, "_timestamp": 1661443048.4103117, "_runtime": 148.13989973068237, "_step": 1, "test/loss": 2.0962419509887695, "test/origin_acc": 0.4666246771812439, "test/new_acc": 0.4596977233886719, "test/f1_macro": 0.29078638553619385, "test/wqKappa": 0.10837066173553467, "test/cnt_diff": 112.0, "test/cnt_correct_diff": 25.0, "epoch": 3, "trainer/global_step": 0, "_wandb": {"runtime": 148}}