{"test/conf_matrix": {"_type": "image-file", "sha256": "2f1880234e454ea2fb77eb0c49946f80d90152929a6632dd2e38a545f6391ccf", "size": 25643, "path": "media/images/test/conf_matrix_0_2f1880234e454ea2fb77.png", "format": "png", "width": 1000, "height": 1000}, "_timestamp": 1660663382.990203, "_runtime": 220.92978501319885, "_step": 1, "test/loss": 0.3087417483329773, "test/origin_acc": 0.8916876316070557, "test/new_acc": 0.8891687393188477, "test/f1_macro": 0.8515323996543884, "test/wqKappa": 0.946259617805481, "test/cnt_diff": 4.0, "test/cnt_correct_diff": 0.0, "epoch": 8, "trainer/global_step": 0, "_wandb": {"runtime": 220}}