{"test/conf_matrix": {"_type": "image-file", "sha256": "229f8929f755829d76ea58300ddc1e57a48d04e09a7e10ddb21b7b890475cfb7", "size": 25808, "path": "media/images/test/conf_matrix_0_229f8929f755829d76ea.png", "format": "png", "width": 1000, "height": 1000}, "_timestamp": 1661406460.7515976, "_runtime": 124.46597576141357, "_step": 1, "test/loss": 0.28993910551071167, "test/origin_acc": 0.8929470777511597, "test/new_acc": 0.8910579085350037, "test/f1_macro": 0.8552237749099731, "test/wqKappa": 0.9478096961975098, "test/cnt_diff": 3.0, "test/cnt_correct_diff": 0.0, "epoch": 6, "trainer/global_step": 0, "_wandb": {"runtime": 124}}