{"test/conf_matrix": {"_type": "image-file", "sha256": "2ae05f63f4420bdada2dddbea18fc1ddc55eadced568816209f42c2384dc5f9d", "size": 30695, "path": "media/images/test/conf_matrix_0_2ae05f63f4420bdada2d.png", "format": "png", "width": 1000, "height": 1000}, "_timestamp": 1661408225.8821197, "_runtime": 251.00700759887695, "_step": 1, "test/loss": 2.093094825744629, "test/origin_acc": 0.5560453534126282, "test/new_acc": 0.506926953792572, "test/f1_macro": 0.3702607750892639, "test/wqKappa": 0.47151196002960205, "test/cnt_diff": 728.0, "test/cnt_correct_diff": 251.0, "epoch": 11, "trainer/global_step": 0, "_wandb": {"runtime": 250}}