{"test/conf_matrix": {"_type": "image-file", "sha256": "d162163ac07ef9f8f6146022e9137c473bd7299c458b79ac8c76dfb5c00286b2", "size": 26671, "path": "media/images/test/conf_matrix_0_d162163ac07ef9f8f614.png", "format": "png", "width": 1000, "height": 1000}, "_timestamp": 1661338206.8132474, "_runtime": 71.41450834274292, "_step": 1, "test/loss": 0.36290663480758667, "test/origin_acc": 0.8465409278869629, "test/new_acc": 0.842138409614563, "test/f1_macro": 0.8043673038482666, "test/wqKappa": 0.9260658025741577, "test/cnt_diff": 55.0, "test/cnt_correct_diff": 24.0, "epoch": 7, "trainer/global_step": 0, "_wandb": {"runtime": 71}}