{"test/conf_matrix": {"_type": "image-file", "sha256": "28d791d5a630083b6798a270c1677f074c8bcecad2623a8d000a9c70d7579d1a", "size": 26079, "path": "media/images/test/conf_matrix_0_28d791d5a630083b6798.png", "format": "png", "width": 1000, "height": 1000}, "_timestamp": 1661927303.5359092, "_runtime": 149.46989011764526, "_step": 1, "test/loss": 0.31758856773376465, "test/origin_acc": 0.8759445548057556, "test/new_acc": 0.8746851682662964, "test/f1_macro": 0.8305509090423584, "test/wqKappa": 0.939452588558197, "test/cnt_diff": 4.0, "test/cnt_correct_diff": 1.0, "epoch": 4, "trainer/global_step": 0, "_wandb": {"runtime": 151}}