{"test/conf_matrix": {"_type": "image-file", "sha256": "d18f5d470a31f016be1fb1f990a4e2ac54240972bd06ef9ca743b1d943c53241", "size": 25725, "path": "media/images/test/conf_matrix_0_d18f5d470a31f016be1f.png", "format": "png", "width": 1000, "height": 1000}, "_timestamp": 1661406276.8126175, "_runtime": 91.01534461975098, "_step": 1, "test/loss": 0.28993910551071167, "test/origin_acc": 0.8929470777511597, "test/new_acc": 0.8916876316070557, "test/f1_macro": 0.856225848197937, "test/wqKappa": 0.9481094479560852, "test/cnt_diff": 4.0, "test/cnt_correct_diff": 1.0, "epoch": 6, "trainer/global_step": 0, "_wandb": {"runtime": 90}}