{"test/conf_matrix": {"_type": "image-file", "sha256": "299eff913cc3e4494d8d7613ddd37ace623f380397caa36a344215d7acbb2758", "size": 28576, "path": "media/images/test/conf_matrix_0_299eff913cc3e4494d8d.png", "format": "png", "width": 1000, "height": 1000}, "_timestamp": 1661424039.8029528, "_runtime": 215.26805782318115, "_step": 1, "test/loss": 0.5796024799346924, "test/origin_acc": 0.823871910572052, "test/new_acc": 0.8204755187034607, "test/f1_macro": 0.6048761606216431, "test/wqKappa": 0.7338053584098816, "test/cnt_diff": 25.0, "test/cnt_correct_diff": 7.0, "epoch": 8, "trainer/global_step": 0, "_wandb": {"runtime": 215}}