{"test/conf_matrix": {"_type": "image-file", "sha256": "6cacd1659b5c3b6e03ea4d88ffb794ccaba4c7e66b622b2eadcb0ef64116ecf7", "size": 27810, "path": "media/images/test/conf_matrix_0_6cacd1659b5c3b6e03ea.png", "format": "png", "width": 1000, "height": 1000}, "_timestamp": 1661880973.8114614, "_runtime": 190.00261640548706, "_step": 1, "test/loss": 0.33733710646629333, "test/origin_acc": 0.8570529222488403, "test/new_acc": 0.8595718145370483, "test/f1_macro": 0.8066714406013489, "test/wqKappa": 0.9304727911949158, "test/cnt_diff": 10.0, "test/cnt_correct_diff": 7.0, "epoch": 2, "trainer/global_step": 0, "_wandb": {"runtime": 190}}