{"test/conf_matrix": {"_type": "image-file", "sha256": "219a857b214f33d914c6867169b1a1a5d8979f15c9bbae329e607d1e4b4148a8", "size": 28223, "path": "media/images/test/conf_matrix_0_219a857b214f33d914c6.png", "format": "png", "width": 1000, "height": 1000}, "_timestamp": 1661334256.7928903, "_runtime": 81.34675240516663, "_step": 1, "test/loss": 0.36475446820259094, "test/origin_acc": 0.8339622616767883, "test/new_acc": 0.8276730179786682, "test/f1_macro": 0.7979134917259216, "test/wqKappa": 0.9184631109237671, "test/cnt_diff": 107.0, "test/cnt_correct_diff": 48.0, "epoch": 7, "trainer/global_step": 0, "_wandb": {"runtime": 81}}