{"test/conf_matrix": {"_type": "image-file", "sha256": "a0cafe9ecc85043d0997021607653e2c3c5c77ea081510880ce632488c938926", "size": 27253, "path": "media/images/test/conf_matrix_0_a0cafe9ecc85043d0997.png", "format": "png", "width": 1000, "height": 1000}, "_timestamp": 1661333643.5708036, "_runtime": 134.2312207221985, "_step": 1, "test/loss": 0.32888326048851013, "test/origin_acc": 0.8652393221855164, "test/new_acc": 0.8602015376091003, "test/f1_macro": 0.8210551738739014, "test/wqKappa": 0.9349997043609619, "test/cnt_diff": 37.0, "test/cnt_correct_diff": 14.0, "epoch": 4, "trainer/global_step": 0, "_wandb": {"runtime": 133}}