{"test/conf_matrix": {"_type": "image-file", "sha256": "3ec271bc4785d94634db5ce2b6228fe6bab6e3276ddd4b332f788a011483d830", "size": 28199, "path": "media/images/test/conf_matrix_0_3ec271bc4785d94634db.png", "format": "png", "width": 1000, "height": 1000}, "_timestamp": 1661425780.5301864, "_runtime": 245.16762948036194, "_step": 1, "test/loss": 0.5796024799346924, "test/origin_acc": 0.823871910572052, "test/new_acc": 0.8219311237335205, "test/f1_macro": 0.6063854694366455, "test/wqKappa": 0.7378225326538086, "test/cnt_diff": 7.0, "test/cnt_correct_diff": 0.0, "epoch": 8, "trainer/global_step": 0, "_wandb": {"runtime": 245}}