{"test/conf_matrix": {"_type": "image-file", "sha256": "f4b215f22de1d03a84acd9a0ce239cd797dc10e1ec4f3d72f835c4cf85294d79", "size": 29344, "path": "media/images/test/conf_matrix_0_f4b215f22de1d03a84ac.png", "format": "png", "width": 1000, "height": 1000}, "_timestamp": 1661331702.8154612, "_runtime": 92.30447816848755, "_step": 1, "test/loss": 0.46994638442993164, "test/origin_acc": 0.8075471520423889, "test/new_acc": 0.6918239593505859, "test/f1_macro": 0.6659924983978271, "test/wqKappa": 0.8503807783126831, "test/cnt_diff": 309.0, "test/cnt_correct_diff": 59.0, "epoch": 8, "trainer/global_step": 0, "_wandb": {"runtime": 92}}