{"test/conf_matrix": {"_type": "image-file", "sha256": "63a5920b11e32143a154495b9e92bc0d91af7d2f2a25958d2ecfbb81cff75d1c", "size": 27127, "path": "media/images/test/conf_matrix_0_63a5920b11e32143a154.png", "format": "png", "width": 1000, "height": 1000}, "_timestamp": 1661402463.5463717, "_runtime": 128.69017362594604, "_step": 1, "test/loss": 0.5979331135749817, "test/origin_acc": 0.8136826753616333, "test/new_acc": 0.7967007160186768, "test/f1_macro": 0.5889097452163696, "test/wqKappa": 0.7305382490158081, "test/cnt_diff": 154.0, "test/cnt_correct_diff": 51.0, "epoch": 15, "trainer/global_step": 0, "_wandb": {"runtime": 128}}