{"test/conf_matrix": {"_type": "image-file", "sha256": "f21cc02f80e09fcc0ec8a1d7fba7087ef27fd199f15680fa8f1f8319ca014d58", "size": 30764, "path": "media/images/test/conf_matrix_0_f21cc02f80e09fcc0ec8.png", "format": "png", "width": 1000, "height": 1000}, "_timestamp": 1661459670.175643, "_runtime": 144.11339592933655, "_step": 1, "test/loss": 0.7218735218048096, "test/origin_acc": 0.6959188580513, "test/new_acc": 0.6916725635528564, "test/f1_macro": 0.6065759658813477, "test/wqKappa": 0.6211117506027222, "test/cnt_diff": 459.0, "test/cnt_correct_diff": 212.0, "epoch": 7, "trainer/global_step": 0, "_wandb": {"runtime": 144}}