{"test/conf_matrix": {"_type": "image-file", "sha256": "5de83df1b1fce3390b75a36396a46ade252b1ecff27479bdb11d124d02926d18", "size": 25672, "path": "media/images/test/conf_matrix_0_5de83df1b1fce3390b75.png", "format": "png", "width": 1000, "height": 1000}, "_timestamp": 1660208301.455058, "_runtime": 112.82832407951355, "_step": 1, "test/loss": 0.3087417483329773, "test/origin_acc": 0.8916876316070557, "test/new_acc": 0.8816120624542236, "test/f1_macro": 0.835345447063446, "test/wqKappa": 0.9428451061248779, "test/cnt_diff": 54.0, "test/cnt_correct_diff": 18.0, "epoch": 8, "trainer/global_step": 0, "_wandb": {"runtime": 113}}