{"test/conf_matrix": {"_type": "image-file", "sha256": "caabab2545f3f4db28d6f69954d8f0d3d94d8837f0d18646fec1c99fab5e6f34", "size": 30458, "path": "media/images/test/conf_matrix_0_caabab2545f3f4db28d6.png", "format": "png", "width": 1000, "height": 1000}, "_timestamp": 1661428736.4080644, "_runtime": 87.3724672794342, "_step": 1, "test/loss": 1.9362478256225586, "test/origin_acc": 0.5440806150436401, "test/new_acc": 0.5302267074584961, "test/f1_macro": 0.3721535801887512, "test/wqKappa": 0.5036005973815918, "test/cnt_diff": 217.0, "test/cnt_correct_diff": 71.0, "epoch": 11, "trainer/global_step": 0, "_wandb": {"runtime": 87}}