{"test/conf_matrix": {"_type": "image-file", "sha256": "d650c06cf9f865a835e7c7cd42d7d79c9f05c632a24df76b65bdc941ef123e70", "size": 27120, "path": "media/images/test/conf_matrix_0_d650c06cf9f865a835e7.png", "format": "png", "width": 1000, "height": 1000}, "_timestamp": 1661349078.0817335, "_runtime": 298.1758713722229, "_step": 1, "test/loss": 0.3830234110355377, "test/origin_acc": 0.8283019065856934, "test/new_acc": 0.7591195106506348, "test/f1_macro": 0.7325185537338257, "test/wqKappa": 0.8957793116569519, "test/cnt_diff": 261.0, "test/cnt_correct_diff": 73.0, "epoch": 15, "trainer/global_step": 0, "_wandb": {"runtime": 300}}