{"test/conf_matrix": {"_type": "image-file", "sha256": "056049d592203843af6e66d7583e208086ad13887b2eccbd215460c92a8056ba", "size": 26908, "path": "media/images/test/conf_matrix_0_056049d592203843af6e.png", "format": "png", "width": 1000, "height": 1000}, "_timestamp": 1661479647.261765, "_runtime": 131.22307109832764, "_step": 1, "test/loss": 0.5793511271476746, "test/origin_acc": 0.832524299621582, "test/new_acc": 0.8281553387641907, "test/f1_macro": 0.6262096166610718, "test/wqKappa": 0.7811610102653503, "test/cnt_diff": 13.0, "test/cnt_correct_diff": 0.0, "epoch": 11, "trainer/global_step": 0, "_wandb": {"runtime": 131}}