{"test/features": {"_type": "table-file", "sha256": "55d527c3e721c1decf4f0eb3b5320ff7e09933bc3117b7a58847f6e3a3b423cc", "size": 11061011, "artifact_path": "wandb-client-artifact://dbob6x0f94a322lhyn3ih8xw4qdfumwqw8ix4eu8j2kvodzshoal1l4oe4h2r6z5s1feikw8ovvmmwf07lue9oriczw4sqq4aa1s3iv9tkpqh3cjjw93zncrft49pm5l:latest/test/features.table.json", "_latest_artifact_path": "wandb-client-artifact://dbob6x0f94a322lhyn3ih8xw4qdfumwqw8ix4eu8j2kvodzshoal1l4oe4h2r6z5s1feikw8ovvmmwf07lue9oriczw4sqq4aa1s3iv9tkpqh3cjjw93zncrft49pm5l:latest/test/features.table.json", "path": "media/table/test/features_0_55d527c3e721c1decf4f.table.json", "ncols": 1025, "nrows": 530}, "_timestamp": 1657096493, "_runtime": 133, "_step": 1, "test/loss": 0.8608250617980957, "test/loss_4cls": 0.6852389574050903, "test/loss_triplet": 0.7023442387580872, "test/acc": 0.7490565776824951, "test/f1_macro": 0.4465504288673401, "test/wqKappa": 0.86607426404953, "epoch": 6, "trainer/global_step": 0, "_wandb": {"runtime": 134}}