{"test/conf_matrix": {"_type": "image-file", "sha256": "eb16520304ec203a98214f18c1faa903d8f2129278ff4f67951153ab8c7d1c3c", "size": 30149, "path": "media/images/test/conf_matrix_0_eb16520304ec203a9821.png", "format": "png", "width": 1000, "height": 1000}, "_timestamp": 1661435132.9383588, "_runtime": 137.05799984931946, "_step": 1, "test/loss": 2.1597023010253906, "test/origin_acc": 0.49370276927948, "test/new_acc": 0.517002522945404, "test/f1_macro": 0.35964155197143555, "test/wqKappa": 0.5293908715248108, "test/cnt_diff": 96.0, "test/cnt_correct_diff": 56.0, "epoch": 10, "trainer/global_step": 0, "_wandb": {"runtime": 138}}