{"test/conf_matrix": {"_type": "image-file", "sha256": "cf6f466702fa30ec5444472a0650fdf7550c81f1a811b5095d90585a52b571dc", "size": 26868, "path": "media/images/test/conf_matrix_0_cf6f466702fa30ec5444.png", "format": "png", "width": 1000, "height": 1000}, "_timestamp": 1661400273.41241, "_runtime": 134.577388048172, "_step": 1, "test/loss": 0.3241216242313385, "test/origin_acc": 0.8627204298973083, "test/new_acc": 0.8646095991134644, "test/f1_macro": 0.8307331800460815, "test/wqKappa": 0.935449481010437, "test/cnt_diff": 9.0, "test/cnt_correct_diff": 6.0, "epoch": 6, "trainer/global_step": 0, "_wandb": {"runtime": 135}}