{"test/conf_matrix": {"_type": "image-file", "sha256": "b5d742c412b6f9847fd063fe6b34f7d95e7e2703bd00b16b217e225d969fc3f8", "size": 26986, "path": "media/images/test/conf_matrix_0_b5d742c412b6f9847fd0.png", "format": "png", "width": 1000, "height": 1000}, "_timestamp": 1661479493.6410942, "_runtime": 143.7892711162567, "_step": 1, "test/loss": 0.5793511271476746, "test/origin_acc": 0.832524299621582, "test/new_acc": 0.8296116590499878, "test/f1_macro": 0.6280935406684875, "test/wqKappa": 0.7823405265808105, "test/cnt_diff": 12.0, "test/cnt_correct_diff": 1.0, "epoch": 11, "trainer/global_step": 0, "_wandb": {"runtime": 143}}