{"test/conf_matrix": {"_type": "image-file", "sha256": "0436bd2f65072802d63005546d8757ac21638f572e662122ab6c4f9f9bd1ddc6", "size": 27762, "path": "media/images/test/conf_matrix_0_0436bd2f65072802d630.png", "format": "png", "width": 1000, "height": 1000}, "_timestamp": 1660644869.7782993, "_runtime": 215.35910725593567, "_step": 1, "test/loss": 0.6062291860580444, "test/origin_acc": 0.8277535438537598, "test/new_acc": 0.8267831206321716, "test/f1_macro": 0.6208553314208984, "test/wqKappa": 0.7620561122894287, "test/cnt_diff": 12.0, "test/cnt_correct_diff": 4.0, "epoch": 7, "trainer/global_step": 0, "_wandb": {"runtime": 215}}