{"test/conf_matrix": {"_type": "image-file", "sha256": "821d7f47ff4b70b9e7ab12efdf13d216416c2eec54a51c3bad398e926f346f99", "size": 29544, "path": "media/images/test/conf_matrix_0_821d7f47ff4b70b9e7ab.png", "format": "png", "width": 1000, "height": 1000}, "_timestamp": 1661438734.3302517, "_runtime": 416.95616364479065, "_step": 1, "test/loss": 0.6964133977890015, "test/origin_acc": 0.6936511397361755, "test/new_acc": 0.6809062957763672, "test/f1_macro": 0.608249306678772, "test/wqKappa": 0.6138743758201599, "test/cnt_diff": 666.0, "test/cnt_correct_diff": 292.0, "epoch": 8, "trainer/global_step": 0, "_wandb": {"runtime": 417}}