{"test/conf_matrix": {"_type": "image-file", "sha256": "e8ad90334f752f3c2a1c2362018f9912d1e9d48b242bf9f2aff0a118a3444a0e", "size": 30960, "path": "media/images/test/conf_matrix_0_e8ad90334f752f3c2a1c.png", "format": "png", "width": 1000, "height": 1000}, "_timestamp": 1661457421.8932028, "_runtime": 143.6285228729248, "_step": 1, "test/loss": 0.8598936796188354, "test/origin_acc": 0.5937721133232117, "test/new_acc": 0.6216089129447937, "test/f1_macro": 0.5530766248703003, "test/wqKappa": 0.5503189563751221, "test/cnt_diff": 965.0, "test/cnt_correct_diff": 481.0, "epoch": 1, "trainer/global_step": 0, "_wandb": {"runtime": 142}}