{"test/conf_matrix": {"_type": "image-file", "sha256": "9dfd4e715bf9c94f533053403d0784a20d22c807b20fdad2b7816196a7dedc8a", "size": 25515, "path": "media/images/test/conf_matrix_0_9dfd4e715bf9c94f5330.png", "format": "png", "width": 1000, "height": 1000}, "_timestamp": 1660141138.4844372, "_runtime": 224.7698621749878, "_step": 1, "test/loss": 0.3087417483329773, "test/origin_acc": 0.8916876316070557, "test/new_acc": 0.8904281854629517, "test/f1_macro": 0.852967381477356, "test/wqKappa": 0.9467834234237671, "test/cnt_diff": 2.0, "test/cnt_correct_diff": 0.0, "epoch": 8, "trainer/global_step": 0, "_wandb": {"runtime": 227}}