{"test/conf_matrix": {"_type": "image-file", "sha256": "4df7787dfcf6eef24829a07b922498f0a08ddec8fe99bb54938f09db96e52380", "size": 29389, "path": "media/images/test/conf_matrix_0_4df7787dfcf6eef24829.png", "format": "png", "width": 1000, "height": 1000}, "_timestamp": 1660312097.6561868, "_runtime": 436.32650089263916, "_step": 1, "test/loss": 0.3462877571582794, "test/origin_acc": 0.8710532188415527, "test/new_acc": 0.8713291883468628, "test/f1_macro": 0.7890889644622803, "test/wqKappa": 0.9285326600074768, "test/cnt_diff": 32.0, "test/cnt_correct_diff": 13.0, "epoch": 1, "trainer/global_step": 0, "_wandb": {"runtime": 436}}