{"test/conf_matrix": {"_type": "image-file", "sha256": "302d60f4b45c89778246d36910f2647c02642afe3c4aad317aa784abc14e4e9e", "size": 30924, "path": "media/images/test/conf_matrix_0_302d60f4b45c89778246.png", "format": "png", "width": 1000, "height": 1000}, "_timestamp": 1661445745.1903765, "_runtime": 149.8548424243927, "_step": 1, "test/loss": 2.620410442352295, "test/origin_acc": 0.250629723072052, "test/new_acc": 0.2808564305305481, "test/f1_macro": 0.24154505133628845, "test/wqKappa": -0.3481466770172119, "test/cnt_diff": 769.0, "test/cnt_correct_diff": 199.0, "epoch": 0, "trainer/global_step": 0, "_wandb": {"runtime": 149}}