{"test/conf_matrix": {"_type": "image-file", "sha256": "aee341f721d99a6406d2b27c7cd3e5b1e75f8ac7175b5758f740a2fbbe9e3f77", "size": 31400, "path": "media/images/test/conf_matrix_0_aee341f721d99a6406d2.png", "format": "png", "width": 1000, "height": 1000}, "_timestamp": 1660653474.8799186, "_runtime": 712.26904463768, "_step": 1, "test/loss": 0.6168479919433594, "test/origin_acc": 0.7463871836662292, "test/new_acc": 0.7373352646827698, "test/f1_macro": 0.6970109939575195, "test/wqKappa": 0.6822769641876221, "test/cnt_diff": 176.0, "test/cnt_correct_diff": 55.0, "epoch": 5, "trainer/global_step": 0, "_wandb": {"runtime": 712}}