{"test/conf_matrix": {"_type": "image-file", "sha256": "2bbd2e425c5358dbcf7406de559bd0430852bea02707027e69aaaf4860b74ab2", "size": 26677, "path": "media/images/test/conf_matrix_0_2bbd2e425c5358dbcf74.png", "format": "png", "width": 1000, "height": 1000}, "_timestamp": 1661329069.633312, "_runtime": 128.6332619190216, "_step": 1, "test/loss": 0.35823777318000793, "test/origin_acc": 0.8526448607444763, "test/new_acc": 0.8526448607444763, "test/f1_macro": 0.8241828083992004, "test/wqKappa": 0.931225597858429, "test/cnt_diff": 87.0, "test/cnt_correct_diff": 43.0, "epoch": 5, "trainer/global_step": 0, "_wandb": {"runtime": 128}}