{"test/conf_matrix": {"_type": "image-file", "sha256": "dc21c1e69bbac0bbb08773449d6dcf34ab631007cdbc730e3d7bc43aab6fd4f9", "size": 26651, "path": "media/images/test/conf_matrix_0_dc21c1e69bbac0bbb087.png", "format": "png", "width": 1000, "height": 1000}, "_timestamp": 1660207992.071342, "_runtime": 114.93417406082153, "_step": 1, "test/loss": 0.3087417483329773, "test/origin_acc": 0.8916876316070557, "test/new_acc": 0.8891687393188477, "test/f1_macro": 0.8474998474121094, "test/wqKappa": 0.9465397596359253, "test/cnt_diff": 33.0, "test/cnt_correct_diff": 14.0, "epoch": 8, "trainer/global_step": 0, "_wandb": {"runtime": 115}}