{"test/conf_matrix": {"_type": "image-file", "sha256": "0532dddde0070c73f6a14ecff67724da9d8e01c636a327fd23c37da4c6724cab", "size": 30122, "path": "media/images/test/conf_matrix_0_0532dddde0070c73f6a1.png", "format": "png", "width": 1000, "height": 1000}, "_timestamp": 1660298043.9528174, "_runtime": 299.04185152053833, "_step": 1, "test/loss": 0.8469985723495483, "test/origin_acc": 0.6933962106704712, "test/new_acc": 0.6936320662498474, "test/f1_macro": 0.6257920861244202, "test/wqKappa": 0.620985209941864, "test/cnt_diff": 10.0, "test/cnt_correct_diff": 4.0, "epoch": 7, "trainer/global_step": 0, "_wandb": {"runtime": 299}}