{"test/conf_matrix": {"_type": "image-file", "sha256": "acb6269db3f811f714898e839115bf5bbace152df255dd78ed4bf612e59d28d9", "size": 26750, "path": "media/images/test/conf_matrix_0_acb6269db3f811f71489.png", "format": "png", "width": 1000, "height": 1000}, "_timestamp": 1661894012.2867053, "_runtime": 172.81744027137756, "_step": 1, "test/loss": 0.32275402545928955, "test/origin_acc": 0.8633501529693604, "test/new_acc": 0.8639798760414124, "test/f1_macro": 0.8262969255447388, "test/wqKappa": 0.9324378371238708, "test/cnt_diff": 3.0, "test/cnt_correct_diff": 2.0, "epoch": 3, "trainer/global_step": 0, "_wandb": {"runtime": 173}}