{"test/conf_matrix": {"_type": "image-file", "sha256": "45d9d20d2626353bf7be663d15705047a0422f9e6f452579534855856241e133", "size": 30982, "path": "media/images/test/conf_matrix_0_45d9d20d2626353bf7be.png", "format": "png", "width": 1000, "height": 1000}, "_timestamp": 1661444916.6839688, "_runtime": 141.06396079063416, "_step": 1, "test/loss": 2.620410442352295, "test/origin_acc": 0.250629723072052, "test/new_acc": 0.30163729190826416, "test/f1_macro": 0.2561863660812378, "test/wqKappa": -0.32606256008148193, "test/cnt_diff": 479.0, "test/cnt_correct_diff": 151.0, "epoch": 0, "trainer/global_step": 0, "_wandb": {"runtime": 142}}