{"test/conf_matrix": {"_type": "image-file", "sha256": "70588ed3c488b414a6cd139490d4d235ec83fe4b60559a2b51fecd832c10ca21", "size": 26635, "path": "media/images/test/conf_matrix_0_70588ed3c488b414a6cd.png", "format": "png", "width": 1000, "height": 1000}, "_timestamp": 1661327576.8322363, "_runtime": 104.34553337097168, "_step": 1, "test/loss": 0.35823777318000793, "test/origin_acc": 0.8526448607444763, "test/new_acc": 0.8513854146003723, "test/f1_macro": 0.8238475322723389, "test/wqKappa": 0.9306429028511047, "test/cnt_diff": 111.0, "test/cnt_correct_diff": 54.0, "epoch": 5, "trainer/global_step": 0, "_wandb": {"runtime": 104}}