{"test/conf_matrix": {"_type": "image-file", "sha256": "9517ada4acf6ee8ddab838d6e8084ec4b4cba7c14fe39826117492f588cee8e1", "size": 26315, "path": "media/images/test/conf_matrix_0_9517ada4acf6ee8ddab8.png", "format": "png", "width": 1000, "height": 1000}, "_timestamp": 1660720222.3182292, "_runtime": 147.51952528953552, "_step": 1, "test/loss": 0.4080449938774109, "test/acc": 0.891823947429657, "test/acc_compare": 0.844025194644928, "test/f1_macro": 0.8552553653717041, "test/wqKappa": 0.9482864737510681, "epoch": 8, "trainer/global_step": 0, "_wandb": {"runtime": 146}}