{"test/conf_matrix": {"_type": "image-file", "sha256": "7dc0980460780cd1416b206538b3c43de99c71ba8ee49fd3952acb0ce53ec072", "size": 28771, "path": "media/images/test/conf_matrix_0_7dc0980460780cd1416b.png", "format": "png", "width": 1000, "height": 1000}, "_timestamp": 1661324641.509669, "_runtime": 80.31539607048035, "_step": 1, "test/loss": 0.5756698250770569, "test/origin_acc": 0.7811321020126343, "test/new_acc": 0.5081761479377747, "test/f1_macro": 0.4616905152797699, "test/wqKappa": 0.6536118984222412, "test/cnt_diff": 631.0, "test/cnt_correct_diff": 82.0, "epoch": 8, "trainer/global_step": 0, "_wandb": {"runtime": 80}}