{"test/conf_matrix": {"_type": "image-file", "sha256": "d3eb9ec66ebed8b7cf58fd67b85ffb2b91fad51947c635c930a16583e0123033", "size": 30625, "path": "media/images/test/conf_matrix_0_d3eb9ec66ebed8b7cf58.png", "format": "png", "width": 1000, "height": 1000}, "_timestamp": 1661425268.8089595, "_runtime": 315.76571440696716, "_step": 1, "test/loss": 1.9362478256225586, "test/origin_acc": 0.5440806150436401, "test/new_acc": 0.501259446144104, "test/f1_macro": 0.3852408826351166, "test/wqKappa": 0.46591848134994507, "test/cnt_diff": 466.0, "test/cnt_correct_diff": 152.0, "epoch": 11, "trainer/global_step": 0, "_wandb": {"runtime": 314}}