{"test/conf_matrix": {"_type": "image-file", "sha256": "191a7c3ed2d45c99583273786c7194b4de286292e083a36a0327546db70bab35", "size": 30622, "path": "media/images/test/conf_matrix_0_191a7c3ed2d45c995832.png", "format": "png", "width": 1000, "height": 1000}, "_timestamp": 1661427862.77017, "_runtime": 242.9306390285492, "_step": 1, "test/loss": 2.3457894325256348, "test/origin_acc": 0.4401763081550598, "test/new_acc": 0.35453400015830994, "test/f1_macro": 0.2620481252670288, "test/wqKappa": 0.3472951650619507, "test/cnt_diff": 1133.0, "test/cnt_correct_diff": 339.0, "epoch": 2, "trainer/global_step": 0, "_wandb": {"runtime": 242}}