{"test/conf_matrix": {"_type": "image-file", "sha256": "33b876afe44ef85fc27dea476a3ce20bf92afc224878ece8d79689630f435748", "size": 27670, "path": "media/images/test/conf_matrix_0_33b876afe44ef85fc27d.png", "format": "png", "width": 1000, "height": 1000}, "_timestamp": 1661402596.2917414, "_runtime": 202.41653633117676, "_step": 1, "test/loss": 0.6740458607673645, "test/origin_acc": 0.7850558757781982, "test/new_acc": 0.7831149697303772, "test/f1_macro": 0.5715296268463135, "test/wqKappa": 0.6920956373214722, "test/cnt_diff": 9.0, "test/cnt_correct_diff": 2.0, "epoch": 10, "trainer/global_step": 0, "_wandb": {"runtime": 202}}