{"test/conf_matrix": {"_type": "image-file", "sha256": "ecd0c8fe5a760d77ea71959262a81272c73474fc32914003af6c7be5dd3ba166", "size": 28015, "path": "media/images/test/conf_matrix_0_ecd0c8fe5a760d77ea71.png", "format": "png", "width": 1000, "height": 1000}, "_timestamp": 1661334661.840456, "_runtime": 116.48752903938293, "_step": 1, "test/loss": 0.2952144742012024, "test/origin_acc": 0.8797228932380676, "test/new_acc": 0.8784634470939636, "test/f1_macro": 0.841670572757721, "test/wqKappa": 0.9426716566085815, "test/cnt_diff": 77.0, "test/cnt_correct_diff": 37.0, "epoch": 12, "trainer/global_step": 0, "_wandb": {"runtime": 115}}