{"test/conf_matrix": {"_type": "image-file", "sha256": "fd8301cd13c146ec723223358c876fa8e106181b9539f06322b11c805ae55f1e", "size": 31249, "path": "media/images/test/conf_matrix_0_fd8301cd13c146ec7232.png", "format": "png", "width": 1000, "height": 1000}, "_timestamp": 1660647377.1845508, "_runtime": 945.2821788787842, "_step": 1, "test/loss": 0.6168479919433594, "test/origin_acc": 0.7463871836662292, "test/new_acc": 0.7347943186759949, "test/f1_macro": 0.6982890367507935, "test/wqKappa": 0.6871658563613892, "test/cnt_diff": 362.0, "test/cnt_correct_diff": 140.0, "epoch": 5, "trainer/global_step": 0, "_wandb": {"runtime": 946}}