{"test/conf_matrix": {"_type": "image-file", "sha256": "e18ef8611ca60f1e18c586eda7af4e42f2f8c112bce5c614aa1d74285500f6df", "size": 30660, "path": "media/images/test/conf_matrix_0_e18ef8611ca60f1e18c5.png", "format": "png", "width": 1000, "height": 1000}, "_timestamp": 1661429245.800472, "_runtime": 101.3674111366272, "_step": 1, "test/loss": 1.9362478256225586, "test/origin_acc": 0.5440806150436401, "test/new_acc": 0.497481107711792, "test/f1_macro": 0.3815648853778839, "test/wqKappa": 0.46490228176116943, "test/cnt_diff": 479.0, "test/cnt_correct_diff": 155.0, "epoch": 11, "trainer/global_step": 0, "_wandb": {"runtime": 101}}