{"test/conf_matrix": {"_type": "image-file", "sha256": "233bd1715d2e5010b4677a73e1d2afa6be6c9d21fd3250583807556cdf633402", "size": 30284, "path": "media/images/test/conf_matrix_0_233bd1715d2e5010b467.png", "format": "png", "width": 1000, "height": 1000}, "_timestamp": 1661459544.678936, "_runtime": 77.89316010475159, "_step": 1, "test/loss": 3.2831687927246094, "test/origin_acc": 0.372795969247818, "test/new_acc": 0.36272040009498596, "test/f1_macro": 0.272367000579834, "test/wqKappa": 0.03781098127365112, "test/cnt_diff": 55.0, "test/cnt_correct_diff": 12.0, "epoch": 5, "trainer/global_step": 0, "_wandb": {"runtime": 78}}