{"test/conf_matrix": {"_type": "image-file", "sha256": "be869c7d735e6d9d8a88683d022f6593241c3de040bc75f0110ca6695df7677a", "size": 27411, "path": "media/images/test/conf_matrix_0_be869c7d735e6d9d8a88.png", "format": "png", "width": 1000, "height": 1000}, "_timestamp": 1661342304.2731926, "_runtime": 277.9049117565155, "_step": 1, "test/loss": 0.3830234110355377, "test/origin_acc": 0.8283019065856934, "test/new_acc": 0.8088050484657288, "test/f1_macro": 0.7609827518463135, "test/wqKappa": 0.913286566734314, "test/cnt_diff": 88.0, "test/cnt_correct_diff": 26.0, "epoch": 15, "trainer/global_step": 0, "_wandb": {"runtime": 278}}