{"test/conf_matrix": {"_type": "image-file", "sha256": "954172934321b09a33b28db0f12801b34c525467f9a00c03768d4073ea638c3a", "size": 26919, "path": "media/images/test/conf_matrix_0_954172934321b09a33b2.png", "format": "png", "width": 1000, "height": 1000}, "_timestamp": 1661478865.5921803, "_runtime": 164.09016132354736, "_step": 1, "test/loss": 0.557793915271759, "test/origin_acc": 0.8131067752838135, "test/new_acc": 0.7936893105506897, "test/f1_macro": 0.6024855375289917, "test/wqKappa": 0.7519240379333496, "test/cnt_diff": 103.0, "test/cnt_correct_diff": 27.0, "epoch": 2, "trainer/global_step": 0, "_wandb": {"runtime": 163}}