{"test/conf_matrix": {"_type": "image-file", "sha256": "2370d5bd9cee879ee17a5bcfff4e99933c13cab196a24481d0625381996073c9", "size": 26734, "path": "media/images/test/conf_matrix_0_2370d5bd9cee879ee17a.png", "format": "png", "width": 1000, "height": 1000}, "_timestamp": 1661480130.6628718, "_runtime": 144.55939173698425, "_step": 1, "test/loss": 0.5793511271476746, "test/origin_acc": 0.832524299621582, "test/new_acc": 0.8266990184783936, "test/f1_macro": 0.626615047454834, "test/wqKappa": 0.7856548428535461, "test/cnt_diff": 51.0, "test/cnt_correct_diff": 15.0, "epoch": 11, "trainer/global_step": 0, "_wandb": {"runtime": 144}}