{"test/conf_matrix": {"_type": "image-file", "sha256": "d7b7d7cef25433b88e205e37bbcc5752353e0a9d4d2868e4048bfca668899db5", "size": 30319, "path": "media/images/test/conf_matrix_0_d7b7d7cef25433b88e20.png", "format": "png", "width": 1000, "height": 1000}, "_timestamp": 1661424607.185956, "_runtime": 258.036896944046, "_step": 1, "test/loss": 2.3457894325256348, "test/origin_acc": 0.4401763081550598, "test/new_acc": 0.4414357542991638, "test/f1_macro": 0.2866140604019165, "test/wqKappa": 0.31540513038635254, "test/cnt_diff": 146.0, "test/cnt_correct_diff": 58.0, "epoch": 2, "trainer/global_step": 0, "_wandb": {"runtime": 258}}