{"test/conf_matrix": {"_type": "image-file", "sha256": "5a541d40079c01d6caef4af97954d705d74fbb179f6cac315673e9b3f5418067", "size": 27122, "path": "media/images/test/conf_matrix_0_5a541d40079c01d6caef.png", "format": "png", "width": 1000, "height": 1000}, "_timestamp": 1661478216.750226, "_runtime": 156.30990290641785, "_step": 1, "test/loss": 0.5137186646461487, "test/origin_acc": 0.8466019630432129, "test/new_acc": 0.8470873832702637, "test/f1_macro": 0.6350801587104797, "test/wqKappa": 0.8049894571304321, "test/cnt_diff": 2.0, "test/cnt_correct_diff": 1.0, "epoch": 10, "trainer/global_step": 0, "_wandb": {"runtime": 156}}