{"test/conf_matrix": {"_type": "image-file", "sha256": "002f77a6a88b3e26bf24a59f4c4e5c8696a40f915b28a29c47b57cc5e97c1561", "size": 30186, "path": "media/images/test/conf_matrix_0_002f77a6a88b3e26bf24.png", "format": "png", "width": 1000, "height": 1000}, "_timestamp": 1661451770.575486, "_runtime": 328.97479796409607, "_step": 1, "test/loss": 0.663868248462677, "test/origin_acc": 0.7158367037773132, "test/new_acc": 0.7004956603050232, "test/f1_macro": 0.627088725566864, "test/wqKappa": 0.625761091709137, "test/cnt_diff": 505.0, "test/cnt_correct_diff": 205.0, "epoch": 3, "trainer/global_step": 0, "_wandb": {"runtime": 329}}