{"test/conf_matrix": {"_type": "image-file", "sha256": "8adfc80ef181ba8c880de5bcaadaa039abb32b7f4884bd0ef682ac1baaad09cd", "size": 30023, "path": "media/images/test/conf_matrix_0_8adfc80ef181ba8c880d.png", "format": "png", "width": 1000, "height": 1000}, "_timestamp": 1658787857, "_runtime": 1324, "_step": 1, "test/loss": 0.7740350365638733, "test/origin_acc": 0.6854648590087891, "test/new_acc": 0.6864086985588074, "test/f1_macro": 0.6063187718391418, "test/wqKappa": 0.5770105123519897, "epoch": 4, "trainer/global_step": 0, "_wandb": {"runtime": 1325}}