{"test/conf_matrix": {"_type": "image-file", "sha256": "574505cde735cfafbd56f168b97536db82ea134904ac3b3d3eec9b5362824135", "size": 26700, "path": "media/images/test/conf_matrix_0_574505cde735cfafbd56.png", "format": "png", "width": 1000, "height": 1000}, "_timestamp": 1661477949.9431238, "_runtime": 146.17078971862793, "_step": 1, "test/loss": 0.5793511271476746, "test/origin_acc": 0.832524299621582, "test/new_acc": 0.8237864375114441, "test/f1_macro": 0.6210589408874512, "test/wqKappa": 0.7830103635787964, "test/cnt_diff": 64.0, "test/cnt_correct_diff": 18.0, "epoch": 11, "trainer/global_step": 0, "_wandb": {"runtime": 146}}