{"test/conf_matrix": {"_type": "image-file", "sha256": "a33cc8c9b1b5f4682cc2fe1872125ee22a21c5ab55a76754dfc98e6375874187", "size": 28106, "path": "media/images/test/conf_matrix_0_a33cc8c9b1b5f4682cc2.png", "format": "png", "width": 1000, "height": 1000}, "_timestamp": 1661488659.344914, "_runtime": 125.70711398124695, "_step": 1, "test/loss": 0.567625880241394, "test/origin_acc": 0.825728178024292, "test/new_acc": 0.8247572779655457, "test/f1_macro": 0.6299295425415039, "test/wqKappa": 0.7813031673431396, "test/cnt_diff": 16.0, "test/cnt_correct_diff": 5.0, "epoch": 5, "trainer/global_step": 0, "_wandb": {"runtime": 125}}