{"test/conf_matrix": {"_type": "image-file", "sha256": "5cab4eb60323b6b5aa8f7993e721d23a214b7494587fbbd4ea7ce891567453ef", "size": 26954, "path": "media/images/test/conf_matrix_0_5cab4eb60323b6b5aa8f.png", "format": "png", "width": 1000, "height": 1000}, "_timestamp": 1660665315.0494282, "_runtime": 209.6465401649475, "_step": 1, "test/loss": 0.3087417483329773, "test/origin_acc": 0.8916876316070557, "test/new_acc": 0.8872795701026917, "test/f1_macro": 0.8445411324501038, "test/wqKappa": 0.9442787170410156, "test/cnt_diff": 40.0, "test/cnt_correct_diff": 15.0, "epoch": 8, "trainer/global_step": 0, "_wandb": {"runtime": 210}}