{"test/conf_matrix": {"_type": "image-file", "sha256": "b0ed469f1e31090c8ec3c3bcee0ebf41d370535bd67bfddd6b9c6fbc0a7f1113", "size": 27168, "path": "media/images/test/conf_matrix_0_b0ed469f1e31090c8ec3.png", "format": "png", "width": 1000, "height": 1000}, "_timestamp": 1660296050.3010879, "_runtime": 198.33480596542358, "_step": 1, "test/loss": 0.6062291860580444, "test/origin_acc": 0.8277535438537598, "test/new_acc": 0.8253275156021118, "test/f1_macro": 0.6213060617446899, "test/wqKappa": 0.7586376070976257, "test/cnt_diff": 12.0, "test/cnt_correct_diff": 3.0, "epoch": 7, "trainer/global_step": 0, "_wandb": {"runtime": 199}}