{"test/conf_matrix": {"_type": "image-file", "sha256": "e7a9263a06f3fe4717ec40a96581c7e04c9b68a4e81032e91c9f7ce13f2b085c", "size": 30783, "path": "media/images/test/conf_matrix_0_e7a9263a06f3fe4717ec.png", "format": "png", "width": 1000, "height": 1000}, "_timestamp": 1660117990.8135602, "_runtime": 651.8560593128204, "_step": 1, "test/loss": 0.34628796577453613, "test/origin_acc": 0.8710532188415527, "test/new_acc": 0.8709428310394287, "test/f1_macro": 0.7889432311058044, "test/wqKappa": 0.9290496110916138, "test/cnt_diff": 62.0, "test/cnt_correct_diff": 24.0, "epoch": 1, "trainer/global_step": 0, "_wandb": {"runtime": 652}}