{"test/conf_matrix": {"_type": "image-file", "sha256": "0df88fb4effb24fd1e86d673e46cb3a4863e4db252e7a6f06682752e3ad9eca2", "size": 28920, "path": "media/images/test/conf_matrix_0_0df88fb4effb24fd1e86.png", "format": "png", "width": 1000, "height": 1000}, "_timestamp": 1661453974.3886597, "_runtime": 229.35992169380188, "_step": 1, "test/loss": 0.663868248462677, "test/origin_acc": 0.7158367037773132, "test/new_acc": 0.7189049124717712, "test/f1_macro": 0.6366318464279175, "test/wqKappa": 0.629562258720398, "test/cnt_diff": 100.0, "test/cnt_correct_diff": 48.0, "epoch": 3, "trainer/global_step": 0, "_wandb": {"runtime": 228}}