{"test/conf_matrix": {"_type": "image-file", "sha256": "c88cad9fada239248d05465bc5fc95c6f14533312d4c30ccb830a586c0fb3125", "size": 31452, "path": "media/images/test/conf_matrix_0_c88cad9fada239248d05.png", "format": "png", "width": 1000, "height": 1000}, "_timestamp": 1660146569.0545533, "_runtime": 314.0716471672058, "_step": 1, "test/loss": 0.6168479919433594, "test/origin_acc": 0.7463871836662292, "test/new_acc": 0.7447991371154785, "test/f1_macro": 0.699444591999054, "test/wqKappa": 0.684140145778656, "test/cnt_diff": 34.0, "test/cnt_correct_diff": 10.0, "epoch": 5, "trainer/global_step": 0, "_wandb": {"runtime": 313}}