{"test/conf_matrix": {"_type": "image-file", "sha256": "4f2e8642859eb6145652e344620d60c9f664cef23efb853398d655d34bf23e08", "size": 29860, "path": "media/images/test/conf_matrix_0_4f2e8642859eb6145652.png", "format": "png", "width": 1000, "height": 1000}, "_timestamp": 1661412823.6478539, "_runtime": 287.99928879737854, "_step": 1, "test/loss": 2.093094825744629, "test/origin_acc": 0.5560453534126282, "test/new_acc": 0.5887909531593323, "test/f1_macro": 0.3944697082042694, "test/wqKappa": 0.5873850584030151, "test/cnt_diff": 139.0, "test/cnt_correct_diff": 86.0, "epoch": 11, "trainer/global_step": 0, "_wandb": {"runtime": 287}}