{"test/conf_matrix": {"_type": "image-file", "sha256": "56901d08cc0497596b35cb77aa194e7782440c432467b75a159794234968cdeb", "size": 27283, "path": "media/images/test/conf_matrix_0_56901d08cc0497596b35.png", "format": "png", "width": 1000, "height": 1000}, "_timestamp": 1660137368.4633965, "_runtime": 161.1324815750122, "_step": 1, "test/loss": 0.3087417483329773, "test/origin_acc": 0.8916876316070557, "test/new_acc": 0.8211587071418762, "test/f1_macro": 0.7519098520278931, "test/wqKappa": 0.9121147394180298, "test/cnt_diff": 182.0, "test/cnt_correct_diff": 29.0, "epoch": 8, "trainer/global_step": 0, "_wandb": {"runtime": 161}}