{"test/conf_matrix": {"_type": "image-file", "sha256": "b7c9ba00edc3df5b2619c97e8507f24a6aaa6b68021046f3d2b37c4c25aa5682", "size": 29990, "path": "media/images/test/conf_matrix_0_b7c9ba00edc3df5b2619.png", "format": "png", "width": 1000, "height": 1000}, "_timestamp": 1661435740.279311, "_runtime": 139.77164483070374, "_step": 1, "test/loss": 2.1597023010253906, "test/origin_acc": 0.49370276927948, "test/new_acc": 0.505037784576416, "test/f1_macro": 0.34536123275756836, "test/wqKappa": 0.5135900974273682, "test/cnt_diff": 74.0, "test/cnt_correct_diff": 36.0, "epoch": 10, "trainer/global_step": 0, "_wandb": {"runtime": 140}}