{"test/conf_matrix": {"_type": "image-file", "sha256": "7e8bb0a8fea1902ee6d037b9146f20fbec11f603ad27503c3fe1c77da1d8c890", "size": 26368, "path": "media/images/test/conf_matrix_0_7e8bb0a8fea1902ee6d0.png", "format": "png", "width": 1000, "height": 1000}, "_timestamp": 1660207679.115254, "_runtime": 115.4436948299408, "_step": 1, "test/loss": 0.3087417483329773, "test/origin_acc": 0.8916876316070557, "test/new_acc": 0.8916876316070557, "test/f1_macro": 0.8546215891838074, "test/wqKappa": 0.9482061266899109, "test/cnt_diff": 0.0, "test/cnt_correct_diff": 0.0, "epoch": 8, "trainer/global_step": 0, "_wandb": {"runtime": 115}}