{"test/conf_matrix": {"_type": "image-file", "sha256": "38971fdfea5ab60c930d2e5b23eff3f361be3edfab7c68c65683b8909cbad0b2", "size": 30030, "path": "media/images/test/conf_matrix_0_38971fdfea5ab60c930d.png", "format": "png", "width": 1000, "height": 1000}, "_timestamp": 1661408774.2340193, "_runtime": 261.05676436424255, "_step": 1, "test/loss": 2.093094825744629, "test/origin_acc": 0.5560453534126282, "test/new_acc": 0.5302267074584961, "test/f1_macro": 0.38117995858192444, "test/wqKappa": 0.4923325777053833, "test/cnt_diff": 616.0, "test/cnt_correct_diff": 223.0, "epoch": 11, "trainer/global_step": 0, "_wandb": {"runtime": 261}}