{"test/conf_matrix": {"_type": "image-file", "sha256": "6bb94cd0fed67e84bba6658b229f8c8fe750b8ab4d91ca567f4fd6537b1b49d6", "size": 26873, "path": "media/images/test/conf_matrix_0_6bb94cd0fed67e84bba6.png", "format": "png", "width": 1000, "height": 1000}, "_timestamp": 1661333968.6478784, "_runtime": 127.2564594745636, "_step": 1, "test/loss": 0.2952144742012024, "test/origin_acc": 0.8797228932380676, "test/new_acc": 0.8790931701660156, "test/f1_macro": 0.8442135453224182, "test/wqKappa": 0.9429078698158264, "test/cnt_diff": 32.0, "test/cnt_correct_diff": 15.0, "epoch": 12, "trainer/global_step": 0, "_wandb": {"runtime": 126}}