{"test/conf_matrix": {"_type": "image-file", "sha256": "b04f098c8386c8423efdac1d6180bb318573ee7e393281230982ea294c647e80", "size": 28118, "path": "media/images/test/conf_matrix_0_b04f098c8386c8423efd.png", "format": "png", "width": 1000, "height": 1000}, "_timestamp": 1661403368.5131993, "_runtime": 116.91077136993408, "_step": 1, "test/loss": 0.5979331135749817, "test/origin_acc": 0.8136826753616333, "test/new_acc": 0.8020378351211548, "test/f1_macro": 0.602207601070404, "test/wqKappa": 0.7364465594291687, "test/cnt_diff": 77.0, "test/cnt_correct_diff": 20.0, "epoch": 15, "trainer/global_step": 0, "_wandb": {"runtime": 116}}