{"test/conf_matrix": {"_type": "image-file", "sha256": "92e2a8fecf59b535e6f8c85420e6b7b05fd56d5e527ef551a7a415af49665301", "size": 30146, "path": "media/images/test/conf_matrix_0_92e2a8fecf59b535e6f8.png", "format": "png", "width": 1000, "height": 1000}, "_timestamp": 1658735112, "_runtime": 534, "_step": 1, "test/loss": 0.7740350365638733, "test/origin_acc": 0.6854648590087891, "test/new_acc": 0.6859367489814758, "test/f1_macro": 0.6029399633407593, "test/wqKappa": 0.5713510513305664, "epoch": 4, "trainer/global_step": 0, "_wandb": {"runtime": 535}}