{"test/conf_matrix": {"_type": "image-file", "sha256": "6ecbd33606079e685462aea9aead3a70e2c7fe2c010a570e37ecfb14acff2d4d", "size": 30489, "path": "media/images/test/conf_matrix_0_6ecbd33606079e685462.png", "format": "png", "width": 1000, "height": 1000}, "_timestamp": 1661461111.720781, "_runtime": 140.51494908332825, "_step": 1, "test/loss": 3.2831687927246094, "test/origin_acc": 0.372795969247818, "test/new_acc": 0.22292190790176392, "test/f1_macro": 0.20060384273529053, "test/wqKappa": -0.025884628295898438, "test/cnt_diff": 1027.0, "test/cnt_correct_diff": 183.0, "epoch": 5, "trainer/global_step": 0, "_wandb": {"runtime": 139}}