{"test/conf_matrix": {"_type": "image-file", "sha256": "3d07174f9ea4c941c49f1e4fb8697149341114fcaa6e35c6128ee4330615eb9d", "size": 29264, "path": "media/images/test/conf_matrix_0_3d07174f9ea4c941c49f.png", "format": "png", "width": 1000, "height": 1000}, "_timestamp": 1661415114.7867568, "_runtime": 385.58459281921387, "_step": 1, "test/loss": 2.093094825744629, "test/origin_acc": 0.5560453534126282, "test/new_acc": 0.5793451070785522, "test/f1_macro": 0.3867620825767517, "test/wqKappa": 0.5673181414604187, "test/cnt_diff": 105.0, "test/cnt_correct_diff": 60.0, "epoch": 11, "trainer/global_step": 0, "_wandb": {"runtime": 386}}