{"test/conf_matrix": {"_type": "image-file", "sha256": "78781c6f05fe59b985f57e77c1d8f1d1f2b70841897b9d229431ae31256efbb0", "size": 29816, "path": "media/images/test/conf_matrix_0_78781c6f05fe59b985f5.png", "format": "png", "width": 1000, "height": 1000}, "_timestamp": 1661442427.7942033, "_runtime": 149.04275918006897, "_step": 1, "test/loss": 2.0962419509887695, "test/origin_acc": 0.4666246771812439, "test/new_acc": 0.45843827724456787, "test/f1_macro": 0.29640981554985046, "test/wqKappa": 0.1270514726638794, "test/cnt_diff": 148.0, "test/cnt_correct_diff": 33.0, "epoch": 3, "trainer/global_step": 0, "_wandb": {"runtime": 149}}