{"test/conf_matrix": {"_type": "image-file", "sha256": "ac66c19297ad6305ffa81453e29207a7a8927c274fe4a3fa4ab0f7ea4312cd5c", "size": 29374, "path": "media/images/test/conf_matrix_0_ac66c19297ad6305ffa8.png", "format": "png", "width": 1000, "height": 1000}, "_timestamp": 1661418808.1938603, "_runtime": 401.6222484111786, "_step": 1, "test/loss": 1.5902985334396362, "test/origin_acc": 0.6070529222488403, "test/new_acc": 0.6020151376724243, "test/f1_macro": 0.4113297462463379, "test/wqKappa": 0.5697005987167358, "test/cnt_diff": 70.0, "test/cnt_correct_diff": 21.0, "epoch": 5, "trainer/global_step": 0, "_wandb": {"runtime": 401}}