{"test/conf_matrix": {"_type": "image-file", "sha256": "84ab26da4c5ac5e0fab61b95436650740211e48a2fde81a8c15706b3333f1db2", "size": 30656, "path": "media/images/test/conf_matrix_0_84ab26da4c5ac5e0fab6.png", "format": "png", "width": 1000, "height": 1000}, "_timestamp": 1661427005.1619358, "_runtime": 244.79235887527466, "_step": 1, "test/loss": 2.3457894325256348, "test/origin_acc": 0.4401763081550598, "test/new_acc": 0.366498738527298, "test/f1_macro": 0.2675788402557373, "test/wqKappa": 0.3341218829154968, "test/cnt_diff": 777.0, "test/cnt_correct_diff": 214.0, "epoch": 2, "trainer/global_step": 0, "_wandb": {"runtime": 244}}