{"test/conf_matrix": {"_type": "image-file", "sha256": "fbdc72c531f1a8553af689bc1d953da0add38ac9f446681be9e8882eabb6d2e0", "size": 27076, "path": "media/images/test/conf_matrix_0_fbdc72c531f1a8553af6.png", "format": "png", "width": 1000, "height": 1000}, "_timestamp": 1661883814.8365304, "_runtime": 458.11263942718506, "_step": 1, "test/loss": 0.33733710646629333, "test/origin_acc": 0.8570529222488403, "test/new_acc": 0.8494962453842163, "test/f1_macro": 0.7922573685646057, "test/wqKappa": 0.9294682145118713, "test/cnt_diff": 86.0, "test/cnt_correct_diff": 36.0, "epoch": 2, "trainer/global_step": 0, "_wandb": {"runtime": 458}}