{"test/conf_matrix": {"_type": "image-file", "sha256": "ec60487481ff260ca7fa71588cc1006853af81c411674487ec414994c8c88e03", "size": 28143, "path": "media/images/test/conf_matrix_0_ec60487481ff260ca7fa.png", "format": "png", "width": 1000, "height": 1000}, "_timestamp": 1660067139.1326587, "_runtime": 905.7808446884155, "_step": 1, "test/loss": 0.34628796577453613, "test/origin_acc": 0.8710532188415527, "test/new_acc": 0.8653676509857178, "test/f1_macro": 0.7813207507133484, "test/wqKappa": 0.9274189472198486, "test/cnt_diff": 573.0, "test/cnt_correct_diff": 227.0, "epoch": 1, "trainer/global_step": 0, "_wandb": {"runtime": 906}}