{"test/conf_matrix": {"_type": "image-file", "sha256": "036f10efc02c329cf60f138d2f9cfca1c96bd1cc9ce0e16ec33d4de4a7176d3e", "size": 26133, "path": "media/images/test/conf_matrix_0_036f10efc02c329cf60f.png", "format": "png", "width": 1000, "height": 1000}, "_timestamp": 1661885902.7651813, "_runtime": 410.7003173828125, "_step": 1, "test/loss": 0.37694475054740906, "test/origin_acc": 0.8394206762313843, "test/new_acc": 0.8249370455741882, "test/f1_macro": 0.7846816182136536, "test/wqKappa": 0.9185341596603394, "test/cnt_diff": 75.0, "test/cnt_correct_diff": 26.0, "epoch": 2, "trainer/global_step": 0, "_wandb": {"runtime": 412}}