{"test/conf_matrix": {"_type": "image-file", "sha256": "8a09b48d0370cddec51a8e69383dbbe7af9f4a09cd8aef1b063e499e9d50637a", "size": 31333, "path": "media/images/test/conf_matrix_0_8a09b48d0370cddec51a.png", "format": "png", "width": 1000, "height": 1000}, "_timestamp": 1660144658.0405881, "_runtime": 347.40910625457764, "_step": 1, "test/loss": 0.6168479919433594, "test/origin_acc": 0.7463871836662292, "test/new_acc": 0.7355883717536926, "test/f1_macro": 0.7011619806289673, "test/wqKappa": 0.6815249919891357, "test/cnt_diff": 336.0, "test/cnt_correct_diff": 128.0, "epoch": 5, "trainer/global_step": 0, "_wandb": {"runtime": 347}}