{"test/conf_matrix": {"_type": "image-file", "sha256": "83857e231658d3039901766f80bbc2f2441b2b5b3b5f1bea32decadfcac4dab9", "size": 26302, "path": "media/images/test/conf_matrix_0_83857e231658d3039901.png", "format": "png", "width": 1000, "height": 1000}, "_timestamp": 1660209076.8033152, "_runtime": 126.2335741519928, "_step": 1, "test/loss": 0.3087417483329773, "test/origin_acc": 0.8916876316070557, "test/new_acc": 0.765113353729248, "test/f1_macro": 0.6920315623283386, "test/wqKappa": 0.885554313659668, "test/cnt_diff": 293.0, "test/cnt_correct_diff": 34.0, "epoch": 8, "trainer/global_step": 0, "_wandb": {"runtime": 110}}