{"test/conf_matrix": {"_type": "image-file", "sha256": "918eaf5044381cb9e333b459830d89171361369aca85841754b3474804f369a5", "size": 28792, "path": "media/images/test/conf_matrix_0_918eaf5044381cb9e333.png", "format": "png", "width": 1000, "height": 1000}, "_timestamp": 1661326819.6689036, "_runtime": 84.58550763130188, "_step": 1, "test/loss": 0.5756698250770569, "test/origin_acc": 0.7811321020126343, "test/new_acc": 0.5943396091461182, "test/f1_macro": 0.5660284757614136, "test/wqKappa": 0.7090549468994141, "test/cnt_diff": 484.0, "test/cnt_correct_diff": 77.0, "epoch": 8, "trainer/global_step": 0, "_wandb": {"runtime": 84}}