{"test/conf_matrix": {"_type": "image-file", "sha256": "715f44fe43a46e8799ad42f69573d6030461c8f6a39effba4acf9bd76f0c5458", "size": 30989, "path": "media/images/test/conf_matrix_0_715f44fe43a46e8799ad.png", "format": "png", "width": 1000, "height": 1000}, "_timestamp": 1660733311.4354403, "_runtime": 1000.5983374118805, "_step": 1, "test/loss": 0.6168479919433594, "test/origin_acc": 0.7463871836662292, "test/new_acc": 0.7433698773384094, "test/f1_macro": 0.6979415416717529, "test/wqKappa": 0.6829020977020264, "test/cnt_diff": 54.0, "test/cnt_correct_diff": 12.0, "epoch": 5, "trainer/global_step": 0, "_wandb": {"runtime": 1002}}