{"test/conf_matrix": {"_type": "image-file", "sha256": "958eaa57ed26b14a88069cc71229bda8998605c4d62cbf315fe2f4c009573b4f", "size": 26285, "path": "media/images/test/conf_matrix_0_958eaa57ed26b14a8806.png", "format": "png", "width": 1000, "height": 1000}, "_timestamp": 1661327447.2240849, "_runtime": 108.37631893157959, "_step": 1, "test/loss": 0.35823777318000793, "test/origin_acc": 0.8526448607444763, "test/new_acc": 0.8394206762313843, "test/f1_macro": 0.812996506690979, "test/wqKappa": 0.925259530544281, "test/cnt_diff": 138.0, "test/cnt_correct_diff": 58.0, "epoch": 5, "trainer/global_step": 0, "_wandb": {"runtime": 108}}