{"test/conf_matrix": {"_type": "image-file", "sha256": "e7a2b727d1f80428f39b126c2c5e0bda2c248bd9ccec2754a257c8fad7aebfd8", "size": 27851, "path": "media/images/test/conf_matrix_0_e7a2b727d1f80428f39b.png", "format": "png", "width": 1000, "height": 1000}, "_timestamp": 1661505989.2673123, "_runtime": 81.5605092048645, "_step": 1, "test/loss": 0.373489111661911, "test/origin_acc": 0.8482367992401123, "test/new_acc": 0.8476070761680603, "test/f1_macro": 0.8128707408905029, "test/wqKappa": 0.9302196502685547, "test/cnt_diff": 1.0, "test/cnt_correct_diff": 0.0, "epoch": 7, "trainer/global_step": 0, "_wandb": {"runtime": 81}}