{"test/conf_matrix": {"_type": "image-file", "sha256": "d64027aa450ca162a3fe2b2dd783bb7557676a4e6a1723a0c114b249e17e3e06", "size": 26926, "path": "media/images/test/conf_matrix_0_d64027aa450ca162a3fe.png", "format": "png", "width": 1000, "height": 1000}, "_timestamp": 1661353636.6940672, "_runtime": 216.07412028312683, "_step": 1, "test/loss": 0.3092154264450073, "test/origin_acc": 0.8753148317337036, "test/new_acc": 0.8683879375457764, "test/f1_macro": 0.8350087404251099, "test/wqKappa": 0.9369970560073853, "test/cnt_diff": 50.0, "test/cnt_correct_diff": 19.0, "epoch": 11, "trainer/global_step": 0, "_wandb": {"runtime": 215}}