{"test/conf_matrix": {"_type": "image-file", "sha256": "5b92074dfa283dc2f49c0b0a4cd4b8e9ee12ab96093728a5689fe4a2136faa0f", "size": 25927, "path": "media/images/test/conf_matrix_0_5b92074dfa283dc2f49c.png", "format": "png", "width": 1000, "height": 1000}, "_timestamp": 1661509154.4998271, "_runtime": 80.40167713165283, "_step": 1, "test/loss": 0.31992873549461365, "test/origin_acc": 0.8715365529060364, "test/new_acc": 0.8721662759780884, "test/f1_macro": 0.8395699262619019, "test/wqKappa": 0.9366489052772522, "test/cnt_diff": 2.0, "test/cnt_correct_diff": 1.0, "epoch": 6, "trainer/global_step": 0, "_wandb": {"runtime": 80}}