{"test/conf_matrix": {"_type": "image-file", "sha256": "7af09d69c0960d798573b6c5c006e92e76939464594a5da7729a000e43eaa7aa", "size": 27300, "path": "media/images/test/conf_matrix_0_7af09d69c0960d798573.png", "format": "png", "width": 1000, "height": 1000}, "_timestamp": 1661405156.4852736, "_runtime": 102.91381168365479, "_step": 1, "test/loss": 0.5979331135749817, "test/origin_acc": 0.8136826753616333, "test/new_acc": 0.7986414432525635, "test/f1_macro": 0.5932494401931763, "test/wqKappa": 0.7320512533187866, "test/cnt_diff": 147.0, "test/cnt_correct_diff": 50.0, "epoch": 15, "trainer/global_step": 0, "_wandb": {"runtime": 103}}