{"test/conf_matrix": {"_type": "image-file", "sha256": "754802cf063152a3390ff5cec26cb977b040b9614caa82c689b66e566558e8a0", "size": 27047, "path": "media/images/test/conf_matrix_0_754802cf063152a3390f.png", "format": "png", "width": 1000, "height": 1000}, "_timestamp": 1661342762.6403766, "_runtime": 318.0397675037384, "_step": 1, "test/loss": 0.3830234110355377, "test/origin_acc": 0.8283019065856934, "test/new_acc": 0.8232704401016235, "test/f1_macro": 0.7670243978500366, "test/wqKappa": 0.9185730814933777, "test/cnt_diff": 30.0, "test/cnt_correct_diff": 9.0, "epoch": 15, "trainer/global_step": 0, "_wandb": {"runtime": 317}}