{"test/conf_matrix": {"_type": "image-file", "sha256": "e1c21a7b6ae3d9bf6db5d9f7b30c03640b8bb1ad131a62906b05995ecb04886c", "size": 27754, "path": "media/images/test/conf_matrix_0_e1c21a7b6ae3d9bf6db5.png", "format": "png", "width": 1000, "height": 1000}, "_timestamp": 1661327421.4308834, "_runtime": 107.10630631446838, "_step": 1, "test/loss": 0.31017082929611206, "test/origin_acc": 0.8753148317337036, "test/new_acc": 0.8557934761047363, "test/f1_macro": 0.8221592307090759, "test/wqKappa": 0.9329683184623718, "test/cnt_diff": 99.0, "test/cnt_correct_diff": 34.0, "epoch": 7, "trainer/global_step": 0, "_wandb": {"runtime": 106}}