{"test/conf_matrix": {"_type": "image-file", "sha256": "9af633943bca44238cceae8fe45961e2bddd71d8bc0aaa6df21bd55b1cfffa70", "size": 30423, "path": "media/images/test/conf_matrix_0_9af633943bca44238cce.png", "format": "png", "width": 1000, "height": 1000}, "_timestamp": 1661461690.6439981, "_runtime": 122.19055414199829, "_step": 1, "test/loss": 0.7218735218048096, "test/origin_acc": 0.6959188580513, "test/new_acc": 0.6980420351028442, "test/f1_macro": 0.6024295091629028, "test/wqKappa": 0.6088161468505859, "test/cnt_diff": 212.0, "test/cnt_correct_diff": 104.0, "epoch": 7, "trainer/global_step": 0, "_wandb": {"runtime": 122}}