{"test/conf_matrix": {"_type": "image-file", "sha256": "5f28fb0ae81b59347453f5075fce7ca9234d1904e2ff6647511a6cb37b3ce0f6", "size": 26514, "path": "media/images/test/conf_matrix_0_5f28fb0ae81b59347453.png", "format": "png", "width": 1000, "height": 1000}, "_timestamp": 1661327826.7754111, "_runtime": 101.52237224578857, "_step": 1, "test/loss": 0.35823777318000793, "test/origin_acc": 0.8526448607444763, "test/new_acc": 0.8564231991767883, "test/f1_macro": 0.8247293829917908, "test/wqKappa": 0.9326276183128357, "test/cnt_diff": 43.0, "test/cnt_correct_diff": 24.0, "epoch": 5, "trainer/global_step": 0, "_wandb": {"runtime": 101}}