{"test/conf_matrix": {"_type": "image-file", "sha256": "899f80037a91d122fc570b7d69c1539f650b6382dd5f340efb02b35cd21a205d", "size": 26327, "path": "media/images/test/conf_matrix_0_899f80037a91d122fc57.png", "format": "png", "width": 1000, "height": 1000}, "_timestamp": 1661933378.5159898, "_runtime": 143.8011417388916, "_step": 1, "test/loss": 0.31690359115600586, "test/origin_acc": 0.8740554451942444, "test/new_acc": 0.8671284914016724, "test/f1_macro": 0.8350521922111511, "test/wqKappa": 0.9373245239257812, "test/cnt_diff": 30.0, "test/cnt_correct_diff": 9.0, "epoch": 8, "trainer/global_step": 0, "_wandb": {"runtime": 143}}