{"test/conf_matrix": {"_type": "image-file", "sha256": "1e4c46e832da7e1f50b601c8ca365bb7ee02642cd070c38e33670671dcd6eceb", "size": 28008, "path": "media/images/test/conf_matrix_0_1e4c46e832da7e1f50b6.png", "format": "png", "width": 1000, "height": 1000}, "_timestamp": 1661924585.6808653, "_runtime": 261.6984703540802, "_step": 1, "test/loss": 0.31758856773376465, "test/origin_acc": 0.8759445548057556, "test/new_acc": 0.7802267074584961, "test/f1_macro": 0.7378009557723999, "test/wqKappa": 0.8990757465362549, "test/cnt_diff": 260.0, "test/cnt_correct_diff": 49.0, "epoch": 4, "trainer/global_step": 0, "_wandb": {"runtime": 261}}