{"test/conf_matrix": {"_type": "image-file", "sha256": "585c43e777671ccc51a4114511159e3f54a6672a20abdfb96efd14e46481382e", "size": 27303, "path": "media/images/test/conf_matrix_0_585c43e777671ccc51a4.png", "format": "png", "width": 1000, "height": 1000}, "_timestamp": 1660137619.8516479, "_runtime": 191.11093282699585, "_step": 1, "test/loss": 0.3087417483329773, "test/origin_acc": 0.8916876316070557, "test/new_acc": 0.8387909531593323, "test/f1_macro": 0.7740568518638611, "test/wqKappa": 0.9205282926559448, "test/cnt_diff": 147.0, "test/cnt_correct_diff": 27.0, "epoch": 8, "trainer/global_step": 0, "_wandb": {"runtime": 192}}