{"test/conf_matrix": {"_type": "image-file", "sha256": "cd73d5d958e725f104e30180faef6fcfbf39039c0e6a731ebec78690e6374be4", "size": 27216, "path": "media/images/test/conf_matrix_0_cd73d5d958e725f104e3.png", "format": "png", "width": 1000, "height": 1000}, "_timestamp": 1660208767.4675508, "_runtime": 114.86717367172241, "_step": 1, "test/loss": 0.3087417483329773, "test/origin_acc": 0.8916876316070557, "test/new_acc": 0.8469773530960083, "test/f1_macro": 0.7817118167877197, "test/wqKappa": 0.9249247908592224, "test/cnt_diff": 128.0, "test/cnt_correct_diff": 25.0, "epoch": 8, "trainer/global_step": 0, "_wandb": {"runtime": 114}}