{"test/conf_matrix": {"_type": "image-file", "sha256": "3edbdb0b90c6e5948cf9e04e5c8403e70c65ac737d7501531c8cf61433af3f7d", "size": 27123, "path": "media/images/test/conf_matrix_0_3edbdb0b90c6e5948cf9.png", "format": "png", "width": 1000, "height": 1000}, "_timestamp": 1660645881.9195702, "_runtime": 262.0906240940094, "_step": 1, "test/loss": 0.4327978789806366, "test/origin_acc": 0.8091939687728882, "test/new_acc": 0.7991183996200562, "test/f1_macro": 0.7439697980880737, "test/wqKappa": 0.909718930721283, "test/cnt_diff": 105.0, "test/cnt_correct_diff": 44.0, "epoch": 1, "trainer/global_step": 0, "_wandb": {"runtime": 261}}