{"test/conf_matrix": {"_type": "image-file", "sha256": "651487cc5abca46a93a374aac5bbab7225d85732c9e9d739ea99e1d0fc89e8f9", "size": 30172, "path": "media/images/test/conf_matrix_0_651487cc5abca46a93a3.png", "format": "png", "width": 1000, "height": 1000}, "_timestamp": 1661416407.2703147, "_runtime": 371.18954157829285, "_step": 1, "test/loss": 1.5902985334396362, "test/origin_acc": 0.6070529222488403, "test/new_acc": 0.5415617227554321, "test/f1_macro": 0.396212100982666, "test/wqKappa": 0.4567027688026428, "test/cnt_diff": 320.0, "test/cnt_correct_diff": 70.0, "epoch": 5, "trainer/global_step": 0, "_wandb": {"runtime": 371}}