{"test/conf_matrix": {"_type": "image-file", "sha256": "7ab5589a0cf2516a5996351918e815892cdd72da68b154289c2f700d126adcff", "size": 27112, "path": "media/images/test/conf_matrix_0_7ab5589a0cf2516a5996.png", "format": "png", "width": 1000, "height": 1000}, "_timestamp": 1661329952.468129, "_runtime": 150.4262180328369, "_step": 1, "test/loss": 0.35823777318000793, "test/origin_acc": 0.8526448607444763, "test/new_acc": 0.8161209225654602, "test/f1_macro": 0.7898200750350952, "test/wqKappa": 0.9142393469810486, "test/cnt_diff": 180.0, "test/cnt_correct_diff": 60.0, "epoch": 5, "trainer/global_step": 0, "_wandb": {"runtime": 150}}