{"test/conf_matrix": {"_type": "image-file", "sha256": "5b4cc7d2e09dee12ac9d5807f815284708edfccb3904836714d46eda0f996bab", "size": 27275, "path": "media/images/test/conf_matrix_0_5b4cc7d2e09dee12ac9d.png", "format": "png", "width": 1000, "height": 1000}, "_timestamp": 1661400086.571382, "_runtime": 131.7061629295349, "_step": 1, "test/loss": 0.3241216242313385, "test/origin_acc": 0.8627204298973083, "test/new_acc": 0.8683879375457764, "test/f1_macro": 0.834311842918396, "test/wqKappa": 0.9369969367980957, "test/cnt_diff": 25.0, "test/cnt_correct_diff": 17.0, "epoch": 6, "trainer/global_step": 0, "_wandb": {"runtime": 132}}