{"test/conf_matrix": {"_type": "image-file", "sha256": "f6637662c9a373bbfe278ae07c1a3a2b4eef56aaf41affc95de0c5fec5ba16d8", "size": 30086, "path": "media/images/test/conf_matrix_0_f6637662c9a373bbfe27.png", "format": "png", "width": 1000, "height": 1000}, "_timestamp": 1661458554.6159058, "_runtime": 112.99529981613159, "_step": 1, "test/loss": 3.2831687927246094, "test/origin_acc": 0.372795969247818, "test/new_acc": 0.30478590726852417, "test/f1_macro": 0.2630324959754944, "test/wqKappa": 0.10426837205886841, "test/cnt_diff": 493.0, "test/cnt_correct_diff": 122.0, "epoch": 5, "trainer/global_step": 0, "_wandb": {"runtime": 112}}