{"test/conf_matrix": {"_type": "image-file", "sha256": "2ad012217ec24c26335c2c8e4d450f98114bfb9cf58b976c9e147fb07acb9d5b", "size": 28996, "path": "media/images/test/conf_matrix_0_2ad012217ec24c26335c.png", "format": "png", "width": 1000, "height": 1000}, "_timestamp": 1660310609.814688, "_runtime": 497.6782429218292, "_step": 1, "test/loss": 0.3462877571582794, "test/origin_acc": 0.8710532188415527, "test/new_acc": 0.8713291883468628, "test/f1_macro": 0.7893932461738586, "test/wqKappa": 0.9284894466400146, "test/cnt_diff": 51.0, "test/cnt_correct_diff": 22.0, "epoch": 1, "trainer/global_step": 0, "_wandb": {"runtime": 497}}