{"test/conf_matrix": {"_type": "image-file", "sha256": "a1510f27aa4786f258183fd39c5d1207ec5f4d47b0b99a85c9c8b1355aa24d1f", "size": 28991, "path": "media/images/test/conf_matrix_0_a1510f27aa4786f25818.png", "format": "png", "width": 1000, "height": 1000}, "_timestamp": 1659331316, "_runtime": 197, "_step": 1, "test/loss": 1.2794831991195679, "test/acc": 0.6847569346427917, "test/f1_macro": 0.486023485660553, "test/wqKappa": 0.5460045337677002, "epoch": 6, "trainer/global_step": 0, "_wandb": {"runtime": 199}}