{"test/conf_matrix": {"_type": "image-file", "sha256": "36afd70c144ccef8851dceb7df5a356202d2ec3d0126ac46aff0ec1e48dd8f15", "size": 28022, "path": "media/images/test/conf_matrix_0_36afd70c144ccef8851d.png", "format": "png", "width": 1000, "height": 1000}, "_timestamp": 1661333612.2710514, "_runtime": 94.50279235839844, "_step": 1, "test/loss": 0.36475446820259094, "test/origin_acc": 0.8339622616767883, "test/new_acc": 0.8251572251319885, "test/f1_macro": 0.7963483333587646, "test/wqKappa": 0.9174494743347168, "test/cnt_diff": 119.0, "test/cnt_correct_diff": 52.0, "epoch": 7, "trainer/global_step": 0, "_wandb": {"runtime": 94}}