{"test/conf_matrix": {"_type": "image-file", "sha256": "585022f2e2a8c77983fc31f1d27e103c2915244c3115dcce55fa5a6e1b4b4477", "size": 26851, "path": "media/images/test/conf_matrix_0_585022f2e2a8c77983fc.png", "format": "png", "width": 1000, "height": 1000}, "_timestamp": 1661883023.6255817, "_runtime": 127.55518579483032, "_step": 1, "test/loss": 0.37694475054740906, "test/origin_acc": 0.8394206762313843, "test/new_acc": 0.8425692915916443, "test/f1_macro": 0.8084489107131958, "test/wqKappa": 0.9263904094696045, "test/cnt_diff": 7.0, "test/cnt_correct_diff": 6.0, "epoch": 2, "trainer/global_step": 0, "_wandb": {"runtime": 127}}