{"test/conf_matrix": {"_type": "image-file", "sha256": "771413de7c43fb6cf23fd9300c6487ae6d83b73de3d001f88459846fe08ca53e", "size": 27749, "path": "media/images/test/conf_matrix_0_771413de7c43fb6cf23f.png", "format": "png", "width": 1000, "height": 1000}, "_timestamp": 1661404136.0697172, "_runtime": 175.82799410820007, "_step": 1, "test/loss": 0.6740458607673645, "test/origin_acc": 0.7850558757781982, "test/new_acc": 0.7879670858383179, "test/f1_macro": 0.575401782989502, "test/wqKappa": 0.7035034894943237, "test/cnt_diff": 49.0, "test/cnt_correct_diff": 25.0, "epoch": 10, "trainer/global_step": 0, "_wandb": {"runtime": 176}}