{"test/conf_matrix": {"_type": "image-file", "sha256": "297ee3997fa2514d7e38a14136f6f89ecd840be566b79ddc92053b18afe923b3", "size": 26618, "path": "media/images/test/conf_matrix_0_297ee3997fa2514d7e38.png", "format": "png", "width": 1000, "height": 1000}, "_timestamp": 1661489589.857187, "_runtime": 134.132071018219, "_step": 1, "test/loss": 0.6395517587661743, "test/origin_acc": 0.8155339956283569, "test/new_acc": 0.8237864375114441, "test/f1_macro": 0.6302363872528076, "test/wqKappa": 0.774752676486969, "test/cnt_diff": 46.0, "test/cnt_correct_diff": 28.0, "epoch": 11, "trainer/global_step": 0, "_wandb": {"runtime": 133}}