{"test/conf_matrix": {"_type": "image-file", "sha256": "ef4b5d108a7fdb2925f901946ac6b580dec1309756ac486736c2ecaa4e0b409d", "size": 30034, "path": "media/images/test/conf_matrix_0_ef4b5d108a7fdb2925f9.png", "format": "png", "width": 1000, "height": 1000}, "_timestamp": 1661433839.6069477, "_runtime": 154.86114263534546, "_step": 1, "test/loss": 2.1597023010253906, "test/origin_acc": 0.49370276927948, "test/new_acc": 0.5258186459541321, "test/f1_macro": 0.3703864812850952, "test/wqKappa": 0.5410948991775513, "test/cnt_diff": 114.0, "test/cnt_correct_diff": 72.0, "epoch": 10, "trainer/global_step": 0, "_wandb": {"runtime": 155}}