{"test/conf_matrix": {"_type": "image-file", "sha256": "00e22f4ffb02833c9287fa2cd2804dc4bff3f7005aa34c983e70227e99b2e1df", "size": 28445, "path": "media/images/test/conf_matrix_0_00e22f4ffb02833c9287.png", "format": "png", "width": 1000, "height": 1000}, "_timestamp": 1661325159.0675714, "_runtime": 77.37879943847656, "_step": 1, "test/loss": 0.5756698250770569, "test/origin_acc": 0.7811321020126343, "test/new_acc": 0.5610063076019287, "test/f1_macro": 0.5249778032302856, "test/wqKappa": 0.6842589378356934, "test/cnt_diff": 537.0, "test/cnt_correct_diff": 77.0, "epoch": 8, "trainer/global_step": 0, "_wandb": {"runtime": 77}}