{"test/conf_matrix": {"_type": "image-file", "sha256": "2077f4a296d44f8d3a7525aa9d841966fd82d15ef0fc6c813d32adc6f4c0e91f", "size": 27644, "path": "media/images/test/conf_matrix_0_2077f4a296d44f8d3a75.png", "format": "png", "width": 1000, "height": 1000}, "_timestamp": 1661326534.2848186, "_runtime": 111.2003436088562, "_step": 1, "test/loss": 0.35823777318000793, "test/origin_acc": 0.8526448607444763, "test/new_acc": 0.8047859072685242, "test/f1_macro": 0.7789623737335205, "test/wqKappa": 0.9092569947242737, "test/cnt_diff": 200.0, "test/cnt_correct_diff": 61.0, "epoch": 5, "trainer/global_step": 0, "_wandb": {"runtime": 111}}