{"test/conf_matrix": {"_type": "image-file", "sha256": "584607129fe698eb2c6c0d76afc95e2ed3e945ebc95a36800d17b1b29a6c560a", "size": 27758, "path": "media/images/test/conf_matrix_0_584607129fe698eb2c6c.png", "format": "png", "width": 1000, "height": 1000}, "_timestamp": 1661334360.6759737, "_runtime": 85.0881495475769, "_step": 1, "test/loss": 0.36475446820259094, "test/origin_acc": 0.8339622616767883, "test/new_acc": 0.8295598030090332, "test/f1_macro": 0.7999832630157471, "test/wqKappa": 0.9193074703216553, "test/cnt_diff": 104.0, "test/cnt_correct_diff": 48.0, "epoch": 7, "trainer/global_step": 0, "_wandb": {"runtime": 84}}