{"test/conf_matrix": {"_type": "image-file", "sha256": "eafc049399e43237d1b62566f258f8ebab4b60d8b3f4ab4c9e76c119768eb96e", "size": 26996, "path": "media/images/test/conf_matrix_0_eafc049399e43237d1b6.png", "format": "png", "width": 1000, "height": 1000}, "_timestamp": 1661330751.8727484, "_runtime": 171.30940532684326, "_step": 1, "test/loss": 0.32888326048851013, "test/origin_acc": 0.8652393221855164, "test/new_acc": 0.8331234455108643, "test/f1_macro": 0.79375821352005, "test/wqKappa": 0.9253523349761963, "test/cnt_diff": 145.0, "test/cnt_correct_diff": 46.0, "epoch": 4, "trainer/global_step": 0, "_wandb": {"runtime": 171}}