{"test/conf_matrix": {"_type": "image-file", "sha256": "9d334623a1439eba9e74ce95f4e8008821bfcbb1a33e592238efd1d85f89afca", "size": 28116, "path": "media/images/test/conf_matrix_0_9d334623a1439eba9e74.png", "format": "png", "width": 1000, "height": 1000}, "_timestamp": 1661403083.6650274, "_runtime": 136.21742129325867, "_step": 1, "test/loss": 0.5979331135749817, "test/origin_acc": 0.8136826753616333, "test/new_acc": 0.7996119260787964, "test/f1_macro": 0.5970696806907654, "test/wqKappa": 0.7342451810836792, "test/cnt_diff": 134.0, "test/cnt_correct_diff": 45.0, "epoch": 15, "trainer/global_step": 0, "_wandb": {"runtime": 136}}