{"test/conf_matrix": {"_type": "image-file", "sha256": "61b4ded75f31c05cd604e4c3971f824e80a8f400d3db12263ec9e24264902f24", "size": 26243, "path": "media/images/test/conf_matrix_0_61b4ded75f31c05cd604.png", "format": "png", "width": 1000, "height": 1000}, "_timestamp": 1661926692.8177543, "_runtime": 137.49226021766663, "_step": 1, "test/loss": 0.31758856773376465, "test/origin_acc": 0.8759445548057556, "test/new_acc": 0.8753148317337036, "test/f1_macro": 0.8316279649734497, "test/wqKappa": 0.9398611783981323, "test/cnt_diff": 7.0, "test/cnt_correct_diff": 3.0, "epoch": 4, "trainer/global_step": 0, "_wandb": {"runtime": 137}}