{"test/conf_matrix": {"_type": "image-file", "sha256": "224fe89af5be2ab19ff7881d6a98f0fc182e8ef7f6c4c85217440b5a7bb066f3", "size": 29063, "path": "media/images/test/conf_matrix_0_224fe89af5be2ab19ff7.png", "format": "png", "width": 1000, "height": 1000}, "_timestamp": 1661324744.6386328, "_runtime": 78.26712274551392, "_step": 1, "test/loss": 0.5756698250770569, "test/origin_acc": 0.7811321020126343, "test/new_acc": 0.5132075548171997, "test/f1_macro": 0.4682098627090454, "test/wqKappa": 0.6567195653915405, "test/cnt_diff": 623.0, "test/cnt_correct_diff": 82.0, "epoch": 8, "trainer/global_step": 0, "_wandb": {"runtime": 77}}