{"test/conf_matrix": {"_type": "image-file", "sha256": "423975674257eb6953b407b88519d4756cf476e9f34f8e5e9d1e2451d3252105", "size": 30277, "path": "media/images/test/conf_matrix_0_423975674257eb6953b4.png", "format": "png", "width": 1000, "height": 1000}, "_timestamp": 1661426458.850081, "_runtime": 207.6883509159088, "_step": 1, "test/loss": 2.3457894325256348, "test/origin_acc": 0.4401763081550598, "test/new_acc": 0.4023929536342621, "test/f1_macro": 0.28396928310394287, "test/wqKappa": 0.3429605960845947, "test/cnt_diff": 564.0, "test/cnt_correct_diff": 165.0, "epoch": 2, "trainer/global_step": 0, "_wandb": {"runtime": 208}}