{"test/conf_matrix": {"_type": "image-file", "sha256": "e7732846496ba68a6772722ac1f24be1f1b72934c50c09ff1b4865cc70b1fbaf", "size": 30835, "path": "media/images/test/conf_matrix_0_e7732846496ba68a6772.png", "format": "png", "width": 1000, "height": 1000}, "_timestamp": 1660119409.5502608, "_runtime": 667.4264748096466, "_step": 1, "test/loss": 0.34628796577453613, "test/origin_acc": 0.8710532188415527, "test/new_acc": 0.8674100041389465, "test/f1_macro": 0.7875064015388489, "test/wqKappa": 0.9272885918617249, "test/cnt_diff": 342.0, "test/cnt_correct_diff": 130.0, "epoch": 1, "trainer/global_step": 0, "_wandb": {"runtime": 669}}