{"test/conf_matrix": {"_type": "image-file", "sha256": "adaad94761b4f9d05b084b3afd59430c73427d0166ce90d441e870e524c3ce35", "size": 30348, "path": "media/images/test/conf_matrix_0_adaad94761b4f9d05b08.png", "format": "png", "width": 1000, "height": 1000}, "_timestamp": 1661451285.9326618, "_runtime": 190.27266478538513, "_step": 1, "test/loss": 0.8180785775184631, "test/origin_acc": 0.6161831021308899, "test/new_acc": 0.5878745317459106, "test/f1_macro": 0.5262959003448486, "test/wqKappa": 0.5105618238449097, "test/cnt_diff": 835.0, "test/cnt_correct_diff": 303.0, "epoch": 5, "trainer/global_step": 0, "_wandb": {"runtime": 190}}