{"test/conf_matrix": {"_type": "image-file", "sha256": "6a4077a90dbda8298a0f0874fafbf1bf4b8ecdaa245a3cadaa17b96200a30bcc", "size": 30466, "path": "media/images/test/conf_matrix_0_6a4077a90dbda8298a0f.png", "format": "png", "width": 1000, "height": 1000}, "_timestamp": 1661415985.0952017, "_runtime": 450.08026480674744, "_step": 1, "test/loss": 1.5902985334396362, "test/origin_acc": 0.6070529222488403, "test/new_acc": 0.5295969843864441, "test/f1_macro": 0.39477717876434326, "test/wqKappa": 0.4337031841278076, "test/cnt_diff": 360.0, "test/cnt_correct_diff": 76.0, "epoch": 5, "trainer/global_step": 0, "_wandb": {"runtime": 449}}