{"test/conf_matrix": {"_type": "image-file", "sha256": "77f2ae623030eb657f88a51e365dde72069b6ae7888b04bc9bf5970d01f608cc", "size": 27931, "path": "media/images/test/conf_matrix_0_77f2ae623030eb657f88.png", "format": "png", "width": 1000, "height": 1000}, "_timestamp": 1661407305.354157, "_runtime": 112.1998610496521, "_step": 1, "test/loss": 0.5978809595108032, "test/origin_acc": 0.8170791268348694, "test/new_acc": 0.8044638633728027, "test/f1_macro": 0.6024956107139587, "test/wqKappa": 0.7489041090011597, "test/cnt_diff": 52.0, "test/cnt_correct_diff": 6.0, "epoch": 12, "trainer/global_step": 0, "_wandb": {"runtime": 112}}