{"test/conf_matrix": {"_type": "image-file", "sha256": "04b723e618278ac4afb726f5cfbab97a3528909640c4739b7f6c75c5903827c3", "size": 27642, "path": "media/images/test/conf_matrix_0_04b723e618278ac4afb7.png", "format": "png", "width": 1000, "height": 1000}, "_timestamp": 1661402096.8444023, "_runtime": 195.82110834121704, "_step": 1, "test/loss": 0.6740458607673645, "test/origin_acc": 0.7850558757781982, "test/new_acc": 0.7826298475265503, "test/f1_macro": 0.5712453722953796, "test/wqKappa": 0.6974500417709351, "test/cnt_diff": 16.0, "test/cnt_correct_diff": 3.0, "epoch": 10, "trainer/global_step": 0, "_wandb": {"runtime": 197}}