{"test/conf_matrix": {"_type": "image-file", "sha256": "925822371efddc11c65868a0571b0b4c44f3d7e4fe1422eb2a20c2874b133427", "size": 27180, "path": "media/images/test/conf_matrix_0_925822371efddc11c658.png", "format": "png", "width": 1000, "height": 1000}, "_timestamp": 1661904756.195523, "_runtime": 198.02946400642395, "_step": 1, "test/loss": 0.30694741010665894, "test/origin_acc": 0.8765742778778076, "test/new_acc": 0.8772040009498596, "test/f1_macro": 0.8368198871612549, "test/wqKappa": 0.9417887330055237, "test/cnt_diff": 15.0, "test/cnt_correct_diff": 8.0, "epoch": 6, "trainer/global_step": 0, "_wandb": {"runtime": 197}}