{"test/conf_matrix": {"_type": "image-file", "sha256": "45fd95d8a32317a0057b5c792e787d43e57b36514fd32d70ecb2479fc4322798", "size": 30231, "path": "media/images/test/conf_matrix_0_45fd95d8a32317a0057b.png", "format": "png", "width": 1000, "height": 1000}, "_timestamp": 1660299107.616117, "_runtime": 286.68300700187683, "_step": 1, "test/loss": 0.8469985723495483, "test/origin_acc": 0.6933962106704712, "test/new_acc": 0.6933962106704712, "test/f1_macro": 0.6255573034286499, "test/wqKappa": 0.6192042827606201, "test/cnt_diff": 13.0, "test/cnt_correct_diff": 5.0, "epoch": 7, "trainer/global_step": 0, "_wandb": {"runtime": 289}}