{"test/conf_matrix": {"_type": "image-file", "sha256": "dbf8569e8bb408c763c35c63ca6d059e724f1542d614a07b82f79dc5158c88e5", "size": 31080, "path": "media/images/test/conf_matrix_0_dbf8569e8bb408c763c3.png", "format": "png", "width": 1000, "height": 1000}, "_timestamp": 1661457586.7014115, "_runtime": 143.00053143501282, "_step": 1, "test/loss": 0.8598936796188354, "test/origin_acc": 0.5937721133232117, "test/new_acc": 0.6209011673927307, "test/f1_macro": 0.5569535493850708, "test/wqKappa": 0.549942135810852, "test/cnt_diff": 1099.0, "test/cnt_correct_diff": 543.0, "epoch": 1, "trainer/global_step": 0, "_wandb": {"runtime": 143}}