{"test/conf_matrix": {"_type": "image-file", "sha256": "9252cbd22f75bdfcc2eeafb555bb75bfd575618ebabeb96a7c81b303c622e539", "size": 27210, "path": "media/images/test/conf_matrix_0_9252cbd22f75bdfcc2ee.png", "format": "png", "width": 1000, "height": 1000}, "_timestamp": 1661892730.9608557, "_runtime": 289.86482763290405, "_step": 1, "test/loss": 0.32275402545928955, "test/origin_acc": 0.8633501529693604, "test/new_acc": 0.8513854146003723, "test/f1_macro": 0.8217595815658569, "test/wqKappa": 0.9262102842330933, "test/cnt_diff": 82.0, "test/cnt_correct_diff": 31.0, "epoch": 3, "trainer/global_step": 0, "_wandb": {"runtime": 289}}