{"test/conf_matrix": {"_type": "image-file", "sha256": "d51f969cd85d15aa88457deddfcbbf097bb5d5d277de2e3d6b9cc28084da3670", "size": 27147, "path": "media/images/test/conf_matrix_0_d51f969cd85d15aa8845.png", "format": "png", "width": 1000, "height": 1000}, "_timestamp": 1661402776.6864872, "_runtime": 126.76492619514465, "_step": 1, "test/loss": 0.5979331135749817, "test/origin_acc": 0.8136826753616333, "test/new_acc": 0.8000970482826233, "test/f1_macro": 0.5948566198348999, "test/wqKappa": 0.7340966463088989, "test/cnt_diff": 144.0, "test/cnt_correct_diff": 50.0, "epoch": 15, "trainer/global_step": 0, "_wandb": {"runtime": 126}}