{"test/conf_matrix": {"_type": "image-file", "sha256": "b2935636955343e2f2306194fd43602b20a3a2492ae6e7d6747f04999d22c1b8", "size": 28117, "path": "media/images/test/conf_matrix_0_b2935636955343e2f230.png", "format": "png", "width": 1000, "height": 1000}, "_timestamp": 1661334154.693735, "_runtime": 73.39257383346558, "_step": 1, "test/loss": 0.36475446820259094, "test/origin_acc": 0.8339622616767883, "test/new_acc": 0.8270440697669983, "test/f1_macro": 0.7972244024276733, "test/wqKappa": 0.9182199239730835, "test/cnt_diff": 108.0, "test/cnt_correct_diff": 48.0, "epoch": 7, "trainer/global_step": 0, "_wandb": {"runtime": 73}}