{"test/conf_matrix": {"_type": "image-file", "sha256": "d73394f5b26100eebbcba4b8b98d443df102a22f18f6d50a5215892cf75298c2", "size": 27952, "path": "media/images/test/conf_matrix_0_d73394f5b26100eebbcb.png", "format": "png", "width": 1000, "height": 1000}, "_timestamp": 1660714893.5330355, "_runtime": 169.25308656692505, "_step": 1, "test/loss": 0.5653321146965027, "test/origin_acc": 0.8330907821655273, "test/new_acc": 0.836001992225647, "test/f1_macro": 0.6314610242843628, "test/wqKappa": 0.7743513584136963, "test/cnt_diff": 27.0, "test/cnt_correct_diff": 14.0, "epoch": 12, "trainer/global_step": 0, "_wandb": {"runtime": 168}}