{"test/conf_matrix": {"_type": "image-file", "sha256": "3c14d8536b07869d61e9e934f19dfb4a5af94168218f701bb0046c3add010538", "size": 30448, "path": "media/images/test/conf_matrix_0_3c14d8536b07869d61e9.png", "format": "png", "width": 1000, "height": 1000}, "_timestamp": 1660650675.00211, "_runtime": 724.2471120357513, "_step": 1, "test/loss": 0.8469946980476379, "test/origin_acc": 0.6934151649475098, "test/new_acc": 0.691999077796936, "test/f1_macro": 0.6235746741294861, "test/wqKappa": 0.6188347339630127, "test/cnt_diff": 26.0, "test/cnt_correct_diff": 8.0, "epoch": 7, "trainer/global_step": 0, "_wandb": {"runtime": 725}}