{"test/conf_matrix": {"_type": "image-file", "sha256": "da547d1289b6b11dff7ef2acd50ab8188cf13791bff8bb82193e4b9bc628ead2", "size": 26836, "path": "media/images/test/conf_matrix_0_da547d1289b6b11dff7e.png", "format": "png", "width": 1000, "height": 1000}, "_timestamp": 1661330580.9579237, "_runtime": 104.68639755249023, "_step": 1, "test/loss": 0.46994638442993164, "test/origin_acc": 0.8075471520423889, "test/new_acc": 0.800000011920929, "test/f1_macro": 0.7558762431144714, "test/wqKappa": 0.9048229455947876, "test/cnt_diff": 44.0, "test/cnt_correct_diff": 14.0, "epoch": 8, "trainer/global_step": 0, "_wandb": {"runtime": 104}}