{"test/conf_matrix": {"_type": "image-file", "sha256": "09593c53dfff6dc37fc7706d9709ded479c8856ecdc24050756508a65a1dce24", "size": 26767, "path": "media/images/test/conf_matrix_0_09593c53dfff6dc37fc7.png", "format": "png", "width": 1000, "height": 1000}, "_timestamp": 1661927910.058225, "_runtime": 152.31109499931335, "_step": 1, "test/loss": 0.31758856773376465, "test/origin_acc": 0.8759445548057556, "test/new_acc": 0.8753148317337036, "test/f1_macro": 0.8348259329795837, "test/wqKappa": 0.9392164349555969, "test/cnt_diff": 32.0, "test/cnt_correct_diff": 15.0, "epoch": 4, "trainer/global_step": 0, "_wandb": {"runtime": 152}}