{"test/conf_matrix": {"_type": "image-file", "sha256": "db9b8653300ed996ee6daeba63a3fc2e13a60db92db0ff770ed4075fcfe35aa4", "size": 30926, "path": "media/images/test/conf_matrix_0_db9b8653300ed996ee6d.png", "format": "png", "width": 1000, "height": 1000}, "_timestamp": 1661412001.3700447, "_runtime": 239.78814268112183, "_step": 1, "test/loss": 1.5902985334396362, "test/origin_acc": 0.6070529222488403, "test/new_acc": 0.48677581548690796, "test/f1_macro": 0.40648093819618225, "test/wqKappa": 0.4336118698120117, "test/cnt_diff": 544.0, "test/cnt_correct_diff": 117.0, "epoch": 5, "trainer/global_step": 0, "_wandb": {"runtime": 240}}