{"test/conf_matrix": {"_type": "image-file", "sha256": "6aa92f5d4542ed0e3e50d239de5183a82cf5e392833b5f355ceb63c94d174e39", "size": 29954, "path": "media/images/test/conf_matrix_0_6aa92f5d4542ed0e3e50.png", "format": "png", "width": 1000, "height": 1000}, "_timestamp": 1661442626.6627097, "_runtime": 141.496515750885, "_step": 1, "test/loss": 2.0962419509887695, "test/origin_acc": 0.4666246771812439, "test/new_acc": 0.4603274464607239, "test/f1_macro": 0.2966666519641876, "test/wqKappa": 0.12462437152862549, "test/cnt_diff": 141.0, "test/cnt_correct_diff": 32.0, "epoch": 3, "trainer/global_step": 0, "_wandb": {"runtime": 141}}