{"test/conf_matrix": {"_type": "image-file", "sha256": "5c1f05ec527a167b4a5b6d16fe7a6401dd9f5c9b686a309cc08f484dac38584b", "size": 28446, "path": "media/images/test/conf_matrix_0_5c1f05ec527a167b4a5b.png", "format": "png", "width": 1000, "height": 1000}, "_timestamp": 1661424743.9776633, "_runtime": 241.6640932559967, "_step": 1, "test/loss": 0.5796024799346924, "test/origin_acc": 0.823871910572052, "test/new_acc": 0.8224163055419922, "test/f1_macro": 0.6076905131340027, "test/wqKappa": 0.7377962470054626, "test/cnt_diff": 10.0, "test/cnt_correct_diff": 2.0, "epoch": 8, "trainer/global_step": 0, "_wandb": {"runtime": 242}}