{"test/conf_matrix": {"_type": "image-file", "sha256": "44ea5b499f44cecdceeecd02df83b8a7c55693c5e588d806105a58bcdf0fe6c4", "size": 26632, "path": "media/images/test/conf_matrix_0_44ea5b499f44cecdceee.png", "format": "png", "width": 1000, "height": 1000}, "_timestamp": 1661343534.889484, "_runtime": 214.25237202644348, "_step": 1, "test/loss": 0.3830234110355377, "test/origin_acc": 0.8283019065856934, "test/new_acc": 0.8251572251319885, "test/f1_macro": 0.766750693321228, "test/wqKappa": 0.9198147654533386, "test/cnt_diff": 12.0, "test/cnt_correct_diff": 2.0, "epoch": 15, "trainer/global_step": 0, "_wandb": {"runtime": 217}}