{"test/conf_matrix": {"_type": "image-file", "sha256": "8594f500f035816b5de7ce1cc80d3fc3a49ea0df397990f1974b840f13bc66d8", "size": 27827, "path": "media/images/test/conf_matrix_0_8594f500f035816b5de7.png", "format": "png", "width": 1000, "height": 1000}, "_timestamp": 1661420439.2979019, "_runtime": 177.43495678901672, "_step": 1, "test/loss": 0.5568793416023254, "test/origin_acc": 0.8282387256622314, "test/new_acc": 0.8248423337936401, "test/f1_macro": 0.6182429194450378, "test/wqKappa": 0.7701109647750854, "test/cnt_diff": 57.0, "test/cnt_correct_diff": 22.0, "epoch": 8, "trainer/global_step": 0, "_wandb": {"runtime": 177}}