{"test/conf_matrix": {"_type": "image-file", "sha256": "1edcfd77837d958c6a5ca146cb5c6efc6f4c92ce13d609a837264c18dd138e29", "size": 27099, "path": "media/images/test/conf_matrix_0_1edcfd77837d958c6a5c.png", "format": "png", "width": 1000, "height": 1000}, "_timestamp": 1661932281.0219824, "_runtime": 215.11784553527832, "_step": 1, "test/loss": 0.31690359115600586, "test/origin_acc": 0.8740554451942444, "test/new_acc": 0.8450881838798523, "test/f1_macro": 0.8127381801605225, "test/wqKappa": 0.9265570640563965, "test/cnt_diff": 111.0, "test/cnt_correct_diff": 30.0, "epoch": 8, "trainer/global_step": 0, "_wandb": {"runtime": 215}}