{"test/conf_matrix": {"_type": "image-file", "sha256": "3a6797fbfb3f2f5cb5a97ef87ba9bc9516e7c7e4a9dca14846ef471542b0e895", "size": 26448, "path": "media/images/test/conf_matrix_0_3a6797fbfb3f2f5cb5a9.png", "format": "png", "width": 1000, "height": 1000}, "_timestamp": 1661935186.3289409, "_runtime": 166.2321138381958, "_step": 1, "test/loss": 0.31690359115600586, "test/origin_acc": 0.8740554451942444, "test/new_acc": 0.8696473836898804, "test/f1_macro": 0.8395764827728271, "test/wqKappa": 0.9383968710899353, "test/cnt_diff": 40.0, "test/cnt_correct_diff": 16.0, "epoch": 8, "trainer/global_step": 0, "_wandb": {"runtime": 165}}