{"test/conf_matrix": {"_type": "image-file", "sha256": "29f1093b0030fd2a6670eba9ffee5b6dffce9a9ca43403f881dfba067cde91a8", "size": 27937, "path": "media/images/test/conf_matrix_0_29f1093b0030fd2a6670.png", "format": "png", "width": 1000, "height": 1000}, "_timestamp": 1661480646.1791978, "_runtime": 161.88022375106812, "_step": 1, "test/loss": 0.5617218017578125, "test/origin_acc": 0.8286407589912415, "test/new_acc": 0.8281553387641907, "test/f1_macro": 0.6235347986221313, "test/wqKappa": 0.7654877305030823, "test/cnt_diff": 18.0, "test/cnt_correct_diff": 8.0, "epoch": 10, "trainer/global_step": 0, "_wandb": {"runtime": 162}}