{"test/conf_matrix": {"_type": "image-file", "sha256": "d6d102356bdc2f622820d8c15a1b6a01fa650df253a4bbf2a1828a92cf5490d1", "size": 27024, "path": "media/images/test/conf_matrix_0_d6d102356bdc2f622820.png", "format": "png", "width": 1000, "height": 1000}, "_timestamp": 1661477594.781561, "_runtime": 172.7629678249359, "_step": 1, "test/loss": 0.5137186646461487, "test/origin_acc": 0.8466019630432129, "test/new_acc": 0.8470873832702637, "test/f1_macro": 0.6371727585792542, "test/wqKappa": 0.8067491054534912, "test/cnt_diff": 12.0, "test/cnt_correct_diff": 6.0, "epoch": 10, "trainer/global_step": 0, "_wandb": {"runtime": 173}}