{"test/conf_matrix": {"_type": "image-file", "sha256": "3c2f39dcb17f662d5fea2d011d9e241b9c34b837b0a54d1997962de720ccc158", "size": 29877, "path": "media/images/test/conf_matrix_0_3c2f39dcb17f662d5fea.png", "format": "png", "width": 1000, "height": 1000}, "_timestamp": 1661438834.895389, "_runtime": 385.99102807044983, "_step": 1, "test/loss": 0.714397668838501, "test/origin_acc": 0.6908189654350281, "test/new_acc": 0.6997875571250916, "test/f1_macro": 0.5772773027420044, "test/wqKappa": 0.5848680734634399, "test/cnt_diff": 232.0, "test/cnt_correct_diff": 123.0, "epoch": 3, "trainer/global_step": 0, "_wandb": {"runtime": 386}}