{"test/conf_matrix": {"_type": "image-file", "sha256": "5ad72e116a30e5fe4ba0bc260f89d4eab11aed9daafd6bcbcb32e8c1204861c2", "size": 31468, "path": "media/images/test/conf_matrix_0_5ad72e116a30e5fe4ba0.png", "format": "png", "width": 1000, "height": 1000}, "_timestamp": 1661456941.7463403, "_runtime": 138.20023822784424, "_step": 1, "test/loss": 0.8598936796188354, "test/origin_acc": 0.5937721133232117, "test/new_acc": 0.6239679455757141, "test/f1_macro": 0.5565011501312256, "test/wqKappa": 0.5537470579147339, "test/cnt_diff": 661.0, "test/cnt_correct_diff": 335.0, "epoch": 1, "trainer/global_step": 0, "_wandb": {"runtime": 137}}