{"test/conf_matrix": {"_type": "image-file", "sha256": "3c63d6106cda0c717e4abe174b8a9bff2bd783eec3fcafc944d0dff00a8abbaf", "size": 28877, "path": "media/images/test/conf_matrix_0_3c63d6106cda0c717e4a.png", "format": "png", "width": 1000, "height": 1000}, "_timestamp": 1661414463.4854944, "_runtime": 166.81345129013062, "_step": 1, "test/loss": 0.6313098073005676, "test/origin_acc": 0.7738962173461914, "test/new_acc": 0.716642439365387, "test/f1_macro": 0.5168057680130005, "test/wqKappa": 0.6312944889068604, "test/cnt_diff": 273.0, "test/cnt_correct_diff": 59.0, "epoch": 2, "trainer/global_step": 0, "_wandb": {"runtime": 166}}