{"test/conf_matrix": {"_type": "image-file", "sha256": "9b8c249fc1580e78cd8a56984f31543f61dbf0728f5ae607c9d955477ffb3cae", "size": 27334, "path": "media/images/test/conf_matrix_0_9b8c249fc1580e78cd8a.png", "format": "png", "width": 1000, "height": 1000}, "_timestamp": 1661401906.728377, "_runtime": 160.94208002090454, "_step": 1, "test/loss": 0.3241216242313385, "test/origin_acc": 0.8627204298973083, "test/new_acc": 0.8671284914016724, "test/f1_macro": 0.8307216167449951, "test/wqKappa": 0.9362392425537109, "test/cnt_diff": 35.0, "test/cnt_correct_diff": 21.0, "epoch": 6, "trainer/global_step": 0, "_wandb": {"runtime": 161}}