{"test/conf_matrix": {"_type": "image-file", "sha256": "14e6a0404a0dd9953b9a98577b5922aed6105046233e6dd9db039c33f825cba0", "size": 26747, "path": "media/images/test/conf_matrix_0_14e6a0404a0dd9953b9a.png", "format": "png", "width": 1000, "height": 1000}, "_timestamp": 1661481120.344947, "_runtime": 156.68703699111938, "_step": 1, "test/loss": 0.557793915271759, "test/origin_acc": 0.8131067752838135, "test/new_acc": 0.7956310510635376, "test/f1_macro": 0.6052123308181763, "test/wqKappa": 0.7533264756202698, "test/cnt_diff": 100.0, "test/cnt_correct_diff": 28.0, "epoch": 2, "trainer/global_step": 0, "_wandb": {"runtime": 156}}