{"test/conf_matrix": {"_type": "image-file", "sha256": "74f9a0f79f87e9c047d97897f04c760692301616b2b54734d5b79d8f5c678f9a", "size": 27766, "path": "media/images/test/conf_matrix_0_74f9a0f79f87e9c047d9.png", "format": "png", "width": 1000, "height": 1000}, "_timestamp": 1661418059.853228, "_runtime": 166.4186429977417, "_step": 1, "test/loss": 0.5568793416023254, "test/origin_acc": 0.8282387256622314, "test/new_acc": 0.8253275156021118, "test/f1_macro": 0.6239283084869385, "test/wqKappa": 0.7742003202438354, "test/cnt_diff": 22.0, "test/cnt_correct_diff": 5.0, "epoch": 8, "trainer/global_step": 0, "_wandb": {"runtime": 166}}