{"test/conf_matrix": {"_type": "image-file", "sha256": "720d6aca4be6e0460e9d0e9aebf17b8acc6b90644d9e5983cde9809e97afe0b7", "size": 30165, "path": "media/images/test/conf_matrix_0_720d6aca4be6e0460e9d.png", "format": "png", "width": 1000, "height": 1000}, "_timestamp": 1661444615.4248426, "_runtime": 140.9126536846161, "_step": 1, "test/loss": 2.0962419509887695, "test/origin_acc": 0.4666246771812439, "test/new_acc": 0.4628463387489319, "test/f1_macro": 0.29545992612838745, "test/wqKappa": 0.1194298267364502, "test/cnt_diff": 122.0, "test/cnt_correct_diff": 28.0, "epoch": 3, "trainer/global_step": 0, "_wandb": {"runtime": 141}}