{"test/conf_matrix": {"_type": "image-file", "sha256": "7af45d986bc56833669e67cb8663d1325d46ba866a3bbbcdab93b679e9f11f2f", "size": 28686, "path": "media/images/test/conf_matrix_0_7af45d986bc56833669e.png", "format": "png", "width": 1000, "height": 1000}, "_timestamp": 1661411981.1260042, "_runtime": 131.40824222564697, "_step": 1, "test/loss": 0.6313098073005676, "test/origin_acc": 0.7738962173461914, "test/new_acc": 0.7627365589141846, "test/f1_macro": 0.5565346479415894, "test/wqKappa": 0.6743118762969971, "test/cnt_diff": 96.0, "test/cnt_correct_diff": 26.0, "epoch": 2, "trainer/global_step": 0, "_wandb": {"runtime": 131}}