{"test/conf_matrix": {"_type": "image-file", "sha256": "a4fdb968119ddfd03a163a7879d940094197357f4e08547bf15f9d0dc9a212e2", "size": 29794, "path": "media/images/test/conf_matrix_0_a4fdb968119ddfd03a16.png", "format": "png", "width": 1000, "height": 1000}, "_timestamp": 1661436494.6345878, "_runtime": 126.9712347984314, "_step": 1, "test/loss": 2.1597023010253906, "test/origin_acc": 0.49370276927948, "test/new_acc": 0.49370276927948, "test/f1_macro": 0.32275670766830444, "test/wqKappa": 0.49470585584640503, "test/cnt_diff": 32.0, "test/cnt_correct_diff": 8.0, "epoch": 10, "trainer/global_step": 0, "_wandb": {"runtime": 128}}