{"test/conf_matrix": {"_type": "image-file", "sha256": "416c25f76529f812978a3d6c654da4948c268237022d5608e62012f2ea0fd2cd", "size": 27649, "path": "media/images/test/conf_matrix_0_416c25f76529f812978a.png", "format": "png", "width": 1000, "height": 1000}, "_timestamp": 1660722806.982516, "_runtime": 210.15754914283752, "_step": 1, "test/loss": 0.5653321146965027, "test/origin_acc": 0.8330907821655273, "test/new_acc": 0.8330907821655273, "test/f1_macro": 0.6318475604057312, "test/wqKappa": 0.775973916053772, "test/cnt_diff": 4.0, "test/cnt_correct_diff": 1.0, "epoch": 12, "trainer/global_step": 0, "_wandb": {"runtime": 209}}