{"test/conf_matrix": {"_type": "image-file", "sha256": "c55e7bdad66855e1d7b0af5cf13171e30cc77878b6bfc96bec5b4d0e9980fed9", "size": 31089, "path": "media/images/test/conf_matrix_0_c55e7bdad66855e1d7b0.png", "format": "png", "width": 1000, "height": 1000}, "_timestamp": 1660652711.7719934, "_runtime": 757.1538133621216, "_step": 1, "test/loss": 0.6168479919433594, "test/origin_acc": 0.7463871836662292, "test/new_acc": 0.7336826920509338, "test/f1_macro": 0.6975686550140381, "test/wqKappa": 0.6858062744140625, "test/cnt_diff": 341.0, "test/cnt_correct_diff": 126.0, "epoch": 5, "trainer/global_step": 0, "_wandb": {"runtime": 757}}