{"test/conf_matrix": {"_type": "image-file", "sha256": "8158fd905ee67595e3d520e7836a890f7d397d8f4c960962d388ee58f66dbc37", "size": 25667, "path": "media/images/test/conf_matrix_0_8158fd905ee67595e3d5.png", "format": "png", "width": 1000, "height": 1000}, "_timestamp": 1660665573.143746, "_runtime": 209.48605394363403, "_step": 1, "test/loss": 0.3087417483329773, "test/origin_acc": 0.8916876316070557, "test/new_acc": 0.8835012316703796, "test/f1_macro": 0.8382047414779663, "test/wqKappa": 0.9421027898788452, "test/cnt_diff": 53.0, "test/cnt_correct_diff": 18.0, "epoch": 8, "trainer/global_step": 0, "_wandb": {"runtime": 209}}