{"test/conf_matrix": {"_type": "image-file", "sha256": "c016d7b9f6e9dfb8675a8c196e91b55f0c2618d399b09ad66b7c9617a8d4089f", "size": 27961, "path": "media/images/test/conf_matrix_0_c016d7b9f6e9dfb8675a.png", "format": "png", "width": 1000, "height": 1000}, "_timestamp": 1661488519.65234, "_runtime": 125.25506591796875, "_step": 1, "test/loss": 0.6395517587661743, "test/origin_acc": 0.8155339956283569, "test/new_acc": 0.8165048360824585, "test/f1_macro": 0.626194417476654, "test/wqKappa": 0.764202892780304, "test/cnt_diff": 7.0, "test/cnt_correct_diff": 3.0, "epoch": 11, "trainer/global_step": 0, "_wandb": {"runtime": 125}}