{"test/conf_matrix": {"_type": "image-file", "sha256": "745ce5c43d97f31f74e7ea485e787e8b7c0ca82a265db6c327352c4be54e93dd", "size": 29845, "path": "media/images/test/conf_matrix_0_745ce5c43d97f31f74e7.png", "format": "png", "width": 1000, "height": 1000}, "_timestamp": 1661442145.97547, "_runtime": 384.96291995048523, "_step": 1, "test/loss": 0.6964133977890015, "test/origin_acc": 0.6936511397361755, "test/new_acc": 0.6983714699745178, "test/f1_macro": 0.6029847860336304, "test/wqKappa": 0.6080702543258667, "test/cnt_diff": 216.0, "test/cnt_correct_diff": 113.0, "epoch": 8, "trainer/global_step": 0, "_wandb": {"runtime": 385}}