{"test/conf_matrix": {"_type": "image-file", "sha256": "9bcd6bd1813de8a8148a212f7e50d80d78daf3a332b16ac2890b5d79413b0303", "size": 26968, "path": "media/images/test/conf_matrix_0_9bcd6bd1813de8a8148a.png", "format": "png", "width": 1000, "height": 1000}, "_timestamp": 1660138693.0755582, "_runtime": 305.5822491645813, "_step": 1, "test/loss": 0.3087417483329773, "test/origin_acc": 0.8916876316070557, "test/new_acc": 0.8690176606178284, "test/f1_macro": 0.812410831451416, "test/wqKappa": 0.9365083575248718, "test/cnt_diff": 87.0, "test/cnt_correct_diff": 24.0, "epoch": 8, "trainer/global_step": 0, "_wandb": {"runtime": 306}}