{"test/conf_matrix": {"_type": "image-file", "sha256": "b15c6ec1a8089e583a6a6da84573f33ec1f0716fbb48ccebe35e9b89e79c710a", "size": 26746, "path": "media/images/test/conf_matrix_0_b15c6ec1a8089e583a6a.png", "format": "png", "width": 1000, "height": 1000}, "_timestamp": 1661327680.1632962, "_runtime": 106.03778314590454, "_step": 1, "test/loss": 0.31017082929611206, "test/origin_acc": 0.8753148317337036, "test/new_acc": 0.8608312606811523, "test/f1_macro": 0.8275249600410461, "test/wqKappa": 0.9352626800537109, "test/cnt_diff": 83.0, "test/cnt_correct_diff": 30.0, "epoch": 7, "trainer/global_step": 0, "_wandb": {"runtime": 104}}