{"test/conf_matrix": {"_type": "image-file", "sha256": "f603aaf87f5bd9adc8b05ea829c368dc7d5976f8e60d89e3a4b31bde0bbbb326", "size": 27774, "path": "media/images/test/conf_matrix_0_f603aaf87f5bd9adc8b0.png", "format": "png", "width": 1000, "height": 1000}, "_timestamp": 1661334557.248442, "_runtime": 77.34663486480713, "_step": 1, "test/loss": 0.36475446820259094, "test/origin_acc": 0.8339622616767883, "test/new_acc": 0.8308176398277283, "test/f1_macro": 0.8005497455596924, "test/wqKappa": 0.9197961688041687, "test/cnt_diff": 94.0, "test/cnt_correct_diff": 44.0, "epoch": 7, "trainer/global_step": 0, "_wandb": {"runtime": 76}}