{"test/conf_matrix": {"_type": "image-file", "sha256": "521ee1de632c883254c18f7ec700ac31f204396f62f5c94e4501e248bf0f1969", "size": 27652, "path": "media/images/test/conf_matrix_0_521ee1de632c883254c1.png", "format": "png", "width": 1000, "height": 1000}, "_timestamp": 1660645123.3706293, "_runtime": 202.4263563156128, "_step": 1, "test/loss": 0.6062291860580444, "test/origin_acc": 0.8277535438537598, "test/new_acc": 0.8272683620452881, "test/f1_macro": 0.6211569309234619, "test/wqKappa": 0.7626254558563232, "test/cnt_diff": 9.0, "test/cnt_correct_diff": 3.0, "epoch": 7, "trainer/global_step": 0, "_wandb": {"runtime": 203}}