{"test/conf_matrix": {"_type": "image-file", "sha256": "b6cf4b996d9aeaf62246b68b851ae841294b8f7c7534dd6169e97187cb12698c", "size": 26892, "path": "media/images/test/conf_matrix_0_b6cf4b996d9aeaf62246.png", "format": "png", "width": 1000, "height": 1000}, "_timestamp": 1661337443.8126488, "_runtime": 72.29969787597656, "_step": 1, "test/loss": 0.36290663480758667, "test/origin_acc": 0.8465409278869629, "test/new_acc": 0.8465409278869629, "test/f1_macro": 0.8077706098556519, "test/wqKappa": 0.927709698677063, "test/cnt_diff": 32.0, "test/cnt_correct_diff": 16.0, "epoch": 7, "trainer/global_step": 0, "_wandb": {"runtime": 71}}