{"test/conf_matrix": {"_type": "image-file", "sha256": "a1b6a09037ded924a7646bcdf4ee00d9ed5892e0c106e4c1912a1594d07428da", "size": 26182, "path": "media/images/test/conf_matrix_0_a1b6a09037ded924a764.png", "format": "png", "width": 1000, "height": 1000}, "_timestamp": 1661509988.7202525, "_runtime": 84.28230452537537, "_step": 1, "test/loss": 0.31992873549461365, "test/origin_acc": 0.8715365529060364, "test/new_acc": 0.8753148317337036, "test/f1_macro": 0.839360237121582, "test/wqKappa": 0.9388200044631958, "test/cnt_diff": 32.0, "test/cnt_correct_diff": 18.0, "epoch": 6, "trainer/global_step": 0, "_wandb": {"runtime": 83}}