{"test/conf_matrix": {"_type": "image-file", "sha256": "b291ec26b14b20623b135725bb83098cb26bda2394b5df5ff91f2385056f4fe0", "size": 30722, "path": "media/images/test/conf_matrix_0_b291ec26b14b20623b13.png", "format": "png", "width": 1000, "height": 1000}, "_timestamp": 1661443496.930743, "_runtime": 443.1431550979614, "_step": 1, "test/loss": 0.9711070656776428, "test/origin_acc": 0.5501534342765808, "test/new_acc": 0.5805994868278503, "test/f1_macro": 0.5372848510742188, "test/wqKappa": 0.48878955841064453, "test/cnt_diff": 1042.0, "test/cnt_correct_diff": 385.0, "epoch": 2, "trainer/global_step": 0, "_wandb": {"runtime": 443}}