{"test/conf_matrix": {"_type": "image-file", "sha256": "d2bb8d8f395d984bfa611c7609e473a0ab02404394565ec0c6b3e54c1a856ea5", "size": 29810, "path": "media/images/test/conf_matrix_0_d2bb8d8f395d984bfa61.png", "format": "png", "width": 1000, "height": 1000}, "_timestamp": 1661441106.1934295, "_runtime": 405.07245349884033, "_step": 1, "test/loss": 0.9711070656776428, "test/origin_acc": 0.5501534342765808, "test/new_acc": 0.5864998698234558, "test/f1_macro": 0.5379351377487183, "test/wqKappa": 0.4955648183822632, "test/cnt_diff": 846.0, "test/cnt_correct_diff": 304.0, "epoch": 2, "trainer/global_step": 0, "_wandb": {"runtime": 406}}