{"test/conf_matrix": {"_type": "image-file", "sha256": "8f5ff9f676efd8d4f9dd2bbc3fbc3e8eb67d4b0e453e6a0bba2ce5698ce26c00", "size": 30669, "path": "media/images/test/conf_matrix_0_8f5ff9f676efd8d4f9dd.png", "format": "png", "width": 1000, "height": 1000}, "_timestamp": 1661419689.2364068, "_runtime": 494.65589785575867, "_step": 1, "test/loss": 2.3457894325256348, "test/origin_acc": 0.4401763081550598, "test/new_acc": 0.35516372323036194, "test/f1_macro": 0.2620253562927246, "test/wqKappa": 0.34668368101119995, "test/cnt_diff": 1152.0, "test/cnt_correct_diff": 347.0, "epoch": 2, "trainer/global_step": 0, "_wandb": {"runtime": 494}}