{"test/conf_matrix": {"_type": "image-file", "sha256": "8da6618fddd213f75aaf86812585fca47dff5ed3bc3d578fd195d12fd3827137", "size": 29424, "path": "media/images/test/conf_matrix_0_8da6618fddd213f75aaf.png", "format": "png", "width": 1000, "height": 1000}, "_timestamp": 1661437085.3957846, "_runtime": 138.15704560279846, "_step": 1, "test/loss": 2.1597023010253906, "test/origin_acc": 0.49370276927948, "test/new_acc": 0.496221661567688, "test/f1_macro": 0.32363682985305786, "test/wqKappa": 0.4970186948776245, "test/cnt_diff": 33.0, "test/cnt_correct_diff": 11.0, "epoch": 10, "trainer/global_step": 0, "_wandb": {"runtime": 138}}