{"test/conf_matrix": {"_type": "image-file", "sha256": "a3addd328ba73c51f70631266e1ccfe0cbe111e060b5fe1833486ecf54a81dfe", "size": 30902, "path": "media/images/test/conf_matrix_0_a3addd328ba73c51f706.png", "format": "png", "width": 1000, "height": 1000}, "_timestamp": 1660737864.2206461, "_runtime": 675.2606980800629, "_step": 1, "test/loss": 0.6168479919433594, "test/origin_acc": 0.7463871836662292, "test/new_acc": 0.7446402907371521, "test/f1_macro": 0.6961982250213623, "test/wqKappa": 0.6799359917640686, "test/cnt_diff": 374.0, "test/cnt_correct_diff": 171.0, "epoch": 5, "trainer/global_step": 0, "_wandb": {"runtime": 674}}