{"test/conf_matrix": {"_type": "image-file", "sha256": "8c12780912091fff36494a2458e36f6ccb36a82dd379cc1b11f6eef021043253", "size": 30718, "path": "media/images/test/conf_matrix_0_8c12780912091fff3649.png", "format": "png", "width": 1000, "height": 1000}, "_timestamp": 1661459326.1352, "_runtime": 111.49707293510437, "_step": 1, "test/loss": 3.2831687927246094, "test/origin_acc": 0.372795969247818, "test/new_acc": 0.35957178473472595, "test/f1_macro": 0.27671098709106445, "test/wqKappa": 0.04725700616836548, "test/cnt_diff": 117.0, "test/cnt_correct_diff": 30.0, "epoch": 5, "trainer/global_step": 0, "_wandb": {"runtime": 111}}