{"test/conf_matrix": {"_type": "image-file", "sha256": "52b4d9c82da45f19f6d758f9b10a4958ee0af58987fa1de2c49195e9d8723db3", "size": 27601, "path": "media/images/test/conf_matrix_0_52b4d9c82da45f19f6d7.png", "format": "png", "width": 1000, "height": 1000}, "_timestamp": 1661404339.1604626, "_runtime": 135.64692664146423, "_step": 1, "test/loss": 0.5979331135749817, "test/origin_acc": 0.8136826753616333, "test/new_acc": 0.810286283493042, "test/f1_macro": 0.6097173094749451, "test/wqKappa": 0.7419569492340088, "test/cnt_diff": 55.0, "test/cnt_correct_diff": 21.0, "epoch": 15, "trainer/global_step": 0, "_wandb": {"runtime": 135}}