{"test/conf_matrix": {"_type": "image-file", "sha256": "ea6b407e7a313b700f903e8bff4aa4873165a3367674db9070418af7f75c9984", "size": 27285, "path": "media/images/test/conf_matrix_0_ea6b407e7a313b700f90.png", "format": "png", "width": 1000, "height": 1000}, "_timestamp": 1660661385.8090742, "_runtime": 222.12298011779785, "_step": 1, "test/loss": 0.3087417483329773, "test/origin_acc": 0.8916876316070557, "test/new_acc": 0.8602015376091003, "test/f1_macro": 0.7992234826087952, "test/wqKappa": 0.9293602705001831, "test/cnt_diff": 109.0, "test/cnt_correct_diff": 25.0, "epoch": 8, "trainer/global_step": 0, "_wandb": {"runtime": 222}}