{"test/conf_matrix": {"_type": "image-file", "sha256": "ea80ef89e9bf1e465eac17e2028f002c60fac81b6c1ead98753f0c4259ead864", "size": 31202, "path": "media/images/test/conf_matrix_0_ea80ef89e9bf1e465eac.png", "format": "png", "width": 1000, "height": 1000}, "_timestamp": 1661441459.8702953, "_runtime": 154.3588273525238, "_step": 1, "test/loss": 2.620410442352295, "test/origin_acc": 0.250629723072052, "test/new_acc": 0.2821158766746521, "test/f1_macro": 0.24227562546730042, "test/wqKappa": -0.3476489782333374, "test/cnt_diff": 761.0, "test/cnt_correct_diff": 199.0, "epoch": 0, "trainer/global_step": 0, "_wandb": {"runtime": 154}}