{"test/loss": 0.9622051119804382, "test/acc": 0.8746851682662964, "test/f1_macro": 0.8266661763191223, "test/wqKappa": 0.9378885626792908, "epoch": 13, "trainer/global_step": 0, "_timestamp": 1656338439, "_runtime": 98, "_step": 0, "_wandb": {"runtime": 98}}