{"test/conf_matrix": {"_type": "image-file", "sha256": "1947cfc4fcde676b967310d71ba60b7c5de140157644fa5056907f85d451c952", "size": 28388, "path": "media/images/test/conf_matrix_0_1947cfc4fcde676b9673.png", "format": "png", "width": 1000, "height": 1000}, "_timestamp": 1661331000.9898555, "_runtime": 125.52290558815002, "_step": 1, "test/loss": 0.46994638442993164, "test/origin_acc": 0.8075471520423889, "test/new_acc": 0.7698113322257996, "test/f1_macro": 0.7376569509506226, "test/wqKappa": 0.888954758644104, "test/cnt_diff": 180.0, "test/cnt_correct_diff": 57.0, "epoch": 8, "trainer/global_step": 0, "_wandb": {"runtime": 125}}