{"test/conf_matrix": {"_type": "image-file", "sha256": "eaf83ae227bfd83447145a86e9a2f9c085cc906b89eec47f5618f8ae3ef531b2", "size": 29320, "path": "media/images/test/conf_matrix_0_eaf83ae227bfd8344714.png", "format": "png", "width": 1000, "height": 1000}, "_timestamp": 1661329352.5435224, "_runtime": 108.06027841567993, "_step": 1, "test/loss": 0.46994638442993164, "test/origin_acc": 0.8075471520423889, "test/new_acc": 0.7188678979873657, "test/f1_macro": 0.6899423599243164, "test/wqKappa": 0.8625175356864929, "test/cnt_diff": 266.0, "test/cnt_correct_diff": 59.0, "epoch": 8, "trainer/global_step": 0, "_wandb": {"runtime": 107}}