{"test/conf_matrix": {"_type": "image-file", "sha256": "1ad5c228c1f3f95bbc792405526cffe9bef5e8b8a45152f1e62c8d821940fbdb", "size": 27071, "path": "media/images/test/conf_matrix_0_1ad5c228c1f3f95bbc79.png", "format": "png", "width": 1000, "height": 1000}, "_timestamp": 1661334105.0133774, "_runtime": 134.5470414161682, "_step": 1, "test/loss": 0.32888326048851013, "test/origin_acc": 0.8652393221855164, "test/new_acc": 0.8557934761047363, "test/f1_macro": 0.8161523342132568, "test/wqKappa": 0.9335841536521912, "test/cnt_diff": 96.0, "test/cnt_correct_diff": 40.0, "epoch": 4, "trainer/global_step": 0, "_wandb": {"runtime": 134}}