{"test/conf_matrix": {"_type": "image-file", "sha256": "2be68cc5fecaed1c4e3eeb6a52f2b6d46a40a21f56c2ef68a7b4b7ecdf19cabb", "size": 29644, "path": "media/images/test/conf_matrix_0_2be68cc5fecaed1c4e3e.png", "format": "png", "width": 1000, "height": 1000}, "_timestamp": 1661442839.2133553, "_runtime": 151.07915425300598, "_step": 1, "test/loss": 2.0962419509887695, "test/origin_acc": 0.4666246771812439, "test/new_acc": 0.4615868926048279, "test/f1_macro": 0.2975492477416992, "test/wqKappa": 0.12439000606536865, "test/cnt_diff": 138.0, "test/cnt_correct_diff": 32.0, "epoch": 3, "trainer/global_step": 0, "_wandb": {"runtime": 151}}