{"test/conf_matrix": {"_type": "image-file", "sha256": "a59c9647f70e1fa629fb7414b3951b1c2a0c512b33abb44fb3b7f6b0b409c6df", "size": 28213, "path": "media/images/test/conf_matrix_0_a59c9647f70e1fa629fb.png", "format": "png", "width": 1000, "height": 1000}, "_timestamp": 1661478897.676912, "_runtime": 167.34676504135132, "_step": 1, "test/loss": 0.5617218017578125, "test/origin_acc": 0.8286407589912415, "test/new_acc": 0.8286407589912415, "test/f1_macro": 0.6200220584869385, "test/wqKappa": 0.7631543874740601, "test/cnt_diff": 3.0, "test/cnt_correct_diff": 1.0, "epoch": 10, "trainer/global_step": 0, "_wandb": {"runtime": 167}}