{"test/conf_matrix": {"_type": "image-file", "sha256": "4f4948c9a13a12c707104d257af773ff994314c12a74512154f7932faed10737", "size": 30883, "path": "media/images/test/conf_matrix_0_4f4948c9a13a12c70710.png", "format": "png", "width": 1000, "height": 1000}, "_timestamp": 1661460311.6993587, "_runtime": 103.92923378944397, "_step": 1, "test/loss": 3.2831687927246094, "test/origin_acc": 0.372795969247818, "test/new_acc": 0.3104534149169922, "test/f1_macro": 0.26372742652893066, "test/wqKappa": 0.10087257623672485, "test/cnt_diff": 444.0, "test/cnt_correct_diff": 111.0, "epoch": 5, "trainer/global_step": 0, "_wandb": {"runtime": 103}}