{"test/conf_matrix": {"_type": "image-file", "sha256": "f3413ba052990133bd6fd575e7aa619473a5ded514de4317e407a51117cb8d79", "size": 27773, "path": "media/images/test/conf_matrix_0_f3413ba052990133bd6f.png", "format": "png", "width": 1000, "height": 1000}, "_timestamp": 1660724762.8853571, "_runtime": 211.48215103149414, "_step": 1, "test/loss": 0.5653321146965027, "test/origin_acc": 0.8330907821655273, "test/new_acc": 0.8364871740341187, "test/f1_macro": 0.6324849128723145, "test/wqKappa": 0.7767707109451294, "test/cnt_diff": 22.0, "test/cnt_correct_diff": 13.0, "epoch": 12, "trainer/global_step": 0, "_wandb": {"runtime": 209}}