{"test/conf_matrix": {"_type": "image-file", "sha256": "95a7b36d79fdb552ef74f8426600ff9ba7610bf136637fcc2869f579cb459914", "size": 27212, "path": "media/images/test/conf_matrix_0_95a7b36d79fdb552ef74.png", "format": "png", "width": 1000, "height": 1000}, "_timestamp": 1661333824.1834447, "_runtime": 89.21142768859863, "_step": 1, "test/loss": 0.36475446820259094, "test/origin_acc": 0.8339622616767883, "test/new_acc": 0.8257861733436584, "test/f1_macro": 0.79669189453125, "test/wqKappa": 0.9178368449211121, "test/cnt_diff": 116.0, "test/cnt_correct_diff": 51.0, "epoch": 7, "trainer/global_step": 0, "_wandb": {"runtime": 89}}