{"test/conf_matrix": {"_type": "image-file", "sha256": "db8cfd0b73a6bfcb3f7a9a9cbeebcacbdbcbdbbc2cbb907d24c7bcc20e2b8511", "size": 27685, "path": "media/images/test/conf_matrix_0_db8cfd0b73a6bfcb3f7a.png", "format": "png", "width": 1000, "height": 1000}, "_timestamp": 1661935874.932623, "_runtime": 202.26241183280945, "_step": 1, "test/loss": 0.31690359115600586, "test/origin_acc": 0.8740554451942444, "test/new_acc": 0.8564231991767883, "test/f1_macro": 0.824830174446106, "test/wqKappa": 0.9315050840377808, "test/cnt_diff": 86.0, "test/cnt_correct_diff": 27.0, "epoch": 8, "trainer/global_step": 0, "_wandb": {"runtime": 201}}