{"test/conf_matrix": {"_type": "image-file", "sha256": "e8c2081e7632abdd0f22a4518f8c9810a1b4983c87efe48dcbed29e5fbda751f", "size": 27174, "path": "media/images/test/conf_matrix_0_e8c2081e7632abdd0f22.png", "format": "png", "width": 1000, "height": 1000}, "_timestamp": 1661335241.9185548, "_runtime": 72.58530068397522, "_step": 1, "test/loss": 0.36475446820259094, "test/origin_acc": 0.8339622616767883, "test/new_acc": 0.8371069431304932, "test/f1_macro": 0.8002869486808777, "test/wqKappa": 0.9231330752372742, "test/cnt_diff": 7.0, "test/cnt_correct_diff": 6.0, "epoch": 7, "trainer/global_step": 0, "_wandb": {"runtime": 71}}