{"test/conf_matrix": {"_type": "image-file", "sha256": "61e60dcec13851e7b918df812b00ccb57aac7f5e9a77b1b036c8a3ad3a9dc955", "size": 30084, "path": "media/images/test/conf_matrix_0_61e60dcec13851e7b918.png", "format": "png", "width": 1000, "height": 1000}, "_timestamp": 1661417140.4175234, "_runtime": 416.48007249832153, "_step": 1, "test/loss": 1.5902985334396362, "test/origin_acc": 0.6070529222488403, "test/new_acc": 0.5667506456375122, "test/f1_macro": 0.4030810594558716, "test/wqKappa": 0.48928743600845337, "test/cnt_diff": 233.0, "test/cnt_correct_diff": 56.0, "epoch": 5, "trainer/global_step": 0, "_wandb": {"runtime": 416}}