{"test/conf_matrix": {"_type": "image-file", "sha256": "cae5e8bcd40f4b3db2e8505835806cdbcfe95dda8ede84161d7fa62143fa2782", "size": 25639, "path": "media/images/test/conf_matrix_0_cae5e8bcd40f4b3db2e8.png", "format": "png", "width": 1000, "height": 1000}, "_timestamp": 1661404941.6381552, "_runtime": 127.42730927467346, "_step": 1, "test/loss": 0.28993910551071167, "test/origin_acc": 0.8929470777511597, "test/new_acc": 0.8847606778144836, "test/f1_macro": 0.8518869280815125, "test/wqKappa": 0.9446595311164856, "test/cnt_diff": 37.0, "test/cnt_correct_diff": 12.0, "epoch": 6, "trainer/global_step": 0, "_wandb": {"runtime": 127}}