{"test/conf_matrix": {"_type": "image-file", "sha256": "8c695a5a65b8ff85b6e6a2c4afe6ef0079f99d80d7959df064b6cfb27b811f8b", "size": 28690, "path": "media/images/test/conf_matrix_0_8c695a5a65b8ff85b6e6.png", "format": "png", "width": 1000, "height": 1000}, "_timestamp": 1661412749.41674, "_runtime": 197.01624703407288, "_step": 1, "test/loss": 0.6313098073005676, "test/origin_acc": 0.7738962173461914, "test/new_acc": 0.7573993802070618, "test/f1_macro": 0.5537705421447754, "test/wqKappa": 0.6620737314224243, "test/cnt_diff": 115.0, "test/cnt_correct_diff": 32.0, "epoch": 2, "trainer/global_step": 0, "_wandb": {"runtime": 196}}