{"test/conf_matrix": {"_type": "image-file", "sha256": "e3c2f2394eebbd991715374afbe8e1f28cc910fc7efaf74308f96cf718ed0f47", "size": 27239, "path": "media/images/test/conf_matrix_0_e3c2f2394eebbd991715.png", "format": "png", "width": 1000, "height": 1000}, "_timestamp": 1660666408.5493488, "_runtime": 225.7420997619629, "_step": 1, "test/loss": 0.3087417483329773, "test/origin_acc": 0.8916876316070557, "test/new_acc": 0.8406801223754883, "test/f1_macro": 0.7770835757255554, "test/wqKappa": 0.9189563989639282, "test/cnt_diff": 144.0, "test/cnt_correct_diff": 25.0, "epoch": 8, "trainer/global_step": 0, "_wandb": {"runtime": 225}}