{"test/conf_matrix": {"_type": "image-file", "sha256": "8e90121a109217f4e78c6dd48db7467f0d5add05db952503c612bc10c1c8bf2d", "size": 27349, "path": "media/images/test/conf_matrix_0_8e90121a109217f4e78c.png", "format": "png", "width": 1000, "height": 1000}, "_timestamp": 1661329913.5135496, "_runtime": 118.94744968414307, "_step": 1, "test/loss": 0.46994638442993164, "test/origin_acc": 0.8075471520423889, "test/new_acc": 0.7767295837402344, "test/f1_macro": 0.7340475916862488, "test/wqKappa": 0.8904253244400024, "test/cnt_diff": 120.0, "test/cnt_correct_diff": 33.0, "epoch": 8, "trainer/global_step": 0, "_wandb": {"runtime": 118}}