{"test/loss": 0.9154163599014282, "test/acc": 0.748110830783844, "test/f1_macro": 0.4456137418746948, "test/wqKappa": 0.8629591464996338, "epoch": 20, "trainer/global_step": 0, "_timestamp": 1656338076, "_runtime": 99, "_step": 0, "_wandb": {"runtime": 99}}