{"test/conf_matrix": {"_type": "image-file", "sha256": "deef2aa2def649aad430a2a53683a578ccad42ac8d1cd0da04524862fe19895d", "size": 26286, "path": "media/images/test/conf_matrix_0_deef2aa2def649aad430.png", "format": "png", "width": 1000, "height": 1000}, "_timestamp": 1661884532.4107573, "_runtime": 302.7704403400421, "_step": 1, "test/loss": 0.37694475054740906, "test/origin_acc": 0.8394206762313843, "test/new_acc": 0.8261964917182922, "test/f1_macro": 0.7866775989532471, "test/wqKappa": 0.9191080927848816, "test/cnt_diff": 73.0, "test/cnt_correct_diff": 26.0, "epoch": 2, "trainer/global_step": 0, "_wandb": {"runtime": 302}}