{"test/conf_matrix": {"_type": "image-file", "sha256": "38dd7e9c12fcea252260136f48f7336ee4ed0b078019b31badf21564a984ccdc", "size": 29028, "path": "media/images/test/conf_matrix_0_38dd7e9c12fcea252260.png", "format": "png", "width": 1000, "height": 1000}, "_timestamp": 1661454216.879547, "_runtime": 221.72431921958923, "_step": 1, "test/loss": 0.663868248462677, "test/origin_acc": 0.7158367037773132, "test/new_acc": 0.720320999622345, "test/f1_macro": 0.6382766962051392, "test/wqKappa": 0.6319632530212402, "test/cnt_diff": 76.0, "test/cnt_correct_diff": 40.0, "epoch": 3, "trainer/global_step": 0, "_wandb": {"runtime": 221}}