{"test/conf_matrix": {"_type": "image-file", "sha256": "20b8fd6353d80f6bb53fa807a26c48edf8edcebb39cf3ef4dafdf07ccd37c036", "size": 27299, "path": "media/images/test/conf_matrix_0_20b8fd6353d80f6bb53f.png", "format": "png", "width": 1000, "height": 1000}, "_timestamp": 1661349226.8901465, "_runtime": 291.1515645980835, "_step": 1, "test/loss": 0.31416085362434387, "test/origin_acc": 0.8702771067619324, "test/new_acc": 0.8715365529060364, "test/f1_macro": 0.8332648277282715, "test/wqKappa": 0.9400336742401123, "test/cnt_diff": 2.0, "test/cnt_correct_diff": 2.0, "epoch": 5, "trainer/global_step": 0, "_wandb": {"runtime": 290}}