{"test/conf_matrix": {"_type": "image-file", "sha256": "4f1da29ab8a5772715285bee13b78137b1bedd092dc945e0f6d08026f6dfcfcc", "size": 26968, "path": "media/images/test/conf_matrix_0_4f1da29ab8a577271528.png", "format": "png", "width": 1000, "height": 1000}, "_timestamp": 1661882537.6064475, "_runtime": 305.6423304080963, "_step": 1, "test/loss": 0.33733710646629333, "test/origin_acc": 0.8570529222488403, "test/new_acc": 0.8520151376724243, "test/f1_macro": 0.7977814674377441, "test/wqKappa": 0.9293987154960632, "test/cnt_diff": 69.0, "test/cnt_correct_diff": 30.0, "epoch": 2, "trainer/global_step": 0, "_wandb": {"runtime": 305}}