{"test/conf_matrix": {"_type": "image-file", "sha256": "9379658011a3e5b1f966089746a00ecf76c43d6eb38d41cd4ac7b15746ee0466", "size": 27050, "path": "media/images/test/conf_matrix_0_9379658011a3e5b1f966.png", "format": "png", "width": 1000, "height": 1000}, "_timestamp": 1661332824.1533492, "_runtime": 116.9674870967865, "_step": 1, "test/loss": 0.32888326048851013, "test/origin_acc": 0.8652393221855164, "test/new_acc": 0.8696473836898804, "test/f1_macro": 0.8316373229026794, "test/wqKappa": 0.9390314817428589, "test/cnt_diff": 22.0, "test/cnt_correct_diff": 14.0, "epoch": 4, "trainer/global_step": 0, "_wandb": {"runtime": 116}}