{"test/conf_matrix": {"_type": "image-file", "sha256": "80fb44ddc739a98a3a03ff9654fb9aba5fe533534717126cb020235e2fe329f0", "size": 28173, "path": "media/images/test/conf_matrix_0_80fb44ddc739a98a3a03.png", "format": "png", "width": 1000, "height": 1000}, "_timestamp": 1660719510.4540386, "_runtime": 233.75316858291626, "_step": 1, "test/loss": 0.5653321146965027, "test/origin_acc": 0.8330907821655273, "test/new_acc": 0.8350315690040588, "test/f1_macro": 0.6323868036270142, "test/wqKappa": 0.7741612195968628, "test/cnt_diff": 20.0, "test/cnt_correct_diff": 10.0, "epoch": 12, "trainer/global_step": 0, "_wandb": {"runtime": 233}}