{"test/conf_matrix": {"_type": "image-file", "sha256": "08fd163f9f98cacf354a8c74c98133bb159a8e5925c81622bbeae7a0245dfa96", "size": 28295, "path": "media/images/test/conf_matrix_0_08fd163f9f98cacf354a.png", "format": "png", "width": 1000, "height": 1000}, "_timestamp": 1661411288.0832477, "_runtime": 274.2459237575531, "_step": 1, "test/loss": 0.6313098073005676, "test/origin_acc": 0.7738962173461914, "test/new_acc": 0.7506065368652344, "test/f1_macro": 0.5463119745254517, "test/wqKappa": 0.6693664789199829, "test/cnt_diff": 152.0, "test/cnt_correct_diff": 38.0, "epoch": 2, "trainer/global_step": 0, "_wandb": {"runtime": 273}}