{"test/conf_matrix": {"_type": "image-file", "sha256": "81b7fe287018d6ba60754644ff32764903d1fc9eb2191bb78564128df68199b8", "size": 26401, "path": "media/images/test/conf_matrix_0_81b7fe287018d6ba6075.png", "format": "png", "width": 1000, "height": 1000}, "_timestamp": 1661879992.9520571, "_runtime": 398.96717715263367, "_step": 1, "test/loss": 0.37694475054740906, "test/origin_acc": 0.8394206762313843, "test/new_acc": 0.8255667686462402, "test/f1_macro": 0.7856816053390503, "test/wqKappa": 0.9188210964202881, "test/cnt_diff": 74.0, "test/cnt_correct_diff": 26.0, "epoch": 2, "trainer/global_step": 0, "_wandb": {"runtime": 399}}