{"test/conf_matrix": {"_type": "image-file", "sha256": "910d4415dde7bb5b1f8cb9c8f284d50a1bf5e91541e5d4b9c902734e1ec515f0", "size": 30510, "path": "media/images/test/conf_matrix_0_910d4415dde7bb5b1f8c.png", "format": "png", "width": 1000, "height": 1000}, "_timestamp": 1661440954.848936, "_runtime": 362.83255219459534, "_step": 1, "test/loss": 0.714397668838501, "test/origin_acc": 0.6908189654350281, "test/new_acc": 0.6896389126777649, "test/f1_macro": 0.5704609751701355, "test/wqKappa": 0.566333532333374, "test/cnt_diff": 22.0, "test/cnt_correct_diff": 4.0, "epoch": 3, "trainer/global_step": 0, "_wandb": {"runtime": 362}}