{"test/conf_matrix": {"_type": "image-file", "sha256": "6ec8bb5d277f4224f9040e1573d9ca506791fe7c976f0fb9e6564d497374d78d", "size": 28591, "path": "media/images/test/conf_matrix_0_6ec8bb5d277f4224f904.png", "format": "png", "width": 1000, "height": 1000}, "_timestamp": 1661410214.7663913, "_runtime": 303.1713933944702, "_step": 1, "test/loss": 0.6313098073005676, "test/origin_acc": 0.7738962173461914, "test/new_acc": 0.7292576432228088, "test/f1_macro": 0.5244046449661255, "test/wqKappa": 0.6438157558441162, "test/cnt_diff": 234.0, "test/cnt_correct_diff": 55.0, "epoch": 2, "trainer/global_step": 0, "_wandb": {"runtime": 303}}