{"test/conf_matrix": {"_type": "image-file", "sha256": "0985d3e147ffe2c5ed390b45b6a04581f7e5b2ccd717a9c1dd2a758efcf14371", "size": 28907, "path": "media/images/test/conf_matrix_0_0985d3e147ffe2c5ed39.png", "format": "png", "width": 1000, "height": 1000}, "_timestamp": 1661327266.366028, "_runtime": 88.8767900466919, "_step": 1, "test/loss": 0.5756698250770569, "test/origin_acc": 0.7811321020126343, "test/new_acc": 0.49748432636260986, "test/f1_macro": 0.45118069648742676, "test/wqKappa": 0.6506596803665161, "test/cnt_diff": 648.0, "test/cnt_correct_diff": 82.0, "epoch": 8, "trainer/global_step": 0, "_wandb": {"runtime": 88}}