{"test/conf_matrix": {"_type": "image-file", "sha256": "a391c73e07b7ca2c671885a5019df317113f236eecd785f072c18bf4e6738835", "size": 27845, "path": "media/images/test/conf_matrix_0_a391c73e07b7ca2c6718.png", "format": "png", "width": 1000, "height": 1000}, "_timestamp": 1661930911.9565122, "_runtime": 274.64923214912415, "_step": 1, "test/loss": 0.31690359115600586, "test/origin_acc": 0.8740554451942444, "test/new_acc": 0.7808564305305481, "test/f1_macro": 0.7232296466827393, "test/wqKappa": 0.8929669260978699, "test/cnt_diff": 240.0, "test/cnt_correct_diff": 36.0, "epoch": 8, "trainer/global_step": 0, "_wandb": {"runtime": 272}}