{"test/conf_matrix": {"_type": "image-file", "sha256": "b2bae5b2862b77f07fd615ebee6379bcf766209291c643248f8d9d72e88a9e19", "size": 28925, "path": "media/images/test/conf_matrix_0_b2bae5b2862b77f07fd6.png", "format": "png", "width": 1000, "height": 1000}, "_timestamp": 1661328497.6987777, "_runtime": 79.68802571296692, "_step": 1, "test/loss": 0.46994638442993164, "test/origin_acc": 0.8075471520423889, "test/new_acc": 0.6842767596244812, "test/f1_macro": 0.6596353054046631, "test/wqKappa": 0.8478051424026489, "test/cnt_diff": 323.0, "test/cnt_correct_diff": 60.0, "epoch": 8, "trainer/global_step": 0, "_wandb": {"runtime": 79}}