{"test/conf_matrix": {"_type": "image-file", "sha256": "40f22a970c4d29662a852cf134efbfc0b6faf396344e3291664cd95267de563f", "size": 28520, "path": "media/images/test/conf_matrix_0_40f22a970c4d29662a85.png", "format": "png", "width": 1000, "height": 1000}, "_timestamp": 1661414012.9126537, "_runtime": 179.48671460151672, "_step": 1, "test/loss": 0.6313098073005676, "test/origin_acc": 0.7738962173461914, "test/new_acc": 0.7287724614143372, "test/f1_macro": 0.5267612934112549, "test/wqKappa": 0.6451953649520874, "test/cnt_diff": 233.0, "test/cnt_correct_diff": 54.0, "epoch": 2, "trainer/global_step": 0, "_wandb": {"runtime": 178}}