{"test/conf_matrix": {"_type": "image-file", "sha256": "c92d6bc028941f040e304a5e7d0d7338f7ca726777fb00854c358a4608554c66", "size": 30587, "path": "media/images/test/conf_matrix_0_c92d6bc028941f040e30.png", "format": "png", "width": 1000, "height": 1000}, "_timestamp": 1661453233.157653, "_runtime": 242.291846036911, "_step": 1, "test/loss": 0.663868248462677, "test/origin_acc": 0.7158367037773132, "test/new_acc": 0.7170167565345764, "test/f1_macro": 0.6309621334075928, "test/wqKappa": 0.6254961490631104, "test/cnt_diff": 222.0, "test/cnt_correct_diff": 99.0, "epoch": 3, "trainer/global_step": 0, "_wandb": {"runtime": 242}}