{"test/conf_matrix": {"_type": "image-file", "sha256": "132e3fd4b3ec1e12463a95dbe30cc03660184fa9c5a23ad0b4e98521e47e042a", "size": 30041, "path": "media/images/test/conf_matrix_0_132e3fd4b3ec1e12463a.png", "format": "png", "width": 1000, "height": 1000}, "_timestamp": 1661452123.0379417, "_runtime": 324.69970870018005, "_step": 1, "test/loss": 0.663868248462677, "test/origin_acc": 0.7158367037773132, "test/new_acc": 0.7012037038803101, "test/f1_macro": 0.625521183013916, "test/wqKappa": 0.6244362592697144, "test/cnt_diff": 489.0, "test/cnt_correct_diff": 199.0, "epoch": 3, "trainer/global_step": 0, "_wandb": {"runtime": 324}}