{"test/conf_matrix": {"_type": "image-file", "sha256": "6fc45c2c8bcc058366e9663c7a3e1094bcb7369afe087eddf75b2aca0edd3d23", "size": 27195, "path": "media/images/test/conf_matrix_0_6fc45c2c8bcc058366e9.png", "format": "png", "width": 1000, "height": 1000}, "_timestamp": 1661328460.8035748, "_runtime": 92.87491488456726, "_step": 1, "test/loss": 0.35823777318000793, "test/origin_acc": 0.8526448607444763, "test/new_acc": 0.8583123683929443, "test/f1_macro": 0.8264932632446289, "test/wqKappa": 0.9323126673698425, "test/cnt_diff": 11.0, "test/cnt_correct_diff": 10.0, "epoch": 5, "trainer/global_step": 0, "_wandb": {"runtime": 92}}