{"test/conf_matrix": {"_type": "image-file", "sha256": "f7c00e2b985c1e38934e8fc5ef838374723dfc92daacc3f112110744a1d01e6c", "size": 26162, "path": "media/images/test/conf_matrix_0_f7c00e2b985c1e38934e.png", "format": "png", "width": 1000, "height": 1000}, "_timestamp": 1662484564.150849, "_runtime": 172.637433052063, "_step": 1, "test/loss": 0.3087417483329773, "test/origin_acc": 0.8916876316070557, "test/new_acc": 0.8923173546791077, "test/f1_macro": 0.8556829690933228, "test/wqKappa": 0.9485002160072327, "test/cnt_diff": 1.0, "test/cnt_correct_diff": 1.0, "epoch": 8, "trainer/global_step": 0, "_wandb": {"runtime": 172}}