{"test/conf_matrix": {"_type": "image-file", "sha256": "a681d4bb8d1d1fe8b535505b14c8a99e6d70611ccbcad7beb794e601f3fd279f", "size": 29781, "path": "media/images/test/conf_matrix_0_a681d4bb8d1d1fe8b535.png", "format": "png", "width": 1000, "height": 1000}, "_timestamp": 1661434846.0548952, "_runtime": 144.8198561668396, "_step": 1, "test/loss": 2.1025230884552, "test/origin_acc": 0.5195214152336121, "test/new_acc": 0.5421914458274841, "test/f1_macro": 0.363529771566391, "test/wqKappa": 0.5612987279891968, "test/cnt_diff": 105.0, "test/cnt_correct_diff": 57.0, "epoch": 8, "trainer/global_step": 0, "_wandb": {"runtime": 144}}