{"test/conf_matrix": {"_type": "image-file", "sha256": "b7d5c41a68beabcb3961adffd81ac6f5cb60ab6df7bcfd1b37f05effdbfae2ad", "size": 31094, "path": "media/images/test/conf_matrix_0_b7d5c41a68beabcb3961.png", "format": "png", "width": 1000, "height": 1000}, "_timestamp": 1661440159.1911583, "_runtime": 279.4447863101959, "_step": 1, "test/loss": 0.714397668838501, "test/origin_acc": 0.6908189654350281, "test/new_acc": 0.6908189654350281, "test/f1_macro": 0.5762267112731934, "test/wqKappa": 0.5690761804580688, "test/cnt_diff": 42.0, "test/cnt_correct_diff": 13.0, "epoch": 3, "trainer/global_step": 0, "_wandb": {"runtime": 279}}