{"test/conf_matrix": {"_type": "image-file", "sha256": "33c665368fa26b318614e39fe9de21e3d29cc2e7d24fb7c6d6c190526340571b", "size": 29673, "path": "media/images/test/conf_matrix_0_33c665368fa26b318614.png", "format": "png", "width": 1000, "height": 1000}, "_timestamp": 1661443980.1550097, "_runtime": 414.614218711853, "_step": 1, "test/loss": 0.6964133977890015, "test/origin_acc": 0.6936511397361755, "test/new_acc": 0.679726243019104, "test/f1_macro": 0.6064490079879761, "test/wqKappa": 0.6141517162322998, "test/cnt_diff": 681.0, "test/cnt_correct_diff": 297.0, "epoch": 8, "trainer/global_step": 0, "_wandb": {"runtime": 415}}