{"test/conf_matrix": {"_type": "image-file", "sha256": "e61d6fe1a5679fb7b80e90a85f25c8d1212be9319c8682d2a498eedef2214f98", "size": 30941, "path": "media/images/test/conf_matrix_0_e61d6fe1a5679fb7b80e.png", "format": "png", "width": 1000, "height": 1000}, "_timestamp": 1661457749.4546993, "_runtime": 142.46981239318848, "_step": 1, "test/loss": 0.8598936796188354, "test/origin_acc": 0.5937721133232117, "test/new_acc": 0.6161831021308899, "test/f1_macro": 0.5448511838912964, "test/wqKappa": 0.5451831817626953, "test/cnt_diff": 1177.0, "test/cnt_correct_diff": 570.0, "epoch": 1, "trainer/global_step": 0, "_wandb": {"runtime": 141}}