{"test/conf_matrix": {"_type": "image-file", "sha256": "2663059df779b0f47ad2ae3a89968266bd9089df537388fcd62a6c761a72eada", "size": 29824, "path": "media/images/test/conf_matrix_0_2663059df779b0f47ad2.png", "format": "png", "width": 1000, "height": 1000}, "_timestamp": 1661445613.575122, "_runtime": 145.55704307556152, "_step": 1, "test/loss": 2.0962419509887695, "test/origin_acc": 0.4666246771812439, "test/new_acc": 0.45717883110046387, "test/f1_macro": 0.2975429892539978, "test/wqKappa": 0.12943750619888306, "test/cnt_diff": 155.0, "test/cnt_correct_diff": 35.0, "epoch": 3, "trainer/global_step": 0, "_wandb": {"runtime": 145}}