{"test/loss": 0.8734977841377258, "test/acc": 0.749370276927948, "test/f1_macro": 0.44651031494140625, "test/wqKappa": 0.8655257821083069, "epoch": 24, "trainer/global_step": 0, "_timestamp": 1656332702, "_runtime": 102, "_step": 0, "_wandb": {"runtime": 103}}