{"test/conf_matrix": {"_type": "image-file", "sha256": "30e5787b7cd640ab82bd9caca207aa4e889db8a4797eb03465d96380a80697f3", "size": 28990, "path": "media/images/test/conf_matrix_0_30e5787b7cd640ab82bd.png", "format": "png", "width": 1000, "height": 1000}, "_timestamp": 1660118701.163849, "_runtime": 668.5934882164001, "_step": 1, "test/loss": 0.34628796577453613, "test/origin_acc": 0.8710532188415527, "test/new_acc": 0.8653676509857178, "test/f1_macro": 0.7814348340034485, "test/wqKappa": 0.9274033904075623, "test/cnt_diff": 565.0, "test/cnt_correct_diff": 223.0, "epoch": 1, "trainer/global_step": 0, "_wandb": {"runtime": 670}}