{"test/conf_matrix": {"_type": "image-file", "sha256": "a58517b927c74e40e32a144d6501093cb7caf732ac56919de4abc9f2e2a956ab", "size": 28654, "path": "media/images/test/conf_matrix_0_a58517b927c74e40e32a.png", "format": "png", "width": 1000, "height": 1000}, "_timestamp": 1661423740.4713807, "_runtime": 270.6731526851654, "_step": 1, "test/loss": 0.5796024799346924, "test/origin_acc": 0.823871910572052, "test/new_acc": 0.823871910572052, "test/f1_macro": 0.6069263219833374, "test/wqKappa": 0.737768828868866, "test/cnt_diff": 32.0, "test/cnt_correct_diff": 14.0, "epoch": 8, "trainer/global_step": 0, "_wandb": {"runtime": 270}}