{"test/conf_matrix": {"_type": "image-file", "sha256": "7742f5dcd2e512a8c3881ece64c857b0b85217f566b728352bb4c76702bdb74d", "size": 27684, "path": "media/images/test/conf_matrix_0_7742f5dcd2e512a8c388.png", "format": "png", "width": 1000, "height": 1000}, "_timestamp": 1661481427.7951994, "_runtime": 160.0739414691925, "_step": 1, "test/loss": 0.5137186646461487, "test/origin_acc": 0.8466019630432129, "test/new_acc": 0.8456310629844666, "test/f1_macro": 0.6368038654327393, "test/wqKappa": 0.8057152032852173, "test/cnt_diff": 15.0, "test/cnt_correct_diff": 6.0, "epoch": 10, "trainer/global_step": 0, "_wandb": {"runtime": 159}}