{"test/conf_matrix": {"_type": "image-file", "sha256": "260f3d6692ca1fe32607bf03353f732f0813052ad2c5d8d003a24b125ceea173", "size": 27181, "path": "media/images/test/conf_matrix_0_260f3d6692ca1fe32607.png", "format": "png", "width": 1000, "height": 1000}, "_timestamp": 1661329562.9403422, "_runtime": 116.95129013061523, "_step": 1, "test/loss": 0.35823777318000793, "test/origin_acc": 0.8526448607444763, "test/new_acc": 0.8280856609344482, "test/f1_macro": 0.8008954524993896, "test/wqKappa": 0.9193732738494873, "test/cnt_diff": 153.0, "test/cnt_correct_diff": 56.0, "epoch": 5, "trainer/global_step": 0, "_wandb": {"runtime": 117}}