{"test/conf_matrix": {"_type": "image-file", "sha256": "a98ee6f2082d74c6bd2076fe26618c73a5c5addf3c4b223ec5e5f67f5e75c2cb", "size": 26850, "path": "media/images/test/conf_matrix_0_a98ee6f2082d74c6bd20.png", "format": "png", "width": 1000, "height": 1000}, "_timestamp": 1661879038.9671807, "_runtime": 250.6208508014679, "_step": 1, "test/loss": 0.33733710646629333, "test/origin_acc": 0.8570529222488403, "test/new_acc": 0.8488665223121643, "test/f1_macro": 0.7909885048866272, "test/wqKappa": 0.9291863441467285, "test/cnt_diff": 85.0, "test/cnt_correct_diff": 35.0, "epoch": 2, "trainer/global_step": 0, "_wandb": {"runtime": 250}}