{"test/conf_matrix": {"_type": "image-file", "sha256": "6a7f927b16556fe150d7976d7c51a037c0dd9c2563f6e7981b97579f24e85649", "size": 26750, "path": "media/images/test/conf_matrix_0_6a7f927b16556fe150d7.png", "format": "png", "width": 1000, "height": 1000}, "_timestamp": 1661337729.8239756, "_runtime": 75.06448149681091, "_step": 1, "test/loss": 0.36290663480758667, "test/origin_acc": 0.8465409278869629, "test/new_acc": 0.845283031463623, "test/f1_macro": 0.8067288398742676, "test/wqKappa": 0.9274498820304871, "test/cnt_diff": 6.0, "test/cnt_correct_diff": 2.0, "epoch": 7, "trainer/global_step": 0, "_wandb": {"runtime": 75}}