{"test/conf_matrix": {"_type": "image-file", "sha256": "6cfb98786ce728636498cdac2f3f849efeb4920214f62ddd7edb5b42587e1ee0", "size": 27940, "path": "media/images/test/conf_matrix_0_6cfb98786ce728636498.png", "format": "png", "width": 1000, "height": 1000}, "_timestamp": 1661418583.400409, "_runtime": 218.97584295272827, "_step": 1, "test/loss": 0.5568793416023254, "test/origin_acc": 0.8282387256622314, "test/new_acc": 0.8258127570152283, "test/f1_macro": 0.6262310743331909, "test/wqKappa": 0.7772433161735535, "test/cnt_diff": 15.0, "test/cnt_correct_diff": 2.0, "epoch": 8, "trainer/global_step": 0, "_wandb": {"runtime": 219}}