{"test/conf_matrix": {"_type": "image-file", "sha256": "c8e81760145faaf114f581d58b26f25a31a651100125e0090a529afa0a9c4226", "size": 26840, "path": "media/images/test/conf_matrix_0_c8e81760145faaf114f5.png", "format": "png", "width": 1000, "height": 1000}, "_timestamp": 1661477374.885033, "_runtime": 167.08217787742615, "_step": 1, "test/loss": 0.557793915271759, "test/origin_acc": 0.8131067752838135, "test/new_acc": 0.7917475700378418, "test/f1_macro": 0.5865431427955627, "test/wqKappa": 0.7414381504058838, "test/cnt_diff": 131.0, "test/cnt_correct_diff": 39.0, "epoch": 2, "trainer/global_step": 0, "_wandb": {"runtime": 166}}