{"test/conf_matrix": {"_type": "image-file", "sha256": "9905a2b84e5ad701b5c698d9452ebb842025b20efd49833cfdd2871fb7241b5a", "size": 28061, "path": "media/images/test/conf_matrix_0_9905a2b84e5ad701b5c6.png", "format": "png", "width": 1000, "height": 1000}, "_timestamp": 1661407744.0816333, "_runtime": 119.54291939735413, "_step": 1, "test/loss": 0.5978809595108032, "test/origin_acc": 0.8170791268348694, "test/new_acc": 0.8107714653015137, "test/f1_macro": 0.6080007553100586, "test/wqKappa": 0.743675708770752, "test/cnt_diff": 23.0, "test/cnt_correct_diff": 2.0, "epoch": 12, "trainer/global_step": 0, "_wandb": {"runtime": 119}}