{"test/conf_matrix": {"_type": "image-file", "sha256": "26d23378603e93c83c2f023e5d01f77e41dcea1b8ff749467c6339a71a2b5731", "size": 27845, "path": "media/images/test/conf_matrix_0_26d23378603e93c83c2f.png", "format": "png", "width": 1000, "height": 1000}, "_timestamp": 1661336099.1996386, "_runtime": 73.71041655540466, "_step": 1, "test/loss": 0.36475446820259094, "test/origin_acc": 0.8339622616767883, "test/new_acc": 0.8251572251319885, "test/f1_macro": 0.7955325841903687, "test/wqKappa": 0.917540431022644, "test/cnt_diff": 113.0, "test/cnt_correct_diff": 49.0, "epoch": 7, "trainer/global_step": 0, "_wandb": {"runtime": 73}}