{"test/conf_matrix": {"_type": "image-file", "sha256": "5e8ef3f514eb1b723f191926c56e4893f102d5237a187cfa729d3511a31f301b", "size": 30424, "path": "media/images/test/conf_matrix_0_5e8ef3f514eb1b723f19.png", "format": "png", "width": 1000, "height": 1000}, "_timestamp": 1660155704.0592487, "_runtime": 623.6693096160889, "_step": 1, "test/loss": 0.34628796577453613, "test/origin_acc": 0.8710532188415527, "test/new_acc": 0.8709980249404907, "test/f1_macro": 0.7888584136962891, "test/wqKappa": 0.9282640814781189, "test/cnt_diff": 72.0, "test/cnt_correct_diff": 30.0, "epoch": 1, "trainer/global_step": 0, "_wandb": {"runtime": 624}}