{"test/conf_matrix": {"_type": "image-file", "sha256": "496271beaec02350d3f194b0d24dcf3bef1d5aab5c1ee5ae07e10c1d059e2e36", "size": 27509, "path": "media/images/test/conf_matrix_0_496271beaec02350d3f1.png", "format": "png", "width": 1000, "height": 1000}, "_timestamp": 1660648405.3543098, "_runtime": 266.69290685653687, "_step": 1, "test/loss": 0.4327978789806366, "test/origin_acc": 0.8091939687728882, "test/new_acc": 0.8117128610610962, "test/f1_macro": 0.7620962858200073, "test/wqKappa": 0.9109890460968018, "test/cnt_diff": 8.0, "test/cnt_correct_diff": 6.0, "epoch": 1, "trainer/global_step": 0, "_wandb": {"runtime": 267}}