{"test/conf_matrix": {"_type": "image-file", "sha256": "c3a4f1dbe4a49bd4321082d4c7f18c34c6aaac84090af7bd004e9a7f1e4ed454", "size": 28835, "path": "media/images/test/conf_matrix_0_c3a4f1dbe4a49bd43210.png", "format": "png", "width": 1000, "height": 1000}, "_timestamp": 1661326709.9411457, "_runtime": 88.03381371498108, "_step": 1, "test/loss": 0.5756698250770569, "test/origin_acc": 0.7811321020126343, "test/new_acc": 0.6320754885673523, "test/f1_macro": 0.6061352491378784, "test/wqKappa": 0.7339901328086853, "test/cnt_diff": 422.0, "test/cnt_correct_diff": 76.0, "epoch": 8, "trainer/global_step": 0, "_wandb": {"runtime": 87}}