{"test/conf_matrix": {"_type": "image-file", "sha256": "a0150c6629b4413d6442d429c457292304051c07d758a591fbe37d0f3aba7177", "size": 30161, "path": "media/images/test/conf_matrix_0_a0150c6629b4413d6442.png", "format": "png", "width": 1000, "height": 1000}, "_timestamp": 1661428031.8970215, "_runtime": 260.8197214603424, "_step": 1, "test/loss": 1.9362478256225586, "test/origin_acc": 0.5440806150436401, "test/new_acc": 0.5346347689628601, "test/f1_macro": 0.36226677894592285, "test/wqKappa": 0.5457829236984253, "test/cnt_diff": 70.0, "test/cnt_correct_diff": 16.0, "epoch": 11, "trainer/global_step": 0, "_wandb": {"runtime": 260}}