{"test/conf_matrix": {"_type": "image-file", "sha256": "6f64200aefcbf531d1d800d63c90dce75eb907bc521c8879d09608241fdd5361", "size": 29884, "path": "media/images/test/conf_matrix_0_6f64200aefcbf531d1d8.png", "format": "png", "width": 1000, "height": 1000}, "_timestamp": 1661438259.7854302, "_runtime": 408.34748220443726, "_step": 1, "test/loss": 0.6964133977890015, "test/origin_acc": 0.6936511397361755, "test/new_acc": 0.675477921962738, "test/f1_macro": 0.6037693619728088, "test/wqKappa": 0.6116639375686646, "test/cnt_diff": 707.0, "test/cnt_correct_diff": 301.0, "epoch": 8, "trainer/global_step": 0, "_wandb": {"runtime": 408}}