{"test/conf_matrix": {"_type": "image-file", "sha256": "189a555af97023983cdf92f7e011a28f769f1fab43f764a1fcb59dc75630f130", "size": 31089, "path": "media/images/test/conf_matrix_0_189a555af97023983cdf.png", "format": "png", "width": 1000, "height": 1000}, "_timestamp": 1661415502.0554042, "_runtime": 479.1367132663727, "_step": 1, "test/loss": 1.5902985334396362, "test/origin_acc": 0.6070529222488403, "test/new_acc": 0.5201511383056641, "test/f1_macro": 0.3970790505409241, "test/wqKappa": 0.42622584104537964, "test/cnt_diff": 401.0, "test/cnt_correct_diff": 82.0, "epoch": 5, "trainer/global_step": 0, "_wandb": {"runtime": 478}}