{"test/conf_matrix": {"_type": "image-file", "sha256": "3feedf351cc79f326db3de5efb49961ee869e08f61f21c0fe5edcd0f58c3b80d", "size": 30087, "path": "media/images/test/conf_matrix_0_3feedf351cc79f326db3.png", "format": "png", "width": 1000, "height": 1000}, "_timestamp": 1658762460, "_runtime": 1244, "_step": 1, "test/loss": 0.7740350365638733, "test/origin_acc": 0.6854648590087891, "test/new_acc": 0.6859367489814758, "test/f1_macro": 0.6049479842185974, "test/wqKappa": 0.5721836686134338, "epoch": 4, "trainer/global_step": 0, "_wandb": {"runtime": 1245}}