{"test/conf_matrix": {"_type": "image-file", "sha256": "143e6b0f48dcacbb0f186eac882fbaaef2880332ede41c3b0a4d3533c0587903", "size": 31377, "path": "media/images/test/conf_matrix_0_143e6b0f48dcacbb0f18.png", "format": "png", "width": 1000, "height": 1000}, "_timestamp": 1660715391.0312324, "_runtime": 583.4772913455963, "_step": 1, "test/loss": 0.7498570680618286, "test/acc": 0.7474554777145386, "test/acc_compare": 0.7784669399261475, "test/f1_macro": 0.7027802467346191, "test/wqKappa": 0.6849123239517212, "epoch": 5, "trainer/global_step": 0, "_wandb": {"runtime": 584}}