{"test/conf_matrix": {"_type": "image-file", "sha256": "28106667c0e124a717c573c0ceff9d6587288b1a6dbadd59a59d5ae616efc1e3", "size": 29452, "path": "media/images/test/conf_matrix_0_28106667c0e124a717c5.png", "format": "png", "width": 1000, "height": 1000}, "_timestamp": 1661443500.9340794, "_runtime": 426.5828914642334, "_step": 1, "test/loss": 0.6964133977890015, "test/origin_acc": 0.6936511397361755, "test/new_acc": 0.6856266260147095, "test/f1_macro": 0.6124053001403809, "test/wqKappa": 0.6125110983848572, "test/cnt_diff": 604.0, "test/cnt_correct_diff": 272.0, "epoch": 8, "trainer/global_step": 0, "_wandb": {"runtime": 427}}