{"test/conf_matrix": {"_type": "image-file", "sha256": "2cb4cb51dfe4b43d21fa01e9c338ff1ca7b32d4ce8362d91d14a37edec6d15ad", "size": 26583, "path": "media/images/test/conf_matrix_0_2cb4cb51dfe4b43d21fa.png", "format": "png", "width": 1000, "height": 1000}, "_timestamp": 1660208454.6914887, "_runtime": 113.65221762657166, "_step": 1, "test/loss": 0.3087417483329773, "test/origin_acc": 0.8916876316070557, "test/new_acc": 0.8727959990501404, "test/f1_macro": 0.8171744346618652, "test/wqKappa": 0.9395419955253601, "test/cnt_diff": 76.0, "test/cnt_correct_diff": 22.0, "epoch": 8, "trainer/global_step": 0, "_wandb": {"runtime": 114}}