{"test/conf_matrix": {"_type": "image-file", "sha256": "62cd0268c6c3aec2c5a95d3103e371eb812702f69d4220fd3c4971ad243b60c1", "size": 30167, "path": "media/images/test/conf_matrix_0_62cd0268c6c3aec2c5a9.png", "format": "png", "width": 1000, "height": 1000}, "_timestamp": 1660296365.0060108, "_runtime": 276.1977958679199, "_step": 1, "test/loss": 0.8469985723495483, "test/origin_acc": 0.6933962106704712, "test/new_acc": 0.6926887035369873, "test/f1_macro": 0.6257388591766357, "test/wqKappa": 0.6200188398361206, "test/cnt_diff": 78.0, "test/cnt_correct_diff": 34.0, "epoch": 7, "trainer/global_step": 0, "_wandb": {"runtime": 277}}