{"test/conf_matrix": {"_type": "image-file", "sha256": "f2ebc47d6169303ba168271ce9de20b0ce27de178422d4947077a0ce9738b4cb", "size": 26861, "path": "media/images/test/conf_matrix_0_f2ebc47d6169303ba168.png", "format": "png", "width": 1000, "height": 1000}, "_timestamp": 1661352128.4858665, "_runtime": 291.0598134994507, "_step": 1, "test/loss": 0.3092154264450073, "test/origin_acc": 0.8753148317337036, "test/new_acc": 0.8683879375457764, "test/f1_macro": 0.8352712392807007, "test/wqKappa": 0.9370339512825012, "test/cnt_diff": 52.0, "test/cnt_correct_diff": 20.0, "epoch": 11, "trainer/global_step": 0, "_wandb": {"runtime": 291}}