{"test/conf_matrix": {"_type": "image-file", "sha256": "be74ec78955f8c0ba4a7b785cc7766dd5b5df4d718dfdbabf6e2bf891825af82", "size": 27329, "path": "media/images/test/conf_matrix_0_be74ec78955f8c0ba4a7.png", "format": "png", "width": 1000, "height": 1000}, "_timestamp": 1661333778.9748275, "_runtime": 114.89664149284363, "_step": 1, "test/loss": 0.32888326048851013, "test/origin_acc": 0.8652393221855164, "test/new_acc": 0.8602015376091003, "test/f1_macro": 0.8203160166740417, "test/wqKappa": 0.935121476650238, "test/cnt_diff": 59.0, "test/cnt_correct_diff": 25.0, "epoch": 4, "trainer/global_step": 0, "_wandb": {"runtime": 114}}