{"test/conf_matrix": {"_type": "image-file", "sha256": "85754616e52195c218704549da3594dea427bfdb3ba4b39b2e7900c3a385e826", "size": 29123, "path": "media/images/test/conf_matrix_0_85754616e52195c21870.png", "format": "png", "width": 1000, "height": 1000}, "_timestamp": 1661436884.6637192, "_runtime": 133.58961009979248, "_step": 1, "test/loss": 2.1597023010253906, "test/origin_acc": 0.49370276927948, "test/new_acc": 0.493073046207428, "test/f1_macro": 0.32098478078842163, "test/wqKappa": 0.49125951528549194, "test/cnt_diff": 21.0, "test/cnt_correct_diff": 4.0, "epoch": 10, "trainer/global_step": 0, "_wandb": {"runtime": 133}}