{"test/conf_matrix": {"_type": "image-file", "sha256": "59e4333844a1c37221dcbce1e7c53f385ac81889432928d129ea26d6896e606f", "size": 27240, "path": "media/images/test/conf_matrix_0_59e4333844a1c37221dc.png", "format": "png", "width": 1000, "height": 1000}, "_timestamp": 1661326775.4634814, "_runtime": 97.69215536117554, "_step": 1, "test/loss": 0.35823777318000793, "test/origin_acc": 0.8526448607444763, "test/new_acc": 0.8129723072052002, "test/f1_macro": 0.786882758140564, "test/wqKappa": 0.9125474095344543, "test/cnt_diff": 185.0, "test/cnt_correct_diff": 60.0, "epoch": 5, "trainer/global_step": 0, "_wandb": {"runtime": 97}}