{"test/conf_matrix": {"_type": "image-file", "sha256": "5a473904d006a2bdb4f21e07fa31495203fa35d7d31aa4f843b13fc74010e9cb", "size": 27949, "path": "media/images/test/conf_matrix_0_5a473904d006a2bdb4f2.png", "format": "png", "width": 1000, "height": 1000}, "_timestamp": 1661925149.075947, "_runtime": 231.36147594451904, "_step": 1, "test/loss": 0.31758856773376465, "test/origin_acc": 0.8759445548057556, "test/new_acc": 0.8198992609977722, "test/f1_macro": 0.7783925533294678, "test/wqKappa": 0.9145044088363647, "test/cnt_diff": 186.0, "test/cnt_correct_diff": 45.0, "epoch": 4, "trainer/global_step": 0, "_wandb": {"runtime": 230}}