{"test/conf_matrix": {"_type": "image-file", "sha256": "3957a22af0fb05cc6e82bae0d04d9f68e1dfe2e46dd5541ee99ae86a7f7ba933", "size": 26857, "path": "media/images/test/conf_matrix_0_3957a22af0fb05cc6e82.png", "format": "png", "width": 1000, "height": 1000}, "_timestamp": 1661487643.6680915, "_runtime": 122.93829655647278, "_step": 1, "test/loss": 0.6395517587661743, "test/origin_acc": 0.8155339956283569, "test/new_acc": 0.8237864375114441, "test/f1_macro": 0.6301403045654297, "test/wqKappa": 0.7742449045181274, "test/cnt_diff": 48.0, "test/cnt_correct_diff": 29.0, "epoch": 11, "trainer/global_step": 0, "_wandb": {"runtime": 122}}