{"test/conf_matrix": {"_type": "image-file", "sha256": "e8419c4a100304485fbb3ebf990eca331b4524269fc2b67f4abbf0c6f46f05cd", "size": 26794, "path": "media/images/test/conf_matrix_0_e8419c4a100304485fbb.png", "format": "png", "width": 1000, "height": 1000}, "_timestamp": 1661894432.500435, "_runtime": 161.57456016540527, "_step": 1, "test/loss": 0.32275402545928955, "test/origin_acc": 0.8633501529693604, "test/new_acc": 0.8633501529693604, "test/f1_macro": 0.8255932331085205, "test/wqKappa": 0.9321841597557068, "test/cnt_diff": 2.0, "test/cnt_correct_diff": 1.0, "epoch": 3, "trainer/global_step": 0, "_wandb": {"runtime": 161}}