{"test/conf_matrix": {"_type": "image-file", "sha256": "ac529b90fed75ad46cfd985db755d3d34abfc4c6078ab30b01103a6f51549966", "size": 27632, "path": "media/images/test/conf_matrix_0_ac529b90fed75ad46cfd.png", "format": "png", "width": 1000, "height": 1000}, "_timestamp": 1660646735.0677695, "_runtime": 223.55874943733215, "_step": 1, "test/loss": 0.6062291860580444, "test/origin_acc": 0.8277535438537598, "test/new_acc": 0.8282387256622314, "test/f1_macro": 0.6231640577316284, "test/wqKappa": 0.7643046379089355, "test/cnt_diff": 5.0, "test/cnt_correct_diff": 2.0, "epoch": 7, "trainer/global_step": 0, "_wandb": {"runtime": 225}}