{"test/conf_matrix": {"_type": "image-file", "sha256": "2d8866224f732e67c07bf8f6d6c69386ea7488126ee6f0bc81cccdbeeaea45ff", "size": 26461, "path": "media/images/test/conf_matrix_0_2d8866224f732e67c07b.png", "format": "png", "width": 1000, "height": 1000}, "_timestamp": 1661329700.797286, "_runtime": 160.59511613845825, "_step": 1, "test/loss": 0.31017082929611206, "test/origin_acc": 0.8753148317337036, "test/new_acc": 0.8595718145370483, "test/f1_macro": 0.8262391090393066, "test/wqKappa": 0.9347150921821594, "test/cnt_diff": 87.0, "test/cnt_correct_diff": 31.0, "epoch": 7, "trainer/global_step": 0, "_wandb": {"runtime": 160}}