{"test/conf_matrix": {"_type": "image-file", "sha256": "91c197b03c951859cd7885c9745c6a61996ecabdcf1f1e86293ca9e07f2b6549", "size": 27580, "path": "media/images/test/conf_matrix_0_91c197b03c951859cd78.png", "format": "png", "width": 1000, "height": 1000}, "_timestamp": 1660297165.7528877, "_runtime": 218.6406648159027, "_step": 1, "test/loss": 0.6062291860580444, "test/origin_acc": 0.8277535438537598, "test/new_acc": 0.8282387256622314, "test/f1_macro": 0.6237545013427734, "test/wqKappa": 0.7623298168182373, "test/cnt_diff": 4.0, "test/cnt_correct_diff": 2.0, "epoch": 7, "trainer/global_step": 0, "_wandb": {"runtime": 219}}