{"test/conf_matrix": {"_type": "image-file", "sha256": "2788b423aa39b6915ab5b46d1235ca12e67dde59e00c59430b1aec7672d8f92d", "size": 28799, "path": "media/images/test/conf_matrix_0_2788b423aa39b6915ab5.png", "format": "png", "width": 1000, "height": 1000}, "_timestamp": 1661414267.25327, "_runtime": 211.41565990447998, "_step": 1, "test/loss": 0.6313098073005676, "test/origin_acc": 0.7738962173461914, "test/new_acc": 0.7253760695457458, "test/f1_macro": 0.5222653150558472, "test/wqKappa": 0.6390461921691895, "test/cnt_diff": 245.0, "test/cnt_correct_diff": 56.0, "epoch": 2, "trainer/global_step": 0, "_wandb": {"runtime": 211}}