{"test/conf_matrix": {"_type": "image-file", "sha256": "376a0affa0d10ded10adab3a5ecad87d10e02b98d0870e592e09a83cd1bbac00", "size": 27387, "path": "media/images/test/conf_matrix_0_376a0affa0d10ded10ad.png", "format": "png", "width": 1000, "height": 1000}, "_timestamp": 1661415212.2035918, "_runtime": 411.0566577911377, "_step": 1, "test/loss": 0.5895299315452576, "test/origin_acc": 0.8214459419250488, "test/new_acc": 0.8190199136734009, "test/f1_macro": 0.6026959419250488, "test/wqKappa": 0.7280871272087097, "test/cnt_diff": 30.0, "test/cnt_correct_diff": 9.0, "epoch": 11, "trainer/global_step": 0, "_wandb": {"runtime": 411}}