{"test/conf_matrix": {"_type": "image-file", "sha256": "dd56d5f9e78cc6084557682d0f395820483eaf9fa685495ccc875e16660d3653", "size": 30431, "path": "media/images/test/conf_matrix_0_dd56d5f9e78cc6084557.png", "format": "png", "width": 1000, "height": 1000}, "_timestamp": 1661454980.772481, "_runtime": 248.08250308036804, "_step": 1, "test/loss": 0.663868248462677, "test/origin_acc": 0.7158367037773132, "test/new_acc": 0.7153646349906921, "test/f1_macro": 0.6312505006790161, "test/wqKappa": 0.6315354704856873, "test/cnt_diff": 335.0, "test/cnt_correct_diff": 155.0, "epoch": 3, "trainer/global_step": 0, "_wandb": {"runtime": 247}}