{"test/loss": 0.9860464930534363, "test/acc": 0.749370276927948, "test/f1_macro": 0.44561392068862915, "test/wqKappa": 0.8659563064575195, "epoch": 3, "trainer/global_step": 0, "_timestamp": 1656332836, "_runtime": 100, "_step": 0, "_wandb": {"runtime": 100}}