{"test/conf_matrix": {"_type": "image-file", "sha256": "ce88f4cbb69157641ea6c994f4d10917a087da209edc1ff10bc81cedf43fea5f", "size": 28098, "path": "media/images/test/conf_matrix_0_ce88f4cbb69157641ea6.png", "format": "png", "width": 1000, "height": 1000}, "_timestamp": 1661336195.9737644, "_runtime": 70.31619048118591, "_step": 1, "test/loss": 0.36475446820259094, "test/origin_acc": 0.8339622616767883, "test/new_acc": 0.8257861733436584, "test/f1_macro": 0.7969474792480469, "test/wqKappa": 0.9177886247634888, "test/cnt_diff": 118.0, "test/cnt_correct_diff": 52.0, "epoch": 7, "trainer/global_step": 0, "_wandb": {"runtime": 70}}