{"test/conf_matrix": {"_type": "image-file", "sha256": "c880d386f9ddfb619afffed0d0ea60ad31d67ce5d6a1c0d3f664f653cf078084", "size": 29412, "path": "media/images/test/conf_matrix_0_c880d386f9ddfb619aff.png", "format": "png", "width": 1000, "height": 1000}, "_timestamp": 1661414297.9313595, "_runtime": 346.4080195426941, "_step": 1, "test/loss": 2.093094825744629, "test/origin_acc": 0.5560453534126282, "test/new_acc": 0.5749370455741882, "test/f1_macro": 0.3823634386062622, "test/wqKappa": 0.5550099611282349, "test/cnt_diff": 40.0, "test/cnt_correct_diff": 33.0, "epoch": 11, "trainer/global_step": 0, "_wandb": {"runtime": 345}}