{"test/conf_matrix": {"_type": "image-file", "sha256": "eb51c5ce587de587bd1820d5f746aaf1393ea2b6b560e81cb4d03a7c36d469b2", "size": 29017, "path": "media/images/test/conf_matrix_0_eb51c5ce587de587bd18.png", "format": "png", "width": 1000, "height": 1000}, "_timestamp": 1661435831.5193698, "_runtime": 136.41701292991638, "_step": 1, "test/loss": 2.1025230884552, "test/origin_acc": 0.5195214152336121, "test/new_acc": 0.5277078151702881, "test/f1_macro": 0.3430306315422058, "test/wqKappa": 0.5414723753929138, "test/cnt_diff": 67.0, "test/cnt_correct_diff": 29.0, "epoch": 8, "trainer/global_step": 0, "_wandb": {"runtime": 136}}