{"test/conf_matrix": {"_type": "image-file", "sha256": "9e03fcf1869a4add701578cd89becbcce42e305c5d6f3158602d42fe309e1b50", "size": 30491, "path": "media/images/test/conf_matrix_0_9e03fcf1869a4add7015.png", "format": "png", "width": 1000, "height": 1000}, "_timestamp": 1661435652.4629252, "_runtime": 447.6845142841339, "_step": 1, "test/loss": 0.9711070656776428, "test/origin_acc": 0.5501534342765808, "test/new_acc": 0.5815435647964478, "test/f1_macro": 0.5424243211746216, "test/wqKappa": 0.4945259690284729, "test/cnt_diff": 1062.0, "test/cnt_correct_diff": 391.0, "epoch": 2, "trainer/global_step": 0, "_wandb": {"runtime": 448}}