{"test/conf_matrix": {"_type": "image-file", "sha256": "324a7cb89757a3244d8591144f139dfbf03c833edcd03e34c8d43bdf6a047415", "size": 30186, "path": "media/images/test/conf_matrix_0_324a7cb89757a3244d85.png", "format": "png", "width": 1000, "height": 1000}, "_timestamp": 1661450148.595717, "_runtime": 313.2397699356079, "_step": 1, "test/loss": 0.8180785775184631, "test/origin_acc": 0.6161831021308899, "test/new_acc": 0.5855154991149902, "test/f1_macro": 0.5035130381584167, "test/wqKappa": 0.5047115087509155, "test/cnt_diff": 870.0, "test/cnt_correct_diff": 314.0, "epoch": 5, "trainer/global_step": 0, "_wandb": {"runtime": 312}}