{"test/conf_matrix": {"_type": "image-file", "sha256": "3c3fe2dcb52629082d85e8c12976a827dcfe85971082ae3add7be831ab169501", "size": 27276, "path": "media/images/test/conf_matrix_0_3c3fe2dcb52629082d85.png", "format": "png", "width": 1000, "height": 1000}, "_timestamp": 1661895362.3615482, "_runtime": 219.4161241054535, "_step": 1, "test/loss": 0.32275402545928955, "test/origin_acc": 0.8633501529693604, "test/new_acc": 0.8564231991767883, "test/f1_macro": 0.8235493898391724, "test/wqKappa": 0.9286301136016846, "test/cnt_diff": 54.0, "test/cnt_correct_diff": 21.0, "epoch": 3, "trainer/global_step": 0, "_wandb": {"runtime": 219}}