{"test/conf_matrix": {"_type": "image-file", "sha256": "c26f106fdabfc9260265e6cd9c3643c4497d29f05ef98651fe79ce304d3a40e1", "size": 28647, "path": "media/images/test/conf_matrix_0_c26f106fdabfc9260265.png", "format": "png", "width": 1000, "height": 1000}, "_timestamp": 1661406569.347172, "_runtime": 96.34095311164856, "_step": 1, "test/loss": 0.5978809595108032, "test/origin_acc": 0.8170791268348694, "test/new_acc": 0.8064046502113342, "test/f1_macro": 0.6012500524520874, "test/wqKappa": 0.7555310130119324, "test/cnt_diff": 126.0, "test/cnt_correct_diff": 43.0, "epoch": 12, "trainer/global_step": 0, "_wandb": {"runtime": 95}}