{"test/conf_matrix": {"_type": "image-file", "sha256": "28f337c960db26952cadac417f1e86a3d0fe439c6dc9c6c9d610c1bbb274e144", "size": 29670, "path": "media/images/test/conf_matrix_0_28f337c960db26952cad.png", "format": "png", "width": 1000, "height": 1000}, "_timestamp": 1661439148.0183527, "_runtime": 354.57649278640747, "_step": 1, "test/loss": 0.6964133977890015, "test/origin_acc": 0.6936511397361755, "test/new_acc": 0.6865707039833069, "test/f1_macro": 0.6123650074005127, "test/wqKappa": 0.6134623289108276, "test/cnt_diff": 586.0, "test/cnt_correct_diff": 264.0, "epoch": 8, "trainer/global_step": 0, "_wandb": {"runtime": 354}}