{"test/conf_matrix": {"_type": "image-file", "sha256": "ad2b0fc6b771bd6ec2d1a02d19d4a6d06ea24f50d27aacb03344d44857e941b3", "size": 26864, "path": "media/images/test/conf_matrix_0_ad2b0fc6b771bd6ec2d1.png", "format": "png", "width": 1000, "height": 1000}, "_timestamp": 1661480764.032337, "_runtime": 152.6465940475464, "_step": 1, "test/loss": 0.557793915271759, "test/origin_acc": 0.8131067752838135, "test/new_acc": 0.7990291118621826, "test/f1_macro": 0.6116664409637451, "test/wqKappa": 0.757510244846344, "test/cnt_diff": 86.0, "test/cnt_correct_diff": 25.0, "epoch": 2, "trainer/global_step": 0, "_wandb": {"runtime": 152}}