{"test/conf_matrix": {"_type": "image-file", "sha256": "377e152e08d3aed9df7ecd4315a990b66a36bacd2d3632ecb4342c35930d3ba0", "size": 30143, "path": "media/images/test/conf_matrix_0_377e152e08d3aed9df7e.png", "format": "png", "width": 1000, "height": 1000}, "_timestamp": 1661428627.7173476, "_runtime": 107.12721657752991, "_step": 1, "test/loss": 1.9362478256225586, "test/origin_acc": 0.5440806150436401, "test/new_acc": 0.5333753228187561, "test/f1_macro": 0.36717909574508667, "test/wqKappa": 0.5227032899856567, "test/cnt_diff": 154.0, "test/cnt_correct_diff": 48.0, "epoch": 11, "trainer/global_step": 0, "_wandb": {"runtime": 107}}