{"test/conf_matrix": {"_type": "image-file", "sha256": "ae68717d95437c3b1915281c21354f3a4f87efe3cdd5fc2a5e38743696c313f2", "size": 26518, "path": "media/images/test/conf_matrix_0_ae68717d95437c3b1915.png", "format": "png", "width": 1000, "height": 1000}, "_timestamp": 1661343305.5463345, "_runtime": 440.2006974220276, "_step": 1, "test/loss": 0.31416085362434387, "test/origin_acc": 0.8702771067619324, "test/new_acc": 0.8608312606811523, "test/f1_macro": 0.8180220127105713, "test/wqKappa": 0.9350055456161499, "test/cnt_diff": 63.0, "test/cnt_correct_diff": 24.0, "epoch": 5, "trainer/global_step": 0, "_wandb": {"runtime": 439}}