{"test/conf_matrix": {"_type": "image-file", "sha256": "0c2e3a632d6bbec51740adecc58ad10f6adda59de510677510afae55511d69e7", "size": 28110, "path": "media/images/test/conf_matrix_0_0c2e3a632d6bbec51740.png", "format": "png", "width": 1000, "height": 1000}, "_timestamp": 1661487613.327958, "_runtime": 125.33284616470337, "_step": 1, "test/loss": 0.567625880241394, "test/origin_acc": 0.825728178024292, "test/new_acc": 0.825728178024292, "test/f1_macro": 0.6279827952384949, "test/wqKappa": 0.7800013422966003, "test/cnt_diff": 73.0, "test/cnt_correct_diff": 34.0, "epoch": 5, "trainer/global_step": 0, "_wandb": {"runtime": 125}}