{"test/conf_matrix": {"_type": "image-file", "sha256": "7938c13b3819a2f5fb8d41e6aed3132a668e2bbeb57dbf050f36f70851f55df1", "size": 28050, "path": "media/images/test/conf_matrix_0_7938c13b3819a2f5fb8d.png", "format": "png", "width": 1000, "height": 1000}, "_timestamp": 1660715039.9543352, "_runtime": 249.69619131088257, "_step": 1, "test/loss": 0.5653321146965027, "test/origin_acc": 0.8330907821655273, "test/new_acc": 0.8345463871955872, "test/f1_macro": 0.6311852335929871, "test/wqKappa": 0.7729328870773315, "test/cnt_diff": 24.0, "test/cnt_correct_diff": 11.0, "epoch": 12, "trainer/global_step": 0, "_wandb": {"runtime": 250}}