{"test/conf_matrix": {"_type": "image-file", "sha256": "0bbf2e262b36d56150c1ee38fad23f5b456ed2541701f777929225d099645583", "size": 30219, "path": "media/images/test/conf_matrix_0_0bbf2e262b36d56150c1.png", "format": "png", "width": 1000, "height": 1000}, "_timestamp": 1661450461.1517887, "_runtime": 287.6094856262207, "_step": 1, "test/loss": 0.8180785775184631, "test/origin_acc": 0.6161831021308899, "test/new_acc": 0.5857513546943665, "test/f1_macro": 0.5057594776153564, "test/wqKappa": 0.504783034324646, "test/cnt_diff": 868.0, "test/cnt_correct_diff": 314.0, "epoch": 5, "trainer/global_step": 0, "_wandb": {"runtime": 287}}