{"test/conf_matrix": {"_type": "image-file", "sha256": "5f49746768f2c2f98bafea1fd1519238363fd0f864fbc3e8375ddadaa738c873", "size": 27055, "path": "media/images/test/conf_matrix_0_5f49746768f2c2f98baf.png", "format": "png", "width": 1000, "height": 1000}, "_timestamp": 1661505640.1686144, "_runtime": 78.89519238471985, "_step": 1, "test/loss": 0.373489111661911, "test/origin_acc": 0.8482367992401123, "test/new_acc": 0.8476070761680603, "test/f1_macro": 0.8132588267326355, "test/wqKappa": 0.9302147030830383, "test/cnt_diff": 1.0, "test/cnt_correct_diff": 0.0, "epoch": 7, "trainer/global_step": 0, "_wandb": {"runtime": 78}}