{"test/conf_matrix": {"_type": "image-file", "sha256": "78119fa0f0884c795e0a8ff9d3642ad34543b2acfc1b728f536689fe22a6fa2f", "size": 27027, "path": "media/images/test/conf_matrix_0_78119fa0f0884c795e0a.png", "format": "png", "width": 1000, "height": 1000}, "_timestamp": 1661401693.1198359, "_runtime": 180.44267582893372, "_step": 1, "test/loss": 0.3241216242313385, "test/origin_acc": 0.8627204298973083, "test/new_acc": 0.8658690452575684, "test/f1_macro": 0.8308983445167542, "test/wqKappa": 0.9359658360481262, "test/cnt_diff": 23.0, "test/cnt_correct_diff": 14.0, "epoch": 6, "trainer/global_step": 0, "_wandb": {"runtime": 180}}