{"test/conf_matrix": {"_type": "image-file", "sha256": "21d687c53826e3dc2728c6fdb67e3d35010dd76c566634c4a76d8d9a13539f2c", "size": 26834, "path": "media/images/test/conf_matrix_0_21d687c53826e3dc2728.png", "format": "png", "width": 1000, "height": 1000}, "_timestamp": 1661903164.3570368, "_runtime": 177.7583258152008, "_step": 1, "test/loss": 0.30694741010665894, "test/origin_acc": 0.8765742778778076, "test/new_acc": 0.8772040009498596, "test/f1_macro": 0.8366748094558716, "test/wqKappa": 0.9417887330055237, "test/cnt_diff": 3.0, "test/cnt_correct_diff": 2.0, "epoch": 6, "trainer/global_step": 0, "_wandb": {"runtime": 177}}