{"test/conf_matrix": {"_type": "image-file", "sha256": "fce724c530ff85121e60ef628a4dda25d8841a4d58c0e0a9d8a461bb3690cfc5", "size": 30748, "path": "media/images/test/conf_matrix_0_fce724c530ff85121e60.png", "format": "png", "width": 1000, "height": 1000}, "_timestamp": 1661462410.3828247, "_runtime": 121.92602467536926, "_step": 1, "test/loss": 0.7218735218048096, "test/origin_acc": 0.6959188580513, "test/new_acc": 0.6928520798683167, "test/f1_macro": 0.6064540147781372, "test/wqKappa": 0.6199479103088379, "test/cnt_diff": 444.0, "test/cnt_correct_diff": 207.0, "epoch": 7, "trainer/global_step": 0, "_wandb": {"runtime": 121}}