{"test/conf_matrix": {"_type": "image-file", "sha256": "e7ec174af7b0fc5330a251f112177ee806b0f27805e796da1f0725729320f8df", "size": 30387, "path": "media/images/test/conf_matrix_0_e7ec174af7b0fc5330a2.png", "format": "png", "width": 1000, "height": 1000}, "_timestamp": 1661441576.686544, "_runtime": 402.2489638328552, "_step": 1, "test/loss": 0.9711070656776428, "test/origin_acc": 0.5501534342765808, "test/new_acc": 0.5813075304031372, "test/f1_macro": 0.5282858610153198, "test/wqKappa": 0.4885830283164978, "test/cnt_diff": 685.0, "test/cnt_correct_diff": 226.0, "epoch": 2, "trainer/global_step": 0, "_wandb": {"runtime": 402}}