{"test/conf_matrix": {"_type": "image-file", "sha256": "adcf2346266254874731f9e4d54038aacee6e5cf89e600bdd0bf9fc330fcb90f", "size": 26760, "path": "media/images/test/conf_matrix_0_adcf2346266254874731.png", "format": "png", "width": 1000, "height": 1000}, "_timestamp": 1661881855.005711, "_runtime": 176.23001718521118, "_step": 1, "test/loss": 0.37694475054740906, "test/origin_acc": 0.8394206762313843, "test/new_acc": 0.8425692915916443, "test/f1_macro": 0.8081391453742981, "test/wqKappa": 0.926347553730011, "test/cnt_diff": 11.0, "test/cnt_correct_diff": 8.0, "epoch": 2, "trainer/global_step": 0, "_wandb": {"runtime": 176}}