{"test/conf_matrix": {"_type": "image-file", "sha256": "bc60b4cf5bf0cdb51273dc8a5bcd9178a1af9cc9d78d274110dc20fd8c4f4e55", "size": 27791, "path": "media/images/test/conf_matrix_0_bc60b4cf5bf0cdb51273.png", "format": "png", "width": 1000, "height": 1000}, "_timestamp": 1661334458.4652278, "_runtime": 77.96380090713501, "_step": 1, "test/loss": 0.36475446820259094, "test/origin_acc": 0.8339622616767883, "test/new_acc": 0.8289308547973633, "test/f1_macro": 0.7989253997802734, "test/wqKappa": 0.9189027547836304, "test/cnt_diff": 99.0, "test/cnt_correct_diff": 45.0, "epoch": 7, "trainer/global_step": 0, "_wandb": {"runtime": 77}}