{"test/conf_matrix": {"_type": "image-file", "sha256": "aaa9e136743b133cbeda6e1582cdf0b9451a86334509572e8e42b1a5f5c76f6b", "size": 31112, "path": "media/images/test/conf_matrix_0_aaa9e136743b133cbeda.png", "format": "png", "width": 1000, "height": 1000}, "_timestamp": 1660147334.551899, "_runtime": 324.1409590244293, "_step": 1, "test/loss": 0.6168479919433594, "test/origin_acc": 0.7463871836662292, "test/new_acc": 0.7425758242607117, "test/f1_macro": 0.6995700597763062, "test/wqKappa": 0.6836463212966919, "test/cnt_diff": 79.0, "test/cnt_correct_diff": 25.0, "epoch": 5, "trainer/global_step": 0, "_wandb": {"runtime": 324}}