{"test/conf_matrix": {"_type": "image-file", "sha256": "76a6bcc001df00c248ecf56b9ff966dd9dd0abad564346bc8d0e5a3cea788932", "size": 27478, "path": "media/images/test/conf_matrix_0_76a6bcc001df00c248ec.png", "format": "png", "width": 1000, "height": 1000}, "_timestamp": 1660661118.343805, "_runtime": 218.75335001945496, "_step": 1, "test/loss": 0.3087417483329773, "test/origin_acc": 0.8916876316070557, "test/new_acc": 0.8463476300239563, "test/f1_macro": 0.7833589911460876, "test/wqKappa": 0.9218990802764893, "test/cnt_diff": 136.0, "test/cnt_correct_diff": 26.0, "epoch": 8, "trainer/global_step": 0, "_wandb": {"runtime": 220}}