{"test/conf_matrix": {"_type": "image-file", "sha256": "b9d9e7148478ff0d19c161b19613882e469d9f1d613052d20dda82b982811a2f", "size": 27507, "path": "media/images/test/conf_matrix_0_b9d9e7148478ff0d19c1.png", "format": "png", "width": 1000, "height": 1000}, "_timestamp": 1661340886.2345998, "_runtime": 364.3126947879791, "_step": 1, "test/loss": 0.3532443344593048, "test/origin_acc": 0.8658690452575684, "test/new_acc": 0.8526448607444763, "test/f1_macro": 0.8222063183784485, "test/wqKappa": 0.9287906289100647, "test/cnt_diff": 73.0, "test/cnt_correct_diff": 25.0, "epoch": 17, "trainer/global_step": 0, "_wandb": {"runtime": 364}}