{"test/conf_matrix": {"_type": "image-file", "sha256": "c2d13159985965545dca2217ae44061a59d925870033112110fb547451a09416", "size": 30670, "path": "media/images/test/conf_matrix_0_c2d13159985965545dca.png", "format": "png", "width": 1000, "height": 1000}, "_timestamp": 1661460082.6616404, "_runtime": 110.81137251853943, "_step": 1, "test/loss": 3.2831687927246094, "test/origin_acc": 0.372795969247818, "test/new_acc": 0.32871535420417786, "test/f1_macro": 0.26679855585098267, "test/wqKappa": 0.08451509475708008, "test/cnt_diff": 313.0, "test/cnt_correct_diff": 78.0, "epoch": 5, "trainer/global_step": 0, "_wandb": {"runtime": 110}}