{"test/conf_matrix": {"_type": "image-file", "sha256": "f791b8eba73e61121a687e1320606bfb4969384d6e607bd459130c6fa27fabe3", "size": 30034, "path": "media/images/test/conf_matrix_0_f791b8eba73e61121a68.png", "format": "png", "width": 1000, "height": 1000}, "_timestamp": 1660655136.928461, "_runtime": 521.3720209598541, "_step": 1, "test/loss": 0.8469946980476379, "test/origin_acc": 0.6934151649475098, "test/new_acc": 0.6870427131652832, "test/f1_macro": 0.6227236986160278, "test/wqKappa": 0.6191257834434509, "test/cnt_diff": 89.0, "test/cnt_correct_diff": 27.0, "epoch": 7, "trainer/global_step": 0, "_wandb": {"runtime": 523}}