{"test/conf_matrix": {"_type": "image-file", "sha256": "9bd19be69824b73c96eb6c9add84231d7dd53e65914e8ad0eb3c37aad61790be", "size": 27599, "path": "media/images/test/conf_matrix_0_9bd19be69824b73c96eb.png", "format": "png", "width": 1000, "height": 1000}, "_timestamp": 1661476549.4613001, "_runtime": 137.27336502075195, "_step": 1, "test/loss": 0.5137186646461487, "test/origin_acc": 0.8466019630432129, "test/new_acc": 0.8466019630432129, "test/f1_macro": 0.6370499134063721, "test/wqKappa": 0.8064036965370178, "test/cnt_diff": 13.0, "test/cnt_correct_diff": 6.0, "epoch": 10, "trainer/global_step": 0, "_wandb": {"runtime": 137}}