{"test/conf_matrix": {"_type": "image-file", "sha256": "ac0c46f4ed4a28da0d67c5af26bccb8af9f95962f55cacbc8ab24c0380968329", "size": 27610, "path": "media/images/test/conf_matrix_0_ac0c46f4ed4a28da0d67.png", "format": "png", "width": 1000, "height": 1000}, "_timestamp": 1660723470.5523336, "_runtime": 219.69060254096985, "_step": 1, "test/loss": 0.5653321146965027, "test/origin_acc": 0.8330907821655273, "test/new_acc": 0.8374575972557068, "test/f1_macro": 0.634404182434082, "test/wqKappa": 0.7783913612365723, "test/cnt_diff": 24.0, "test/cnt_correct_diff": 15.0, "epoch": 12, "trainer/global_step": 0, "_wandb": {"runtime": 218}}