{"test/conf_matrix": {"_type": "image-file", "sha256": "83e5c2b19a1ebc4cfcc4dacd130e3c9147b60b77891c7ce1ffafb42574822f9f", "size": 25680, "path": "media/images/test/conf_matrix_0_83e5c2b19a1ebc4cfcc4.png", "format": "png", "width": 1000, "height": 1000}, "_timestamp": 1661407503.5662446, "_runtime": 129.41479563713074, "_step": 1, "test/loss": 0.28993910551071167, "test/origin_acc": 0.8929470777511597, "test/new_acc": 0.8866498470306396, "test/f1_macro": 0.851812481880188, "test/wqKappa": 0.9455975294113159, "test/cnt_diff": 22.0, "test/cnt_correct_diff": 6.0, "epoch": 6, "trainer/global_step": 0, "_wandb": {"runtime": 130}}