{"test/conf_matrix": {"_type": "image-file", "sha256": "24a6758e963b53c499004ce425b7e50d8c1d6693c8d62335626615ace5180dd9", "size": 27541, "path": "media/images/test/conf_matrix_0_24a6758e963b53c49900.png", "format": "png", "width": 1000, "height": 1000}, "_timestamp": 1660726586.2071846, "_runtime": 183.0752055644989, "_step": 1, "test/loss": 0.5653321146965027, "test/origin_acc": 0.8330907821655273, "test/new_acc": 0.8330907821655273, "test/f1_macro": 0.6323468685150146, "test/wqKappa": 0.7774130702018738, "test/cnt_diff": 3.0, "test/cnt_correct_diff": 1.0, "epoch": 12, "trainer/global_step": 0, "_wandb": {"runtime": 183}}