{"test/conf_matrix": {"_type": "image-file", "sha256": "3528cbeb7acf1bf141f9bb1ef1e101fb486d714999a794c9eeafb448a31727a5", "size": 26003, "path": "media/images/test/conf_matrix_0_3528cbeb7acf1bf141f9.png", "format": "png", "width": 1000, "height": 1000}, "_timestamp": 1661345882.1811502, "_runtime": 369.66359210014343, "_step": 1, "test/loss": 0.3830234110355377, "test/origin_acc": 0.8283019065856934, "test/new_acc": 0.8088050484657288, "test/f1_macro": 0.7648749351501465, "test/wqKappa": 0.9132391810417175, "test/cnt_diff": 102.0, "test/cnt_correct_diff": 33.0, "epoch": 15, "trainer/global_step": 0, "_wandb": {"runtime": 370}}