{"test/conf_matrix": {"_type": "image-file", "sha256": "e93b485713b5fc0252bb76f69d6aef74f4f931939cf3db6aad03fe68ff8c0cac", "size": 30416, "path": "media/images/test/conf_matrix_0_e93b485713b5fc0252bb.png", "format": "png", "width": 1000, "height": 1000}, "_timestamp": 1661423604.9664707, "_runtime": 399.29757261276245, "_step": 1, "test/loss": 1.9362478256225586, "test/origin_acc": 0.5440806150436401, "test/new_acc": 0.492443323135376, "test/f1_macro": 0.3928735852241516, "test/wqKappa": 0.4698795676231384, "test/cnt_diff": 600.0, "test/cnt_correct_diff": 204.0, "epoch": 11, "trainer/global_step": 0, "_wandb": {"runtime": 399}}