{"test/conf_matrix": {"_type": "image-file", "sha256": "34926aa050a1a5f03ed509fb41a2670670ddac539c9e284e96f0a4382098456e", "size": 26729, "path": "media/images/test/conf_matrix_0_34926aa050a1a5f03ed5.png", "format": "png", "width": 1000, "height": 1000}, "_timestamp": 1661479510.948072, "_runtime": 163.58863401412964, "_step": 1, "test/loss": 0.5137186646461487, "test/origin_acc": 0.8466019630432129, "test/new_acc": 0.8470873832702637, "test/f1_macro": 0.6362987756729126, "test/wqKappa": 0.8063113689422607, "test/cnt_diff": 10.0, "test/cnt_correct_diff": 5.0, "epoch": 10, "trainer/global_step": 0, "_wandb": {"runtime": 163}}