{"test/conf_matrix": {"_type": "image-file", "sha256": "2ce93cd8bc1d8e9651a1e06a3e6235b2433eb296801a94217d570d99ae2f40fb", "size": 30173, "path": "media/images/test/conf_matrix_0_2ce93cd8bc1d8e9651a1.png", "format": "png", "width": 1000, "height": 1000}, "_timestamp": 1661442264.9845986, "_runtime": 383.03423166275024, "_step": 1, "test/loss": 0.714397668838501, "test/origin_acc": 0.6908189654350281, "test/new_acc": 0.7004956603050232, "test/f1_macro": 0.5841235518455505, "test/wqKappa": 0.5877267122268677, "test/cnt_diff": 220.0, "test/cnt_correct_diff": 120.0, "epoch": 3, "trainer/global_step": 0, "_wandb": {"runtime": 383}}