{"test/conf_matrix": {"_type": "image-file", "sha256": "1caae08977b2f3d8a8eaac820ffb75c6211d0b14f031ec942e81fa8eaa0ac802", "size": 29405, "path": "media/images/test/conf_matrix_0_1caae08977b2f3d8a8ea.png", "format": "png", "width": 1000, "height": 1000}, "_timestamp": 1661437182.766313, "_runtime": 133.38193106651306, "_step": 1, "test/loss": 2.1025230884552, "test/origin_acc": 0.5195214152336121, "test/new_acc": 0.5207808613777161, "test/f1_macro": 0.3357786536216736, "test/wqKappa": 0.5314567685127258, "test/cnt_diff": 57.0, "test/cnt_correct_diff": 19.0, "epoch": 8, "trainer/global_step": 0, "_wandb": {"runtime": 134}}