{"test/conf_matrix": {"_type": "image-file", "sha256": "aadae5297c592c38a92503ec93484414324e4ffa2711804deaab7a2716346cc8", "size": 28424, "path": "media/images/test/conf_matrix_0_aadae5297c592c38a925.png", "format": "png", "width": 1000, "height": 1000}, "_timestamp": 1661409869.1749425, "_runtime": 270.55699157714844, "_step": 1, "test/loss": 0.6313098073005676, "test/origin_acc": 0.7738962173461914, "test/new_acc": 0.7282872796058655, "test/f1_macro": 0.5239076614379883, "test/wqKappa": 0.6419657468795776, "test/cnt_diff": 240.0, "test/cnt_correct_diff": 57.0, "epoch": 2, "trainer/global_step": 0, "_wandb": {"runtime": 270}}