{"test/conf_matrix": {"_type": "image-file", "sha256": "5d97cfd3b2b8b7677593c73ea75f878aaa0953a52d80484d23e38f405d6bc3e0", "size": 29412, "path": "media/images/test/conf_matrix_0_5d97cfd3b2b8b7677593.png", "format": "png", "width": 1000, "height": 1000}, "_timestamp": 1660311620.747274, "_runtime": 433.2662398815155, "_step": 1, "test/loss": 0.3462877571582794, "test/origin_acc": 0.8710532188415527, "test/new_acc": 0.8712739944458008, "test/f1_macro": 0.7890188097953796, "test/wqKappa": 0.9285069704055786, "test/cnt_diff": 33.0, "test/cnt_correct_diff": 13.0, "epoch": 1, "trainer/global_step": 0, "_wandb": {"runtime": 435}}