{"test/conf_matrix": {"_type": "image-file", "sha256": "9f9cb3764297c9fd11bd237397dcc125dcfe5f4ff277d8b007ab48496472f67f", "size": 28117, "path": "media/images/test/conf_matrix_0_9f9cb3764297c9fd11bd.png", "format": "png", "width": 1000, "height": 1000}, "_timestamp": 1661412525.014824, "_runtime": 216.39442896842957, "_step": 1, "test/loss": 0.6313098073005676, "test/origin_acc": 0.7738962173461914, "test/new_acc": 0.7675886154174805, "test/f1_macro": 0.5598351955413818, "test/wqKappa": 0.6711418628692627, "test/cnt_diff": 62.0, "test/cnt_correct_diff": 18.0, "epoch": 2, "trainer/global_step": 0, "_wandb": {"runtime": 216}}