{"test/conf_matrix": {"_type": "image-file", "sha256": "fd5399ba586af20b23245806d995d52b98eb8822c87e9c7a7a52d88cea39c83e", "size": 29836, "path": "media/images/test/conf_matrix_0_fd5399ba586af20b2324.png", "format": "png", "width": 1000, "height": 1000}, "_timestamp": 1661443242.7563827, "_runtime": 141.83706378936768, "_step": 1, "test/loss": 2.0962419509887695, "test/origin_acc": 0.4666246771812439, "test/new_acc": 0.4609571695327759, "test/f1_macro": 0.2892759442329407, "test/wqKappa": 0.09976202249526978, "test/cnt_diff": 85.0, "test/cnt_correct_diff": 20.0, "epoch": 3, "trainer/global_step": 0, "_wandb": {"runtime": 141}}