{"test/conf_matrix": {"_type": "image-file", "sha256": "2047782e65982903ae8758f428ce6355a407edb37f6f6ffe30bb443cef1bd5a0", "size": 31331, "path": "media/images/test/conf_matrix_0_2047782e65982903ae87.png", "format": "png", "width": 1000, "height": 1000}, "_timestamp": 1660657037.2928836, "_runtime": 603.0148525238037, "_step": 1, "test/loss": 0.6168479919433594, "test/origin_acc": 0.7463871836662292, "test/new_acc": 0.7447991371154785, "test/f1_macro": 0.6989644765853882, "test/wqKappa": 0.6817031502723694, "test/cnt_diff": 23.0, "test/cnt_correct_diff": 4.0, "epoch": 5, "trainer/global_step": 0, "_wandb": {"runtime": 603}}