{"test/conf_matrix": {"_type": "image-file", "sha256": "1e04a47582b945c3dc3aa9b2cc4378266a36eaf6e7a977dd81caf9d62d621a8a", "size": 28030, "path": "media/images/test/conf_matrix_0_1e04a47582b945c3dc3a.png", "format": "png", "width": 1000, "height": 1000}, "_timestamp": 1660715381.4259975, "_runtime": 259.7431585788727, "_step": 1, "test/loss": 0.5653321146965027, "test/origin_acc": 0.8330907821655273, "test/new_acc": 0.8340611457824707, "test/f1_macro": 0.6302344799041748, "test/wqKappa": 0.7721219062805176, "test/cnt_diff": 23.0, "test/cnt_correct_diff": 10.0, "epoch": 12, "trainer/global_step": 0, "_wandb": {"runtime": 259}}