{"test/conf_matrix": {"_type": "image-file", "sha256": "71f550a76bb5622f0daf0f3ad5ed8104872015f3fe3f2e40640de69cdedd4303", "size": 28197, "path": "media/images/test/conf_matrix_0_71f550a76bb5622f0daf.png", "format": "png", "width": 1000, "height": 1000}, "_timestamp": 1661405573.0356812, "_runtime": 108.90823721885681, "_step": 1, "test/loss": 0.5979331135749817, "test/origin_acc": 0.8136826753616333, "test/new_acc": 0.7918485999107361, "test/f1_macro": 0.5766564607620239, "test/wqKappa": 0.72423255443573, "test/cnt_diff": 173.0, "test/cnt_correct_diff": 55.0, "epoch": 15, "trainer/global_step": 0, "_wandb": {"runtime": 108}}