{"test/conf_matrix": {"_type": "image-file", "sha256": "02181a6919a618d2d9790af443f604d54f84aa64419aad10fbd0bb71828d59f3", "size": 28975, "path": "media/images/test/conf_matrix_0_02181a6919a618d2d979.png", "format": "png", "width": 1000, "height": 1000}, "_timestamp": 1661408493.9263473, "_runtime": 145.89270615577698, "_step": 1, "test/loss": 0.6313098073005676, "test/origin_acc": 0.7738962173461914, "test/new_acc": 0.7074235677719116, "test/f1_macro": 0.5078777074813843, "test/wqKappa": 0.6216381788253784, "test/cnt_diff": 294.0, "test/cnt_correct_diff": 59.0, "epoch": 2, "trainer/global_step": 0, "_wandb": {"runtime": 145}}