{"test/conf_matrix": {"_type": "image-file", "sha256": "af3a177e20b48f3ac23baf518985c6073acda1748649936c32c842672cff882e", "size": 30011, "path": "media/images/test/conf_matrix_0_af3a177e20b48f3ac23b.png", "format": "png", "width": 1000, "height": 1000}, "_timestamp": 1661438792.651659, "_runtime": 162.97094798088074, "_step": 1, "test/loss": 2.1025230884552, "test/origin_acc": 0.5195214152336121, "test/new_acc": 0.5698992609977722, "test/f1_macro": 0.39865049719810486, "test/wqKappa": 0.5940977334976196, "test/cnt_diff": 155.0, "test/cnt_correct_diff": 104.0, "epoch": 8, "trainer/global_step": 0, "_wandb": {"runtime": 163}}