{"test/conf_matrix": {"_type": "image-file", "sha256": "4f00715377097174a9ab1adca58d89da4e1b891acccdd18dab460a9e417482a7", "size": 27383, "path": "media/images/test/conf_matrix_0_4f00715377097174a9ab.png", "format": "png", "width": 1000, "height": 1000}, "_timestamp": 1661331649.0126023, "_runtime": 170.63117742538452, "_step": 1, "test/loss": 0.32888326048851013, "test/origin_acc": 0.8652393221855164, "test/new_acc": 0.8431990146636963, "test/f1_macro": 0.8034558296203613, "test/wqKappa": 0.9293068647384644, "test/cnt_diff": 127.0, "test/cnt_correct_diff": 45.0, "epoch": 4, "trainer/global_step": 0, "_wandb": {"runtime": 170}}