{"test/conf_matrix": {"_type": "image-file", "sha256": "db9d00dcd41988361118a32a4c62de24fa31e8fb265eea62a7366d95ee09312a", "size": 28983, "path": "media/images/test/conf_matrix_0_db9d00dcd41988361118.png", "format": "png", "width": 1000, "height": 1000}, "_timestamp": 1661328603.963852, "_runtime": 85.1542420387268, "_step": 1, "test/loss": 0.46994638442993164, "test/origin_acc": 0.8075471520423889, "test/new_acc": 0.6867924332618713, "test/f1_macro": 0.661857008934021, "test/wqKappa": 0.8486040830612183, "test/cnt_diff": 319.0, "test/cnt_correct_diff": 60.0, "epoch": 8, "trainer/global_step": 0, "_wandb": {"runtime": 85}}