{"test/conf_matrix": {"_type": "image-file", "sha256": "68a9f387978019645fb5d3e16d737593e8345e4e1d23c50a65ce534884105ca9", "size": 26862, "path": "media/images/test/conf_matrix_0_68a9f387978019645fb5.png", "format": "png", "width": 1000, "height": 1000}, "_timestamp": 1661478105.56928, "_runtime": 162.13835191726685, "_step": 1, "test/loss": 0.557793915271759, "test/origin_acc": 0.8131067752838135, "test/new_acc": 0.7902912497520447, "test/f1_macro": 0.5921187400817871, "test/wqKappa": 0.7441823482513428, "test/cnt_diff": 116.0, "test/cnt_correct_diff": 30.0, "epoch": 2, "trainer/global_step": 0, "_wandb": {"runtime": 162}}