{"test/conf_matrix": {"_type": "image-file", "sha256": "a41f54d646e68ab4801522336e17ad016f1ad79920dce263eaefc78701de47ee", "size": 28067, "path": "media/images/test/conf_matrix_0_a41f54d646e68ab48015.png", "format": "png", "width": 1000, "height": 1000}, "_timestamp": 1660717837.9436543, "_runtime": 187.7651653289795, "_step": 1, "test/loss": 0.5653321146965027, "test/origin_acc": 0.8330907821655273, "test/new_acc": 0.8369723558425903, "test/f1_macro": 0.633610725402832, "test/wqKappa": 0.7763981223106384, "test/cnt_diff": 24.0, "test/cnt_correct_diff": 14.0, "epoch": 12, "trainer/global_step": 0, "_wandb": {"runtime": 187}}