{"test/conf_matrix": {"_type": "image-file", "sha256": "d76bcbb6f3ecbce4bfb58773d33eaa9d375f8b47abfbce68f7106bf288d9122e", "size": 28947, "path": "media/images/test/conf_matrix_0_d76bcbb6f3ecbce4bfb5.png", "format": "png", "width": 1000, "height": 1000}, "_timestamp": 1661329624.2165685, "_runtime": 115.19602155685425, "_step": 1, "test/loss": 0.46994638442993164, "test/origin_acc": 0.8075471520423889, "test/new_acc": 0.742767333984375, "test/f1_macro": 0.7100946307182312, "test/wqKappa": 0.8752775192260742, "test/cnt_diff": 220.0, "test/cnt_correct_diff": 56.0, "epoch": 8, "trainer/global_step": 0, "_wandb": {"runtime": 116}}