{"test/conf_matrix": {"_type": "image-file", "sha256": "44d81525aaab5ae2cbae9197ae9395000b9c9da247ea3c15be4a9e7d67e20cad", "size": 29216, "path": "media/images/test/conf_matrix_0_44d81525aaab5ae2cbae.png", "format": "png", "width": 1000, "height": 1000}, "_timestamp": 1661437970.9179168, "_runtime": 132.10659170150757, "_step": 1, "test/loss": 2.1025230884552, "test/origin_acc": 0.5195214152336121, "test/new_acc": 0.5396725535392761, "test/f1_macro": 0.3584270477294922, "test/wqKappa": 0.5585082769393921, "test/cnt_diff": 98.0, "test/cnt_correct_diff": 52.0, "epoch": 8, "trainer/global_step": 0, "_wandb": {"runtime": 133}}