{"test/conf_matrix": {"_type": "image-file", "sha256": "9666141a1b5cc4a04784d2251711921181b8512156b5cf778bd9011c86a86ee6", "size": 29816, "path": "media/images/test/conf_matrix_0_9666141a1b5cc4a04784.png", "format": "png", "width": 1000, "height": 1000}, "_timestamp": 1661436682.7411582, "_runtime": 130.9280743598938, "_step": 1, "test/loss": 2.1597023010253906, "test/origin_acc": 0.49370276927948, "test/new_acc": 0.491813600063324, "test/f1_macro": 0.32042139768600464, "test/wqKappa": 0.4927869439125061, "test/cnt_diff": 27.0, "test/cnt_correct_diff": 5.0, "epoch": 10, "trainer/global_step": 0, "_wandb": {"runtime": 131}}