{"test/conf_matrix": {"_type": "image-file", "sha256": "d1721f51aba51d518d6a86f91b86e94f3af13e11497b16d084e0dab79cb9ad69", "size": 28028, "path": "media/images/test/conf_matrix_0_d1721f51aba51d518d6a.png", "format": "png", "width": 1000, "height": 1000}, "_timestamp": 1661479333.645774, "_runtime": 172.21782183647156, "_step": 1, "test/loss": 0.5617218017578125, "test/origin_acc": 0.8286407589912415, "test/new_acc": 0.829126238822937, "test/f1_macro": 0.6210207939147949, "test/wqKappa": 0.7639795541763306, "test/cnt_diff": 4.0, "test/cnt_correct_diff": 2.0, "epoch": 10, "trainer/global_step": 0, "_wandb": {"runtime": 172}}