{"test/conf_matrix": {"_type": "image-file", "sha256": "8f0b32a91de6eda07b7f1a751e4d1509a3289df3f994dcad5f413c0a1ac15afb", "size": 29896, "path": "media/images/test/conf_matrix_0_8f0b32a91de6eda07b7f.png", "format": "png", "width": 1000, "height": 1000}, "_timestamp": 1661418820.281677, "_runtime": 433.9264349937439, "_step": 1, "test/loss": 2.093094825744629, "test/origin_acc": 0.5560453534126282, "test/new_acc": 0.48362720012664795, "test/f1_macro": 0.35926032066345215, "test/wqKappa": 0.4536231756210327, "test/cnt_diff": 808.0, "test/cnt_correct_diff": 267.0, "epoch": 11, "trainer/global_step": 0, "_wandb": {"runtime": 433}}