{"test/conf_matrix": {"_type": "image-file", "sha256": "cab4c2fa86d2618c5e22c11f8c5d99926d605c0665ed3a1234c19f0f28f980ff", "size": 30911, "path": "media/images/test/conf_matrix_0_cab4c2fa86d2618c5e22.png", "format": "png", "width": 1000, "height": 1000}, "_timestamp": 1660301649.0394695, "_runtime": 409.63484740257263, "_step": 1, "test/loss": 0.6168479919433594, "test/origin_acc": 0.7463871836662292, "test/new_acc": 0.736223578453064, "test/f1_macro": 0.696040689945221, "test/wqKappa": 0.6793220043182373, "test/cnt_diff": 195.0, "test/cnt_correct_diff": 60.0, "epoch": 5, "trainer/global_step": 0, "_wandb": {"runtime": 412}}