{"test/conf_matrix": {"_type": "image-file", "sha256": "21c1e8cdc80760a10c676653f439dd4c4814b39ef8db0413c8c7206ba88a41d0", "size": 30183, "path": "media/images/test/conf_matrix_0_21c1e8cdc80760a10c67.png", "format": "png", "width": 1000, "height": 1000}, "_timestamp": 1661453722.781542, "_runtime": 221.92744207382202, "_step": 1, "test/loss": 0.663868248462677, "test/origin_acc": 0.7158367037773132, "test/new_acc": 0.7205569744110107, "test/f1_macro": 0.6386664509773254, "test/wqKappa": 0.6296532154083252, "test/cnt_diff": 131.0, "test/cnt_correct_diff": 64.0, "epoch": 3, "trainer/global_step": 0, "_wandb": {"runtime": 221}}