{"test/conf_matrix": {"_type": "image-file", "sha256": "c8753c561ff401cded865b7ea8b3b52ba7d7721c01c86031df48ec91fe35ab90", "size": 30319, "path": "media/images/test/conf_matrix_0_c8753c561ff401cded86.png", "format": "png", "width": 1000, "height": 1000}, "_timestamp": 1661444718.5167608, "_runtime": 145.17365980148315, "_step": 1, "test/loss": 2.620410442352295, "test/origin_acc": 0.250629723072052, "test/new_acc": 0.2890428304672241, "test/f1_macro": 0.24634943902492523, "test/wqKappa": -0.314811110496521, "test/cnt_diff": 366.0, "test/cnt_correct_diff": 117.0, "epoch": 0, "trainer/global_step": 0, "_wandb": {"runtime": 144}}