{"test/conf_matrix": {"_type": "image-file", "sha256": "16e6a70d60133e86b05e4ab96f46b21301486deac26f411a1b2e73f6cc768279", "size": 26427, "path": "media/images/test/conf_matrix_0_16e6a70d60133e86b05e.png", "format": "png", "width": 1000, "height": 1000}, "_timestamp": 1661881084.8591788, "_runtime": 247.63573169708252, "_step": 1, "test/loss": 0.37694475054740906, "test/origin_acc": 0.8394206762313843, "test/new_acc": 0.8381612300872803, "test/f1_macro": 0.8030494451522827, "test/wqKappa": 0.9245923757553101, "test/cnt_diff": 24.0, "test/cnt_correct_diff": 11.0, "epoch": 2, "trainer/global_step": 0, "_wandb": {"runtime": 248}}