{"test/conf_matrix": {"_type": "image-file", "sha256": "cbea1eca87c731eaa372715a5deb7b624d6a8dac592faf682dfe73fd3f6075aa", "size": 27150, "path": "media/images/test/conf_matrix_0_cbea1eca87c731eaa372.png", "format": "png", "width": 1000, "height": 1000}, "_timestamp": 1661487933.401351, "_runtime": 122.86029601097107, "_step": 1, "test/loss": 0.6395517587661743, "test/origin_acc": 0.8155339956283569, "test/new_acc": 0.8155339956283569, "test/f1_macro": 0.6243106126785278, "test/wqKappa": 0.7608639597892761, "test/cnt_diff": 19.0, "test/cnt_correct_diff": 7.0, "epoch": 11, "trainer/global_step": 0, "_wandb": {"runtime": 121}}