{"test/conf_matrix": {"_type": "image-file", "sha256": "61ca46c5822e21e49691739b8cf0dbe3f8c3a2fb39a8483c32dfd777352b56c5", "size": 30992, "path": "media/images/test/conf_matrix_0_61ca46c5822e21e49691.png", "format": "png", "width": 1000, "height": 1000}, "_timestamp": 1660654227.4951177, "_runtime": 700.9021415710449, "_step": 1, "test/loss": 0.6168479919433594, "test/origin_acc": 0.7463871836662292, "test/new_acc": 0.7405113577842712, "test/f1_macro": 0.6952422261238098, "test/wqKappa": 0.6803735494613647, "test/cnt_diff": 80.0, "test/cnt_correct_diff": 18.0, "epoch": 5, "trainer/global_step": 0, "_wandb": {"runtime": 700}}