{"test/conf_matrix": {"_type": "image-file", "sha256": "fa5a992d52545b167781a8395ef47ac8c8e511df47045d3494b26b34fd3e6ab7", "size": 27086, "path": "media/images/test/conf_matrix_0_fa5a992d52545b167781.png", "format": "png", "width": 1000, "height": 1000}, "_timestamp": 1661333489.9163392, "_runtime": 117.3432412147522, "_step": 1, "test/loss": 0.32888326048851013, "test/origin_acc": 0.8652393221855164, "test/new_acc": 0.8664987683296204, "test/f1_macro": 0.829257607460022, "test/wqKappa": 0.9376499652862549, "test/cnt_diff": 5.0, "test/cnt_correct_diff": 3.0, "epoch": 4, "trainer/global_step": 0, "_wandb": {"runtime": 116}}