{"test/conf_matrix": {"_type": "image-file", "sha256": "a7bedbed344be82fb2a88bba7491e0ca08172167f5dcd6c0857ed7a983d0a1c1", "size": 31109, "path": "media/images/test/conf_matrix_0_a7bedbed344be82fb2a8.png", "format": "png", "width": 1000, "height": 1000}, "_timestamp": 1660716066.268037, "_runtime": 392.5358431339264, "_step": 1, "test/loss": 0.6164124011993408, "test/acc": 0.7374940514564514, "test/f1_macro": 0.6978432536125183, "test/wqKappa": 0.6812593340873718, "epoch": 5, "trainer/global_step": 0, "_wandb": {"runtime": 393}}