{"test/conf_matrix": {"_type": "image-file", "sha256": "95fb38e413b804dd830dc1f63f6c912a746fa2e88e45f80a2c7d997571377a93", "size": 26758, "path": "media/images/test/conf_matrix_0_95fb38e413b804dd830d.png", "format": "png", "width": 1000, "height": 1000}, "_timestamp": 1661328902.1834977, "_runtime": 111.36012959480286, "_step": 1, "test/loss": 0.35823777318000793, "test/origin_acc": 0.8526448607444763, "test/new_acc": 0.8532745838165283, "test/f1_macro": 0.823826253414154, "test/wqKappa": 0.9312188625335693, "test/cnt_diff": 56.0, "test/cnt_correct_diff": 28.0, "epoch": 5, "trainer/global_step": 0, "_wandb": {"runtime": 110}}