{"test/conf_matrix": {"_type": "image-file", "sha256": "19d9f0b34ddbc5d6aced7bc4f602ba9b2624aaf9a062b8250df9fd78a90145a0", "size": 27294, "path": "media/images/test/conf_matrix_0_19d9f0b34ddbc5d6aced.png", "format": "png", "width": 1000, "height": 1000}, "_timestamp": 1661880452.3442454, "_runtime": 256.3145785331726, "_step": 1, "test/loss": 0.33733710646629333, "test/origin_acc": 0.8570529222488403, "test/new_acc": 0.8614609837532043, "test/f1_macro": 0.8085232973098755, "test/wqKappa": 0.9330233931541443, "test/cnt_diff": 18.0, "test/cnt_correct_diff": 12.0, "epoch": 2, "trainer/global_step": 0, "_wandb": {"runtime": 256}}