{"test/conf_matrix": {"_type": "image-file", "sha256": "af92aeba48a14986bebaab0a8050134f07b1c46993389d1c23768b882aac96a6", "size": 30611, "path": "media/images/test/conf_matrix_0_af92aeba48a14986beba.png", "format": "png", "width": 1000, "height": 1000}, "_timestamp": 1661444024.7424467, "_runtime": 464.85022163391113, "_step": 1, "test/loss": 0.9711070656776428, "test/origin_acc": 0.5501534342765808, "test/new_acc": 0.5815435647964478, "test/f1_macro": 0.5414586067199707, "test/wqKappa": 0.49325937032699585, "test/cnt_diff": 1057.0, "test/cnt_correct_diff": 390.0, "epoch": 2, "trainer/global_step": 0, "_wandb": {"runtime": 464}}