{"test/conf_matrix": {"_type": "image-file", "sha256": "bae2d2feba260e064ca63f9ddeb2b30745de52ecee47929667620bc7e21861f3", "size": 29222, "path": "media/images/test/conf_matrix_0_bae2d2feba260e064ca6.png", "format": "png", "width": 1000, "height": 1000}, "_timestamp": 1661437566.575567, "_runtime": 130.64415907859802, "_step": 1, "test/loss": 2.1025230884552, "test/origin_acc": 0.5195214152336121, "test/new_acc": 0.5283375382423401, "test/f1_macro": 0.3452560603618622, "test/wqKappa": 0.5451704263687134, "test/cnt_diff": 80.0, "test/cnt_correct_diff": 34.0, "epoch": 8, "trainer/global_step": 0, "_wandb": {"runtime": 130}}