{"test/conf_matrix": {"_type": "image-file", "sha256": "970796b068722965555a960567c75a99f5b741f83931220fd10c7cef28e13d1d", "size": 30794, "path": "media/images/test/conf_matrix_0_970796b068722965555a.png", "format": "png", "width": 1000, "height": 1000}, "_timestamp": 1661445326.2018254, "_runtime": 145.43489933013916, "_step": 1, "test/loss": 2.620410442352295, "test/origin_acc": 0.250629723072052, "test/new_acc": 0.30100756883621216, "test/f1_macro": 0.25873634219169617, "test/wqKappa": -0.3578253984451294, "test/cnt_diff": 687.0, "test/cnt_correct_diff": 195.0, "epoch": 0, "trainer/global_step": 0, "_wandb": {"runtime": 145}}