{"test/conf_matrix": {"_type": "image-file", "sha256": "62ccad0766ddeb4170ccee07548badbb09caf934440b84976763988f6bedcbc4", "size": 30957, "path": "media/images/test/conf_matrix_0_62ccad0766ddeb4170cc.png", "format": "png", "width": 1000, "height": 1000}, "_timestamp": 1661420844.0920844, "_runtime": 414.1051003932953, "_step": 1, "test/loss": 1.5902985334396362, "test/origin_acc": 0.6070529222488403, "test/new_acc": 0.5258186459541321, "test/f1_macro": 0.38986384868621826, "test/wqKappa": 0.42168039083480835, "test/cnt_diff": 375.0, "test/cnt_correct_diff": 75.0, "epoch": 5, "trainer/global_step": 0, "_wandb": {"runtime": 413}}