{"test/conf_matrix": {"_type": "image-file", "sha256": "2afe6963d854f8c9b299b4dd47db17d8090748ca70c1f4bbb941a7b9a42e3a22", "size": 30869, "path": "media/images/test/conf_matrix_0_2afe6963d854f8c9b299.png", "format": "png", "width": 1000, "height": 1000}, "_timestamp": 1660728520.5545132, "_runtime": 377.6217563152313, "_step": 1, "test/loss": 0.6168479919433594, "test/origin_acc": 0.7463871836662292, "test/new_acc": 0.7446402907371521, "test/f1_macro": 0.6959214806556702, "test/wqKappa": 0.6797312498092651, "test/cnt_diff": 376.0, "test/cnt_correct_diff": 172.0, "epoch": 5, "trainer/global_step": 0, "_wandb": {"runtime": 378}}