{"test/conf_matrix": {"_type": "image-file", "sha256": "9af04ff2f596af7b37705c159c4e3bfe610eaaf76e07d5c6d210ec241349e61b", "size": 26584, "path": "media/images/test/conf_matrix_0_9af04ff2f596af7b3770.png", "format": "png", "width": 1000, "height": 1000}, "_timestamp": 1661327701.1443768, "_runtime": 101.24697184562683, "_step": 1, "test/loss": 0.35823777318000793, "test/origin_acc": 0.8526448607444763, "test/new_acc": 0.8507556915283203, "test/f1_macro": 0.8200676441192627, "test/wqKappa": 0.9302130341529846, "test/cnt_diff": 78.0, "test/cnt_correct_diff": 37.0, "epoch": 5, "trainer/global_step": 0, "_wandb": {"runtime": 101}}