{"test/conf_matrix": {"_type": "image-file", "sha256": "17509e8a3c63de4545ff2dc7efcccc931300b1a7554c41b8062fb9539648df0e", "size": 27483, "path": "media/images/test/conf_matrix_0_17509e8a3c63de4545ff.png", "format": "png", "width": 1000, "height": 1000}, "_timestamp": 1660660252.0032399, "_runtime": 268.65926480293274, "_step": 1, "test/loss": 0.3087417483329773, "test/origin_acc": 0.8916876316070557, "test/new_acc": 0.7965995073318481, "test/f1_macro": 0.7302980422973633, "test/wqKappa": 0.898393452167511, "test/cnt_diff": 234.0, "test/cnt_correct_diff": 31.0, "epoch": 8, "trainer/global_step": 0, "_wandb": {"runtime": 269}}