{"test/conf_matrix": {"_type": "image-file", "sha256": "b4bf5796b414f1d3993188e5eb64457e4b2f68aa16fb9c4871dcbd6cdf2da42f", "size": 26793, "path": "media/images/test/conf_matrix_0_b4bf5796b414f1d39931.png", "format": "png", "width": 1000, "height": 1000}, "_timestamp": 1661481320.3620095, "_runtime": 162.06603455543518, "_step": 1, "test/loss": 0.5793511271476746, "test/origin_acc": 0.832524299621582, "test/new_acc": 0.8218446373939514, "test/f1_macro": 0.618486762046814, "test/wqKappa": 0.7817200422286987, "test/cnt_diff": 69.0, "test/cnt_correct_diff": 18.0, "epoch": 11, "trainer/global_step": 0, "_wandb": {"runtime": 162}}