{"test/conf_matrix": {"_type": "image-file", "sha256": "0c3204536de9e253f785fa53b15b6270190a6bd3196a43b5148dc0b4de1c724a", "size": 30261, "path": "media/images/test/conf_matrix_0_0c3204536de9e253f785.png", "format": "png", "width": 1000, "height": 1000}, "_timestamp": 1661429012.4714458, "_runtime": 117.35253691673279, "_step": 1, "test/loss": 1.9362478256225586, "test/origin_acc": 0.5440806150436401, "test/new_acc": 0.510075569152832, "test/f1_macro": 0.3684762716293335, "test/wqKappa": 0.47306668758392334, "test/cnt_diff": 332.0, "test/cnt_correct_diff": 102.0, "epoch": 11, "trainer/global_step": 0, "_wandb": {"runtime": 117}}