{"test/conf_matrix": {"_type": "image-file", "sha256": "0c741d89c9ed4996f2f66305a2f88ee54c557329f74837d939326177fcc46793", "size": 30215, "path": "media/images/test/conf_matrix_0_0c741d89c9ed4996f2f6.png", "format": "png", "width": 1000, "height": 1000}, "_timestamp": 1661449010.1494637, "_runtime": 471.1624195575714, "_step": 1, "test/loss": 0.663868248462677, "test/origin_acc": 0.7158367037773132, "test/new_acc": 0.6957753300666809, "test/f1_macro": 0.6240844130516052, "test/wqKappa": 0.6247074604034424, "test/cnt_diff": 535.0, "test/cnt_correct_diff": 210.0, "epoch": 3, "trainer/global_step": 0, "_wandb": {"runtime": 470}}