{"test/conf_matrix": {"_type": "image-file", "sha256": "adfab013f5beb0ef10feda3c8406c0ba14f8dd3e7cc8513476180148d69f5c0b", "size": 29922, "path": "media/images/test/conf_matrix_0_adfab013f5beb0ef10fe.png", "format": "png", "width": 1000, "height": 1000}, "_timestamp": 1661407747.4823163, "_runtime": 169.9265651702881, "_step": 1, "test/loss": 2.093094825744629, "test/origin_acc": 0.5560453534126282, "test/new_acc": 0.47858941555023193, "test/f1_macro": 0.35644030570983887, "test/wqKappa": 0.4518985152244568, "test/cnt_diff": 824.0, "test/cnt_correct_diff": 271.0, "epoch": 11, "trainer/global_step": 0, "_wandb": {"runtime": 169}}