{"test/conf_matrix": {"_type": "image-file", "sha256": "51659a5986f31b1e05142446173fd83ac5b19976b8dcfca7a41807669522b867", "size": 26489, "path": "media/images/test/conf_matrix_0_51659a5986f31b1e0514.png", "format": "png", "width": 1000, "height": 1000}, "_timestamp": 1661933902.7256446, "_runtime": 130.99594449996948, "_step": 1, "test/loss": 0.31690359115600586, "test/origin_acc": 0.8740554451942444, "test/new_acc": 0.8727959990501404, "test/f1_macro": 0.8391351103782654, "test/wqKappa": 0.9393364191055298, "test/cnt_diff": 5.0, "test/cnt_correct_diff": 1.0, "epoch": 8, "trainer/global_step": 0, "_wandb": {"runtime": 131}}