{"test/conf_matrix": {"_type": "image-file", "sha256": "fb28389b8d4f36d8cd20c0b26ccb05d014e83148643d70acfa07b219f8eeb841", "size": 30806, "path": "media/images/test/conf_matrix_0_fb28389b8d4f36d8cd20.png", "format": "png", "width": 1000, "height": 1000}, "_timestamp": 1661452270.1016576, "_runtime": 151.3671796321869, "_step": 1, "test/loss": 0.8180785775184631, "test/origin_acc": 0.6161831021308899, "test/new_acc": 0.6126444935798645, "test/f1_macro": 0.5533552169799805, "test/wqKappa": 0.5277174711227417, "test/cnt_diff": 480.0, "test/cnt_correct_diff": 188.0, "epoch": 5, "trainer/global_step": 0, "_wandb": {"runtime": 151}}