{"test/conf_matrix": {"_type": "image-file", "sha256": "81d4b596f605797356c77b616dcdb07abb6c4ce2bde6f5d5bb6258b5626e5f35", "size": 29109, "path": "media/images/test/conf_matrix_0_81d4b596f605797356c7.png", "format": "png", "width": 1000, "height": 1000}, "_timestamp": 1661324535.863906, "_runtime": 98.94550895690918, "_step": 1, "test/loss": 0.5756698250770569, "test/origin_acc": 0.7811321020126343, "test/new_acc": 0.5031446814537048, "test/f1_macro": 0.45646458864212036, "test/wqKappa": 0.6519359350204468, "test/cnt_diff": 639.0, "test/cnt_correct_diff": 82.0, "epoch": 8, "trainer/global_step": 0, "_wandb": {"runtime": 98}}