{"test/conf_matrix": {"_type": "image-file", "sha256": "459698cd606251cacb2fd55c86812ddf2751806b05d915f35bf11157e190d6f5", "size": 27272, "path": "media/images/test/conf_matrix_0_459698cd606251cacb2f.png", "format": "png", "width": 1000, "height": 1000}, "_timestamp": 1661399725.0430472, "_runtime": 136.2037262916565, "_step": 1, "test/loss": 0.3241216242313385, "test/origin_acc": 0.8627204298973083, "test/new_acc": 0.8690176606178284, "test/f1_macro": 0.8326744437217712, "test/wqKappa": 0.937033474445343, "test/cnt_diff": 40.0, "test/cnt_correct_diff": 25.0, "epoch": 6, "trainer/global_step": 0, "_wandb": {"runtime": 136}}