{"test/conf_matrix": {"_type": "image-file", "sha256": "145b850d335dcaab03c023c8da7b0066db7621a36d96cdb91e7866de0041ef61", "size": 26159, "path": "media/images/test/conf_matrix_0_145b850d335dcaab03c0.png", "format": "png", "width": 1000, "height": 1000}, "_timestamp": 1661333094.1489866, "_runtime": 108.21380066871643, "_step": 1, "test/loss": 0.2952144742012024, "test/origin_acc": 0.8797228932380676, "test/new_acc": 0.8790931701660156, "test/f1_macro": 0.844933271408081, "test/wqKappa": 0.9435776472091675, "test/cnt_diff": 11.0, "test/cnt_correct_diff": 5.0, "epoch": 12, "trainer/global_step": 0, "_wandb": {"runtime": 109}}