{"test/conf_matrix": {"_type": "image-file", "sha256": "2b272ab47fbf2f3a2cc775bd6f7b357e027594f62242f2cae7f54832c9d03015", "size": 29829, "path": "media/images/test/conf_matrix_0_2b272ab47fbf2f3a2cc7.png", "format": "png", "width": 1000, "height": 1000}, "_timestamp": 1661461110.518951, "_runtime": 140.09396290779114, "_step": 1, "test/loss": 0.7218735218048096, "test/origin_acc": 0.6959188580513, "test/new_acc": 0.6970983743667603, "test/f1_macro": 0.5986566543579102, "test/wqKappa": 0.6064444780349731, "test/cnt_diff": 95.0, "test/cnt_correct_diff": 44.0, "epoch": 7, "trainer/global_step": 0, "_wandb": {"runtime": 139}}