{"test/conf_matrix": {"_type": "image-file", "sha256": "e61919f1ac6532b303da0e1cfb887965c34ae09500f29cc285897bbe4d013fc8", "size": 26783, "path": "media/images/test/conf_matrix_0_e61919f1ac6532b303da.png", "format": "png", "width": 1000, "height": 1000}, "_timestamp": 1661332963.4008946, "_runtime": 102.57483267784119, "_step": 1, "test/loss": 0.2952144742012024, "test/origin_acc": 0.8797228932380676, "test/new_acc": 0.8803526163101196, "test/f1_macro": 0.8463059663772583, "test/wqKappa": 0.943244218826294, "test/cnt_diff": 14.0, "test/cnt_correct_diff": 7.0, "epoch": 12, "trainer/global_step": 0, "_wandb": {"runtime": 102}}