{"test/conf_matrix": {"_type": "image-file", "sha256": "ae53b491b507f59290aa27312c9cb9ae3ab603d165075f6752aeace3d3012a0d", "size": 30968, "path": "media/images/test/conf_matrix_0_ae53b491b507f59290aa.png", "format": "png", "width": 1000, "height": 1000}, "_timestamp": 1661458225.3157995, "_runtime": 135.15493535995483, "_step": 1, "test/loss": 0.8598936796188354, "test/origin_acc": 0.5937721133232117, "test/new_acc": 0.6088700294494629, "test/f1_macro": 0.5208090543746948, "test/wqKappa": 0.5336012840270996, "test/cnt_diff": 1246.0, "test/cnt_correct_diff": 587.0, "epoch": 1, "trainer/global_step": 0, "_wandb": {"runtime": 134}}