{"test/conf_matrix": {"_type": "image-file", "sha256": "c2f67b40e45ec7014b0d1000d98a3bdb182632356923c50b6ced1448121e12e9", "size": 30343, "path": "media/images/test/conf_matrix_0_c2f67b40e45ec7014b0d.png", "format": "png", "width": 1000, "height": 1000}, "_timestamp": 1661455801.0461621, "_runtime": 268.67864418029785, "_step": 1, "test/loss": 0.663868248462677, "test/origin_acc": 0.7158367037773132, "test/new_acc": 0.7012037038803101, "test/f1_macro": 0.6238803863525391, "test/wqKappa": 0.6248277425765991, "test/cnt_diff": 489.0, "test/cnt_correct_diff": 199.0, "epoch": 3, "trainer/global_step": 0, "_wandb": {"runtime": 268}}