{"test/conf_matrix": {"_type": "image-file", "sha256": "850d8838b773ca68ca673cf0e1b67a445331bba61f2eec463f7a4dce0f8e085e", "size": 27723, "path": "media/images/test/conf_matrix_0_850d8838b773ca68ca67.png", "format": "png", "width": 1000, "height": 1000}, "_timestamp": 1661403258.4988549, "_runtime": 154.6730239391327, "_step": 1, "test/loss": 0.6740458607673645, "test/origin_acc": 0.7850558757781982, "test/new_acc": 0.7840854525566101, "test/f1_macro": 0.5718159675598145, "test/wqKappa": 0.6970881223678589, "test/cnt_diff": 33.0, "test/cnt_correct_diff": 14.0, "epoch": 10, "trainer/global_step": 0, "_wandb": {"runtime": 155}}