{"test/conf_matrix": {"_type": "image-file", "sha256": "d32b7a897e0bff6921fd23453f19f8e4c95d11ac8bf7d73ffe28dea0b312e75a", "size": 27024, "path": "media/images/test/conf_matrix_0_d32b7a897e0bff6921fd.png", "format": "png", "width": 1000, "height": 1000}, "_timestamp": 1661331826.9915135, "_runtime": 146.55402040481567, "_step": 1, "test/loss": 0.32888326048851013, "test/origin_acc": 0.8652393221855164, "test/new_acc": 0.8457179069519043, "test/f1_macro": 0.8063298463821411, "test/wqKappa": 0.9303138852119446, "test/cnt_diff": 123.0, "test/cnt_correct_diff": 45.0, "epoch": 4, "trainer/global_step": 0, "_wandb": {"runtime": 146}}