{"test/conf_matrix": {"_type": "image-file", "sha256": "b30033c43ca821dd04c76589fa622b8e87cd55d59a9c49a39fbf6128742eaaba", "size": 28185, "path": "media/images/test/conf_matrix_0_b30033c43ca821dd04c7.png", "format": "png", "width": 1000, "height": 1000}, "_timestamp": 1660714416.1418388, "_runtime": 265.1807577610016, "_step": 1, "test/loss": 0.5653321146965027, "test/origin_acc": 0.8330907821655273, "test/new_acc": 0.8340611457824707, "test/f1_macro": 0.6303555369377136, "test/wqKappa": 0.7726275324821472, "test/cnt_diff": 25.0, "test/cnt_correct_diff": 11.0, "epoch": 12, "trainer/global_step": 0, "_wandb": {"runtime": 259}}