{"test/conf_matrix": {"_type": "image-file", "sha256": "87ce8a8fe010a0cfaf57014ba421529f7bef685a16465aacc8224fc86f03bdd0", "size": 26945, "path": "media/images/test/conf_matrix_0_87ce8a8fe010a0cfaf57.png", "format": "png", "width": 1000, "height": 1000}, "_timestamp": 1661341959.706548, "_runtime": 277.10824489593506, "_step": 1, "test/loss": 0.3830234110355377, "test/origin_acc": 0.8283019065856934, "test/new_acc": 0.796226441860199, "test/f1_macro": 0.7600924372673035, "test/wqKappa": 0.909427285194397, "test/cnt_diff": 162.0, "test/cnt_correct_diff": 53.0, "epoch": 15, "trainer/global_step": 0, "_wandb": {"runtime": 277}}