{"test/conf_matrix": {"_type": "image-file", "sha256": "09164b770e1305a0e786c1928e8ae88a19a0c5c1fc9e76d66f7d8918b72f47d5", "size": 27118, "path": "media/images/test/conf_matrix_0_09164b770e1305a0e786.png", "format": "png", "width": 1000, "height": 1000}, "_timestamp": 1660646841.25997, "_runtime": 255.21841502189636, "_step": 1, "test/loss": 0.4327978789806366, "test/origin_acc": 0.8091939687728882, "test/new_acc": 0.8123425841331482, "test/f1_macro": 0.7639446258544922, "test/wqKappa": 0.9117156267166138, "test/cnt_diff": 15.0, "test/cnt_correct_diff": 10.0, "epoch": 1, "trainer/global_step": 0, "_wandb": {"runtime": 256}}