{"test/conf_matrix": {"_type": "image-file", "sha256": "c4ff00c19b6073f50b2de487f77dc4ce6c5c5b0ecdf267b740a8335ff28b4fe4", "size": 27647, "path": "media/images/test/conf_matrix_0_c4ff00c19b6073f50b2d.png", "format": "png", "width": 1000, "height": 1000}, "_timestamp": 1661401843.32011, "_runtime": 137.50966215133667, "_step": 1, "test/loss": 0.5979331135749817, "test/origin_acc": 0.8136826753616333, "test/new_acc": 0.7952451109886169, "test/f1_macro": 0.5829440951347351, "test/wqKappa": 0.7273776531219482, "test/cnt_diff": 164.0, "test/cnt_correct_diff": 54.0, "epoch": 15, "trainer/global_step": 0, "_wandb": {"runtime": 137}}