{"test/conf_matrix": {"_type": "image-file", "sha256": "275c6e98aef98792f8f6169bed145f90d316825b9a210ebbe7570e97627a4755", "size": 26482, "path": "media/images/test/conf_matrix_0_275c6e98aef98792f8f6.png", "format": "png", "width": 1000, "height": 1000}, "_timestamp": 1661880785.4487975, "_runtime": 345.92373847961426, "_step": 1, "test/loss": 0.37694475054740906, "test/origin_acc": 0.8394206762313843, "test/new_acc": 0.8318639993667603, "test/f1_macro": 0.7938104271888733, "test/wqKappa": 0.921714723110199, "test/cnt_diff": 58.0, "test/cnt_correct_diff": 23.0, "epoch": 2, "trainer/global_step": 0, "_wandb": {"runtime": 345}}