{"test/loss": 0.5688596367835999, "test/acc": 0.8595718145370483, "test/f1_macro": 0.8033797740936279, "test/wqKappa": 0.9324082136154175, "epoch": 32, "trainer/global_step": 0, "_timestamp": 1656338703, "_runtime": 98, "_step": 0, "_wandb": {"runtime": 99}}