{"test/conf_matrix": {"_type": "image-file", "sha256": "61708ea71eaaae320d7102f11ffba1b60147ec9a42571a3c0e7ecb20dff3366d", "size": 30087, "path": "media/images/test/conf_matrix_0_61708ea71eaaae320d71.png", "format": "png", "width": 1000, "height": 1000}, "_timestamp": 1661417378.528481, "_runtime": 429.1899609565735, "_step": 1, "test/loss": 2.093094825744629, "test/origin_acc": 0.5560453534126282, "test/new_acc": 0.5566750764846802, "test/f1_macro": 0.3879137337207794, "test/wqKappa": 0.5080485343933105, "test/cnt_diff": 460.0, "test/cnt_correct_diff": 176.0, "epoch": 11, "trainer/global_step": 0, "_wandb": {"runtime": 428}}