{"test/conf_matrix": {"_type": "image-file", "sha256": "d2bcab8c32b9d8a68e084734f60edfee54aa3c60b7ad1255157efd233d9b4b3a", "size": 27558, "path": "media/images/test/conf_matrix_0_d2bcab8c32b9d8a68e08.png", "format": "png", "width": 1000, "height": 1000}, "_timestamp": 1661929377.9307728, "_runtime": 254.07184171676636, "_step": 1, "test/loss": 0.31758856773376465, "test/origin_acc": 0.8759445548057556, "test/new_acc": 0.8205289840698242, "test/f1_macro": 0.777603268623352, "test/wqKappa": 0.9145763516426086, "test/cnt_diff": 181.0, "test/cnt_correct_diff": 43.0, "epoch": 4, "trainer/global_step": 0, "_wandb": {"runtime": 254}}