{"test/conf_matrix": {"_type": "image-file", "sha256": "b92916fe9c7e99de7520614540c550ce12c9504063acecd36e26d9e4eeda809c", "size": 31237, "path": "media/images/test/conf_matrix_0_b92916fe9c7e99de7520.png", "format": "png", "width": 1000, "height": 1000}, "_timestamp": 1661420889.971782, "_runtime": 373.4857199192047, "_step": 1, "test/loss": 2.3457894325256348, "test/origin_acc": 0.4401763081550598, "test/new_acc": 0.3501259386539459, "test/f1_macro": 0.2600191831588745, "test/wqKappa": 0.34584367275238037, "test/cnt_diff": 1021.0, "test/cnt_correct_diff": 294.0, "epoch": 2, "trainer/global_step": 0, "_wandb": {"runtime": 373}}