{"test/conf_matrix": {"_type": "image-file", "sha256": "a5106e1437f54f501d369812853701c31f087491cd7055befcedcfd62ddce9f3", "size": 29971, "path": "media/images/test/conf_matrix_0_a5106e1437f54f501d36.png", "format": "png", "width": 1000, "height": 1000}, "_timestamp": 1661441807.504993, "_runtime": 155.6496958732605, "_step": 1, "test/loss": 2.0962419509887695, "test/origin_acc": 0.4666246771812439, "test/new_acc": 0.45591938495635986, "test/f1_macro": 0.29678255319595337, "test/wqKappa": 0.13011401891708374, "test/cnt_diff": 157.0, "test/cnt_correct_diff": 35.0, "epoch": 3, "trainer/global_step": 0, "_wandb": {"runtime": 155}}