{"test/conf_matrix": {"_type": "image-file", "sha256": "8742a5fd37885c5d0ffdec60d17e101e2756aaccfc0491ff5395c0bc0bdf5918", "size": 27224, "path": "media/images/test/conf_matrix_0_8742a5fd37885c5d0ffd.png", "format": "png", "width": 1000, "height": 1000}, "_timestamp": 1661328319.025471, "_runtime": 100.89477586746216, "_step": 1, "test/loss": 0.31017082929611206, "test/origin_acc": 0.8753148317337036, "test/new_acc": 0.8721662759780884, "test/f1_macro": 0.8377914428710938, "test/wqKappa": 0.9399016499519348, "test/cnt_diff": 7.0, "test/cnt_correct_diff": 1.0, "epoch": 7, "trainer/global_step": 0, "_wandb": {"runtime": 100}}