{"test/conf_matrix": {"_type": "image-file", "sha256": "972e2d8d57bfb65e965bb53e0cd3f6726e3232c39042d890d21361c309b9ba9d", "size": 27383, "path": "media/images/test/conf_matrix_0_972e2d8d57bfb65e965b.png", "format": "png", "width": 1000, "height": 1000}, "_timestamp": 1661334915.1871562, "_runtime": 119.13625812530518, "_step": 1, "test/loss": 0.32888326048851013, "test/origin_acc": 0.8652393221855164, "test/new_acc": 0.8211587071418762, "test/f1_macro": 0.7819739580154419, "test/wqKappa": 0.9202835559844971, "test/cnt_diff": 166.0, "test/cnt_correct_diff": 47.0, "epoch": 4, "trainer/global_step": 0, "_wandb": {"runtime": 118}}