{"test/conf_matrix": {"_type": "image-file", "sha256": "7c0fb246a70018098b6aa85908f39f07d02d093bfb5cb8b47bda8c271dbbb15e", "size": 27971, "path": "media/images/test/conf_matrix_0_7c0fb246a70018098b6a.png", "format": "png", "width": 1000, "height": 1000}, "_timestamp": 1661403502.5551517, "_runtime": 112.86065864562988, "_step": 1, "test/loss": 0.5979331135749817, "test/origin_acc": 0.8136826753616333, "test/new_acc": 0.8044638633728027, "test/f1_macro": 0.602634072303772, "test/wqKappa": 0.7367927432060242, "test/cnt_diff": 60.0, "test/cnt_correct_diff": 15.0, "epoch": 15, "trainer/global_step": 0, "_wandb": {"runtime": 113}}