{"test/conf_matrix": {"_type": "image-file", "sha256": "cfc6b91980d0259baba3f740d8ebeaa23ca66333b3adfd73ad99689a867b45c4", "size": 26934, "path": "media/images/test/conf_matrix_0_cfc6b91980d0259baba3.png", "format": "png", "width": 1000, "height": 1000}, "_timestamp": 1661490383.428861, "_runtime": 141.5027368068695, "_step": 1, "test/loss": 0.567625880241394, "test/origin_acc": 0.825728178024292, "test/new_acc": 0.8252426981925964, "test/f1_macro": 0.6287215948104858, "test/wqKappa": 0.7799389362335205, "test/cnt_diff": 80.0, "test/cnt_correct_diff": 37.0, "epoch": 5, "trainer/global_step": 0, "_wandb": {"runtime": 141}}