{"test/conf_matrix": {"_type": "image-file", "sha256": "0c08831c0944f6453c9460f94bdc433a1547883c2b10b73c2b16132e3f7bed26", "size": 29912, "path": "media/images/test/conf_matrix_0_0c08831c0944f6453c94.png", "format": "png", "width": 1000, "height": 1000}, "_timestamp": 1661417822.7171853, "_runtime": 406.4379801750183, "_step": 1, "test/loss": 2.093094825744629, "test/origin_acc": 0.5560453534126282, "test/new_acc": 0.5396725535392761, "test/f1_macro": 0.3826029300689697, "test/wqKappa": 0.4958537817001343, "test/cnt_diff": 548.0, "test/cnt_correct_diff": 200.0, "epoch": 11, "trainer/global_step": 0, "_wandb": {"runtime": 406}}