{"test/conf_matrix": {"_type": "image-file", "sha256": "b65e5d64b219d0142a46b848f14cf918f00d4499ff525ece4da88bd093d4484a", "size": 30483, "path": "media/images/test/conf_matrix_0_b65e5d64b219d0142a46.png", "format": "png", "width": 1000, "height": 1000}, "_timestamp": 1661425579.7230241, "_runtime": 283.101243019104, "_step": 1, "test/loss": 1.9362478256225586, "test/origin_acc": 0.5440806150436401, "test/new_acc": 0.507556676864624, "test/f1_macro": 0.385287344455719, "test/wqKappa": 0.4682443141937256, "test/cnt_diff": 426.0, "test/cnt_correct_diff": 139.0, "epoch": 11, "trainer/global_step": 0, "_wandb": {"runtime": 283}}