{"test/conf_matrix": {"_type": "image-file", "sha256": "299c33bf28e5763c90e683d1c86b5e1e79ba546e3dc94137160cb099f8868150", "size": 26995, "path": "media/images/test/conf_matrix_0_299c33bf28e5763c90e6.png", "format": "png", "width": 1000, "height": 1000}, "_timestamp": 1660137151.068653, "_runtime": 142.34947204589844, "_step": 1, "test/loss": 0.3087417483329773, "test/origin_acc": 0.8916876316070557, "test/new_acc": 0.8066750764846802, "test/f1_macro": 0.7377930283546448, "test/wqKappa": 0.905093252658844, "test/cnt_diff": 212.0, "test/cnt_correct_diff": 31.0, "epoch": 8, "trainer/global_step": 0, "_wandb": {"runtime": 142}}