{"test/conf_matrix": {"_type": "image-file", "sha256": "b3e45aa5f71fcf0bd2510af51a0c132a16026d8d3a19e6d3582196414b8f216c", "size": 27015, "path": "media/images/test/conf_matrix_0_b3e45aa5f71fcf0bd251.png", "format": "png", "width": 1000, "height": 1000}, "_timestamp": 1661400470.4444256, "_runtime": 141.46194458007812, "_step": 1, "test/loss": 0.3241216242313385, "test/origin_acc": 0.8627204298973083, "test/new_acc": 0.8633501529693604, "test/f1_macro": 0.8298001289367676, "test/wqKappa": 0.934906005859375, "test/cnt_diff": 5.0, "test/cnt_correct_diff": 3.0, "epoch": 6, "trainer/global_step": 0, "_wandb": {"runtime": 140}}