{"test/conf_matrix": {"_type": "image-file", "sha256": "0c2385ad97db653b095829acff64e5c985be3425fcdf2d19401b98cdf58d6b08", "size": 26490, "path": "media/images/test/conf_matrix_0_0c2385ad97db653b0958.png", "format": "png", "width": 1000, "height": 1000}, "_timestamp": 1661346859.7286246, "_runtime": 326.7775704860687, "_step": 1, "test/loss": 0.3830234110355377, "test/origin_acc": 0.8283019065856934, "test/new_acc": 0.7937107086181641, "test/f1_macro": 0.7600830793380737, "test/wqKappa": 0.9084763526916504, "test/cnt_diff": 176.0, "test/cnt_correct_diff": 58.0, "epoch": 15, "trainer/global_step": 0, "_wandb": {"runtime": 327}}