{"test/conf_matrix": {"_type": "image-file", "sha256": "d2e833ba5136a1c3b9a5d07f21f5d53e8734ddf09999573a8043335304916051", "size": 27573, "path": "media/images/test/conf_matrix_0_d2e833ba5136a1c3b9a5.png", "format": "png", "width": 1000, "height": 1000}, "_timestamp": 1661418324.7628589, "_runtime": 223.1145339012146, "_step": 1, "test/loss": 0.5568793416023254, "test/origin_acc": 0.8282387256622314, "test/new_acc": 0.8248423337936401, "test/f1_macro": 0.6235948801040649, "test/wqKappa": 0.7736337184906006, "test/cnt_diff": 19.0, "test/cnt_correct_diff": 3.0, "epoch": 8, "trainer/global_step": 0, "_wandb": {"runtime": 222}}