{"test/conf_matrix": {"_type": "image-file", "sha256": "f804c56e0f938212a38fb2a163dd8cb6ccb0183c2ce5af1a977622bf613a25f1", "size": 27223, "path": "media/images/test/conf_matrix_0_f804c56e0f938212a38f.png", "format": "png", "width": 1000, "height": 1000}, "_timestamp": 1661399637.7012265, "_runtime": 140.11226749420166, "_step": 1, "test/loss": 0.6740458607673645, "test/origin_acc": 0.7850558757781982, "test/new_acc": 0.7903929948806763, "test/f1_macro": 0.5770961046218872, "test/wqKappa": 0.7053896188735962, "test/cnt_diff": 54.0, "test/cnt_correct_diff": 30.0, "epoch": 10, "trainer/global_step": 0, "_wandb": {"runtime": 139}}