{"test/conf_matrix": {"_type": "image-file", "sha256": "11a4b05683eae00bf104046c033db3c0028ce35a9318e4abdbb22e57f6b13fbb", "size": 27892, "path": "media/images/test/conf_matrix_0_11a4b05683eae00bf104.png", "format": "png", "width": 1000, "height": 1000}, "_timestamp": 1660718917.76553, "_runtime": 245.59582901000977, "_step": 1, "test/loss": 0.5653321146965027, "test/origin_acc": 0.8330907821655273, "test/new_acc": 0.8340611457824707, "test/f1_macro": 0.6309563517570496, "test/wqKappa": 0.773965060710907, "test/cnt_diff": 17.0, "test/cnt_correct_diff": 8.0, "epoch": 12, "trainer/global_step": 0, "_wandb": {"runtime": 247}}