{"test/conf_matrix": {"_type": "image-file", "sha256": "c2677531cc21815a03a62bb6525619989ceae0fdbfe5abdeccef7888d6506b17", "size": 26348, "path": "media/images/test/conf_matrix_0_c2677531cc21815a03a6.png", "format": "png", "width": 1000, "height": 1000}, "_timestamp": 1661927707.1404018, "_runtime": 154.62147974967957, "_step": 1, "test/loss": 0.31758856773376465, "test/origin_acc": 0.8759445548057556, "test/new_acc": 0.8772040009498596, "test/f1_macro": 0.8336713314056396, "test/wqKappa": 0.9406734108924866, "test/cnt_diff": 4.0, "test/cnt_correct_diff": 3.0, "epoch": 4, "trainer/global_step": 0, "_wandb": {"runtime": 154}}