{"test/conf_matrix": {"_type": "image-file", "sha256": "5fd15d1e86496b95fd152b92dbfe0fbafc4b1d86b993935630acf5c2845e4c64", "size": 26463, "path": "media/images/test/conf_matrix_0_5fd15d1e86496b95fd15.png", "format": "png", "width": 1000, "height": 1000}, "_timestamp": 1661881830.500337, "_runtime": 240.19046998023987, "_step": 1, "test/loss": 0.33733710646629333, "test/origin_acc": 0.8570529222488403, "test/new_acc": 0.8551637530326843, "test/f1_macro": 0.8013812899589539, "test/wqKappa": 0.9296536445617676, "test/cnt_diff": 52.0, "test/cnt_correct_diff": 24.0, "epoch": 2, "trainer/global_step": 0, "_wandb": {"runtime": 240}}