{"test/conf_matrix": {"_type": "image-file", "sha256": "5d8c8643f0c3f77833d9042e418704dc86cde20438f4f6f0dfabdcb97cc0da79", "size": 26851, "path": "media/images/test/conf_matrix_0_5d8c8643f0c3f77833d9.png", "format": "png", "width": 1000, "height": 1000}, "_timestamp": 1661329866.3625844, "_runtime": 124.95938229560852, "_step": 1, "test/loss": 0.31017082929611206, "test/origin_acc": 0.8753148317337036, "test/new_acc": 0.8564231991767883, "test/f1_macro": 0.8224430680274963, "test/wqKappa": 0.9332927465438843, "test/cnt_diff": 96.0, "test/cnt_correct_diff": 33.0, "epoch": 7, "trainer/global_step": 0, "_wandb": {"runtime": 124}}