{"test/conf_matrix": {"_type": "image-file", "sha256": "1408b1e209875083f4055ad388ab4921eb3e981ce5d537118299f75bfa710313", "size": 26143, "path": "media/images/test/conf_matrix_0_1408b1e209875083f405.png", "format": "png", "width": 1000, "height": 1000}, "_timestamp": 1661927101.1841967, "_runtime": 152.97811770439148, "_step": 1, "test/loss": 0.31758856773376465, "test/origin_acc": 0.8759445548057556, "test/new_acc": 0.8753148317337036, "test/f1_macro": 0.8314418792724609, "test/wqKappa": 0.9397857189178467, "test/cnt_diff": 5.0, "test/cnt_correct_diff": 2.0, "epoch": 4, "trainer/global_step": 0, "_wandb": {"runtime": 152}}