{"test/conf_matrix": {"_type": "image-file", "sha256": "057e68ffe33c6fd4052fa8e024dae47fa9a6f32113c4f2151b35f661db039e2b", "size": 27383, "path": "media/images/test/conf_matrix_0_057e68ffe33c6fd4052f.png", "format": "png", "width": 1000, "height": 1000}, "_timestamp": 1661326927.7123427, "_runtime": 126.17781567573547, "_step": 1, "test/loss": 0.35823777318000793, "test/origin_acc": 0.8526448607444763, "test/new_acc": 0.8161209225654602, "test/f1_macro": 0.7900921106338501, "test/wqKappa": 0.9137945175170898, "test/cnt_diff": 180.0, "test/cnt_correct_diff": 60.0, "epoch": 5, "trainer/global_step": 0, "_wandb": {"runtime": 125}}