{"test/conf_matrix": {"_type": "image-file", "sha256": "1f3bbec8f95b4dbe6b14454516852e1da006bd0d909ec803b9367f3b0706ba0b", "size": 27602, "path": "media/images/test/conf_matrix_0_1f3bbec8f95b4dbe6b14.png", "format": "png", "width": 1000, "height": 1000}, "_timestamp": 1658874710, "_runtime": 257, "_step": 1, "test/loss": 0.6044451594352722, "test/origin_acc": 0.8281553983688354, "test/new_acc": 0.8281553983688354, "test/f1_macro": 0.6238928437232971, "test/wqKappa": 0.7627975940704346, "test/cnt_diff": 6.0, "test/cnt_correct_diff": 3.0, "epoch": 7, "trainer/global_step": 0, "_wandb": {"runtime": 258}}