{"test/conf_matrix": {"_type": "image-file", "sha256": "0be09efe567657c4576ca8aa41e0b14e568d757b7a2c913765378e4c31ea10c5", "size": 26561, "path": "media/images/test/conf_matrix_0_0be09efe567657c4576c.png", "format": "png", "width": 1000, "height": 1000}, "_timestamp": 1661329243.0891163, "_runtime": 142.73672938346863, "_step": 1, "test/loss": 0.35823777318000793, "test/origin_acc": 0.8526448607444763, "test/new_acc": 0.8476070761680603, "test/f1_macro": 0.8198157548904419, "test/wqKappa": 0.929036021232605, "test/cnt_diff": 107.0, "test/cnt_correct_diff": 49.0, "epoch": 5, "trainer/global_step": 0, "_wandb": {"runtime": 143}}