{"test/conf_matrix": {"_type": "image-file", "sha256": "ca7426c5277604bc3eba6c6146ef941c105505bcf91ad1a492498be7eb7ee255", "size": 28557, "path": "media/images/test/conf_matrix_0_ca7426c5277604bc3eba.png", "format": "png", "width": 1000, "height": 1000}, "_timestamp": 1661412276.4633815, "_runtime": 265.2593684196472, "_step": 1, "test/loss": 0.6313098073005676, "test/origin_acc": 0.7738962173461914, "test/new_acc": 0.7646774053573608, "test/f1_macro": 0.5588759779930115, "test/wqKappa": 0.6788617968559265, "test/cnt_diff": 78.0, "test/cnt_correct_diff": 19.0, "epoch": 2, "trainer/global_step": 0, "_wandb": {"runtime": 266}}