{"test/conf_matrix": {"_type": "image-file", "sha256": "4eda44cb0a32b46b5624382c6586af48b5addf7022b9ac8124310a9bda50e61b", "size": 27160, "path": "media/images/test/conf_matrix_0_4eda44cb0a32b46b5624.png", "format": "png", "width": 1000, "height": 1000}, "_timestamp": 1661479558.097909, "_runtime": 167.20448994636536, "_step": 1, "test/loss": 0.557793915271759, "test/origin_acc": 0.8131067752838135, "test/new_acc": 0.8058252334594727, "test/f1_macro": 0.6152708530426025, "test/wqKappa": 0.7661948800086975, "test/cnt_diff": 34.0, "test/cnt_correct_diff": 6.0, "epoch": 2, "trainer/global_step": 0, "_wandb": {"runtime": 166}}