{"test/conf_matrix": {"_type": "image-file", "sha256": "17768304c4174dae8b51d76aac47f28e060334579ffd75d7ca600bc7e2b016b2", "size": 25640, "path": "media/images/test/conf_matrix_0_17768304c4174dae8b51.png", "format": "png", "width": 1000, "height": 1000}, "_timestamp": 1660136749.9050415, "_runtime": 151.68293356895447, "_step": 1, "test/loss": 0.3087417483329773, "test/origin_acc": 0.8916876316070557, "test/new_acc": 0.763853907585144, "test/f1_macro": 0.6898722648620605, "test/wqKappa": 0.8851633071899414, "test/cnt_diff": 295.0, "test/cnt_correct_diff": 34.0, "epoch": 8, "trainer/global_step": 0, "_wandb": {"runtime": 153}}