{"test/conf_matrix": {"_type": "image-file", "sha256": "ec7a3fa8c174a893570be7aea1724e8a6c1afd56d07020a931eb825634284373", "size": 31258, "path": "media/images/test/conf_matrix_0_ec7a3fa8c174a893570b.png", "format": "png", "width": 1000, "height": 1000}, "_timestamp": 1661458423.0323071, "_runtime": 89.83803606033325, "_step": 1, "test/loss": 3.2831687927246094, "test/origin_acc": 0.372795969247818, "test/new_acc": 0.29471033811569214, "test/f1_macro": 0.2568071186542511, "test/wqKappa": 0.10027718544006348, "test/cnt_diff": 541.0, "test/cnt_correct_diff": 130.0, "epoch": 5, "trainer/global_step": 0, "_wandb": {"runtime": 90}}