{"test/conf_matrix": {"_type": "image-file", "sha256": "30a71c0b51e3053a59caaf8292364dfd8168754c85a8d203ba410780827bdeaf", "size": 31310, "path": "media/images/test/conf_matrix_0_30a71c0b51e3053a59ca.png", "format": "png", "width": 1000, "height": 1000}, "_timestamp": 1661442961.678617, "_runtime": 147.55947709083557, "_step": 1, "test/loss": 2.620410442352295, "test/origin_acc": 0.250629723072052, "test/new_acc": 0.2890428304672241, "test/f1_macro": 0.25029081106185913, "test/wqKappa": -0.3224217891693115, "test/cnt_diff": 437.0, "test/cnt_correct_diff": 128.0, "epoch": 0, "trainer/global_step": 0, "_wandb": {"runtime": 148}}