{"test/conf_matrix": {"_type": "image-file", "sha256": "e2271e579db80194671807267f5c6efdcde3df5a5d29838ea947f411ad533ed3", "size": 30381, "path": "media/images/test/conf_matrix_0_e2271e579db801946718.png", "format": "png", "width": 1000, "height": 1000}, "_timestamp": 1661449183.4164674, "_runtime": 272.0807683467865, "_step": 1, "test/loss": 0.8180785775184631, "test/origin_acc": 0.6161831021308899, "test/new_acc": 0.5848077535629272, "test/f1_macro": 0.49515101313591003, "test/wqKappa": 0.5025555491447449, "test/cnt_diff": 874.0, "test/cnt_correct_diff": 314.0, "epoch": 5, "trainer/global_step": 0, "_wandb": {"runtime": 272}}