{"test/conf_matrix": {"_type": "image-file", "sha256": "4dd425c52ae0245f38a1225b10766ea9493b951c03abf879e7af2c941a6f97ff", "size": 27891, "path": "media/images/test/conf_matrix_0_4dd425c52ae0245f38a1.png", "format": "png", "width": 1000, "height": 1000}, "_timestamp": 1661401999.5626204, "_runtime": 134.98265838623047, "_step": 1, "test/loss": 0.5979331135749817, "test/origin_acc": 0.8136826753616333, "test/new_acc": 0.7967007160186768, "test/f1_macro": 0.5863925218582153, "test/wqKappa": 0.7300874590873718, "test/cnt_diff": 161.0, "test/cnt_correct_diff": 54.0, "epoch": 15, "trainer/global_step": 0, "_wandb": {"runtime": 134}}