{"test/conf_matrix": {"_type": "image-file", "sha256": "c1a1f013c7b18363d2c6d80a104643f10491e295e7b19d3f6464615eeba6bff0", "size": 27104, "path": "media/images/test/conf_matrix_0_c1a1f013c7b18363d2c6.png", "format": "png", "width": 1000, "height": 1000}, "_timestamp": 1661884334.3485317, "_runtime": 471.77449464797974, "_step": 1, "test/loss": 0.33733710646629333, "test/origin_acc": 0.8570529222488403, "test/new_acc": 0.8482367992401123, "test/f1_macro": 0.7894770503044128, "test/wqKappa": 0.9289751648902893, "test/cnt_diff": 88.0, "test/cnt_correct_diff": 36.0, "epoch": 2, "trainer/global_step": 0, "_wandb": {"runtime": 473}}