{"test/conf_matrix": {"_type": "image-file", "sha256": "a78fdb1171ed5180db843fcadab94513aee959b20a72574e0c855d99ac9409bc", "size": 31374, "path": "media/images/test/conf_matrix_0_a78fdb1171ed5180db84.png", "format": "png", "width": 1000, "height": 1000}, "_timestamp": 1660658532.580889, "_runtime": 728.1718339920044, "_step": 1, "test/loss": 0.6168479919433594, "test/origin_acc": 0.7463871836662292, "test/new_acc": 0.7368588447570801, "test/f1_macro": 0.6969541907310486, "test/wqKappa": 0.6845666766166687, "test/cnt_diff": 271.0, "test/cnt_correct_diff": 102.0, "epoch": 5, "trainer/global_step": 0, "_wandb": {"runtime": 727}}