{"test/conf_matrix": {"_type": "image-file", "sha256": "d395d0443af5fbbd6d091972cf27e6f78b20898478e8ce6f495ecd8eb99b7999", "size": 27649, "path": "media/images/test/conf_matrix_0_d395d0443af5fbbd6d09.png", "format": "png", "width": 1000, "height": 1000}, "_timestamp": 1661402307.685976, "_runtime": 124.9531729221344, "_step": 1, "test/loss": 0.5979331135749817, "test/origin_acc": 0.8136826753616333, "test/new_acc": 0.7967007160186768, "test/f1_macro": 0.5879166126251221, "test/wqKappa": 0.7299108505249023, "test/cnt_diff": 156.0, "test/cnt_correct_diff": 52.0, "epoch": 15, "trainer/global_step": 0, "_wandb": {"runtime": 125}}