{"test/conf_matrix": {"_type": "image-file", "sha256": "6bc7900a35d55a77addb328ece4ef9dc578435a6ee65bf826a9fc7577ef23919", "size": 27981, "path": "media/images/test/conf_matrix_0_6bc7900a35d55a77addb.png", "format": "png", "width": 1000, "height": 1000}, "_timestamp": 1661487762.909802, "_runtime": 126.34903407096863, "_step": 1, "test/loss": 0.567625880241394, "test/origin_acc": 0.825728178024292, "test/new_acc": 0.8252426981925964, "test/f1_macro": 0.6281390190124512, "test/wqKappa": 0.7796768546104431, "test/cnt_diff": 58.0, "test/cnt_correct_diff": 26.0, "epoch": 5, "trainer/global_step": 0, "_wandb": {"runtime": 125}}