{"test/conf_matrix": {"_type": "image-file", "sha256": "3af684b1b96c5b4cd6b889fc1f0c4565dcaab2fdb6737c717fd253697d92d93c", "size": 29277, "path": "media/images/test/conf_matrix_0_3af684b1b96c5b4cd6b8.png", "format": "png", "width": 1000, "height": 1000}, "_timestamp": 1661331849.155734, "_runtime": 110.94081115722656, "_step": 1, "test/loss": 0.46994638442993164, "test/origin_acc": 0.8075471520423889, "test/new_acc": 0.6836478114128113, "test/f1_macro": 0.6590820550918579, "test/wqKappa": 0.8476059436798096, "test/cnt_diff": 324.0, "test/cnt_correct_diff": 60.0, "epoch": 8, "trainer/global_step": 0, "_wandb": {"runtime": 110}}