{"test/conf_matrix": {"_type": "image-file", "sha256": "2700260048a27751c14677f9a588712dfdaa24750123a833e16bebc64098256c", "size": 29439, "path": "media/images/test/conf_matrix_0_2700260048a27751c146.png", "format": "png", "width": 1000, "height": 1000}, "_timestamp": 1661437288.4599743, "_runtime": 142.17124438285828, "_step": 1, "test/loss": 2.1597023010253906, "test/origin_acc": 0.49370276927948, "test/new_acc": 0.498740553855896, "test/f1_macro": 0.33129453659057617, "test/wqKappa": 0.5038419961929321, "test/cnt_diff": 54.0, "test/cnt_correct_diff": 22.0, "epoch": 10, "trainer/global_step": 0, "_wandb": {"runtime": 140}}