{"test/conf_matrix": {"_type": "image-file", "sha256": "57f7efa94f6b336c3d69cd9bb0c044b5f48589754d2aa135582ea8a1301bf4f6", "size": 30408, "path": "media/images/test/conf_matrix_0_57f7efa94f6b336c3d69.png", "format": "png", "width": 1000, "height": 1000}, "_timestamp": 1661443155.5461783, "_runtime": 139.55754733085632, "_step": 1, "test/loss": 2.620410442352295, "test/origin_acc": 0.250629723072052, "test/new_acc": 0.2758186459541321, "test/f1_macro": 0.24032387137413025, "test/wqKappa": -0.28883612155914307, "test/cnt_diff": 320.0, "test/cnt_correct_diff": 99.0, "epoch": 0, "trainer/global_step": 0, "_wandb": {"runtime": 140}}