{"test/conf_matrix": {"_type": "image-file", "sha256": "b3619aa1252da18d63919d9a4d44a6b15439ea7b6d81b9a52818876474de89a0", "size": 29310, "path": "media/images/test/conf_matrix_0_b3619aa1252da18d6391.png", "format": "png", "width": 1000, "height": 1000}, "_timestamp": 1660297021.1980467, "_runtime": 275.59634280204773, "_step": 1, "test/loss": 0.8469985723495483, "test/origin_acc": 0.6933962106704712, "test/new_acc": 0.693160355091095, "test/f1_macro": 0.6249456405639648, "test/wqKappa": 0.6199299097061157, "test/cnt_diff": 28.0, "test/cnt_correct_diff": 10.0, "epoch": 7, "trainer/global_step": 0, "_wandb": {"runtime": 275}}