{"test/conf_matrix": {"_type": "image-file", "sha256": "db7c18e5d1b36d4dad857253f58768814f6570c0d0a2510a1cb0d08cbef6921d", "size": 35294, "path": "media/images/test/conf_matrix_0_db7c18e5d1b36d4dad85.png", "format": "png", "width": 1000, "height": 1000}, "_timestamp": 1659369514, "_runtime": 2157, "_step": 1, "test/loss": 0.7281180024147034, "test/acc": 0.6993882060050964, "test/f1_macro": 0.6606301069259644, "test/wqKappa": 0.8368232250213623, "epoch": 12, "trainer/global_step": 0, "_wandb": {"runtime": 2157}}