{"test/conf_matrix": {"_type": "image-file", "sha256": "49c40fd8f375dd26c509f0670decb688c60811e2be52f16ba26c5f4debd476be", "size": 30603, "path": "media/images/test/conf_matrix_0_49c40fd8f375dd26c509.png", "format": "png", "width": 1000, "height": 1000}, "_timestamp": 1661453386.3955739, "_runtime": 147.06285786628723, "_step": 1, "test/loss": 0.8180785775184631, "test/origin_acc": 0.6161831021308899, "test/new_acc": 0.5871667861938477, "test/f1_macro": 0.5282831192016602, "test/wqKappa": 0.509954571723938, "test/cnt_diff": 842.0, "test/cnt_correct_diff": 306.0, "epoch": 5, "trainer/global_step": 0, "_wandb": {"runtime": 146}}