{"test/conf_matrix": {"_type": "image-file", "sha256": "a3aae0ae441eb40d2c7f69e8e8b78c88ed1ac71e5307b44527dbe37703072674", "size": 27824, "path": "media/images/test/conf_matrix_0_a3aae0ae441eb40d2c7f.png", "format": "png", "width": 1000, "height": 1000}, "_timestamp": 1661330699.2569525, "_runtime": 187.10348463058472, "_step": 1, "test/loss": 0.31017082929611206, "test/origin_acc": 0.8753148317337036, "test/new_acc": 0.8450881838798523, "test/f1_macro": 0.8097094297409058, "test/wqKappa": 0.9284710884094238, "test/cnt_diff": 116.0, "test/cnt_correct_diff": 34.0, "epoch": 7, "trainer/global_step": 0, "_wandb": {"runtime": 186}}