{"test/conf_matrix": {"_type": "image-file", "sha256": "772dd26135c8692ca324a7f5e595294568e972767f8530606a8ae5e42ba29450", "size": 29944, "path": "media/images/test/conf_matrix_0_772dd26135c8692ca324.png", "format": "png", "width": 1000, "height": 1000}, "_timestamp": 1661438572.5150814, "_runtime": 145.52308750152588, "_step": 1, "test/loss": 2.1025230884552, "test/origin_acc": 0.5195214152336121, "test/new_acc": 0.5522670149803162, "test/f1_macro": 0.3741646409034729, "test/wqKappa": 0.5740171074867249, "test/cnt_diff": 125.0, "test/cnt_correct_diff": 75.0, "epoch": 8, "trainer/global_step": 0, "_wandb": {"runtime": 145}}