{"test/conf_matrix": {"_type": "image-file", "sha256": "26754ef50465e20e9e12bff81480d57289cf1fbb3d6d47194ad7bb25716d61e8", "size": 29592, "path": "media/images/test/conf_matrix_0_26754ef50465e20e9e12.png", "format": "png", "width": 1000, "height": 1000}, "_timestamp": 1660156380.6366086, "_runtime": 633.593362569809, "_step": 1, "test/loss": 0.34628796577453613, "test/origin_acc": 0.8710532188415527, "test/new_acc": 0.8678516149520874, "test/f1_macro": 0.7837529182434082, "test/wqKappa": 0.9272659420967102, "test/cnt_diff": 383.0, "test/cnt_correct_diff": 154.0, "epoch": 1, "trainer/global_step": 0, "_wandb": {"runtime": 633}}