{"test/conf_matrix": {"_type": "image-file", "sha256": "58c7527f8be6827cd50e7ba5a9d650f4905c21dbb64107017e67186ca36aacac", "size": 31373, "path": "media/images/test/conf_matrix_0_58c7527f8be6827cd50e.png", "format": "png", "width": 1000, "height": 1000}, "_timestamp": 1661458067.3209527, "_runtime": 140.6723346710205, "_step": 1, "test/loss": 0.8598936796188354, "test/origin_acc": 0.5937721133232117, "test/new_acc": 0.6098136305809021, "test/f1_macro": 0.5284651517868042, "test/wqKappa": 0.535551905632019, "test/cnt_diff": 1240.0, "test/cnt_correct_diff": 586.0, "epoch": 1, "trainer/global_step": 0, "_wandb": {"runtime": 140}}