{"test/conf_matrix": {"_type": "image-file", "sha256": "07fddb4d366c61735960746ca885746c3bdab898196486597e5af1019261c244", "size": 28504, "path": "media/images/test/conf_matrix_0_07fddb4d366c61735960.png", "format": "png", "width": 1000, "height": 1000}, "_timestamp": 1661410429.307404, "_runtime": 185.91597199440002, "_step": 1, "test/loss": 0.6313098073005676, "test/origin_acc": 0.7738962173461914, "test/new_acc": 0.7331392765045166, "test/f1_macro": 0.5281575918197632, "test/wqKappa": 0.6492761373519897, "test/cnt_diff": 222.0, "test/cnt_correct_diff": 53.0, "epoch": 2, "trainer/global_step": 0, "_wandb": {"runtime": 185}}