{"test/conf_matrix": {"_type": "image-file", "sha256": "e504d64af88b05d6d475a6f2a9e1c55539ab00393dd9bf4b4587c1f0ce80764a", "size": 30578, "path": "media/images/test/conf_matrix_0_e504d64af88b05d6d475.png", "format": "png", "width": 1000, "height": 1000}, "_timestamp": 1661421304.1707711, "_runtime": 432.3810381889343, "_step": 1, "test/loss": 1.5902985334396362, "test/origin_acc": 0.6070529222488403, "test/new_acc": 0.5157430768013, "test/f1_macro": 0.39420104026794434, "test/wqKappa": 0.4194186329841614, "test/cnt_diff": 411.0, "test/cnt_correct_diff": 82.0, "epoch": 5, "trainer/global_step": 0, "_wandb": {"runtime": 432}}