{"test/dist_matrix": {"_type": "image-file", "sha256": "c659ce7e6be5490b7cdabaf8f2ca4bf6e5344dc3e8ff0f4bd591d54d1afea210", "size": 269134, "path": "media/images/test/dist_matrix_16_c659ce7e6be5490b7cda.png", "format": "png", "width": 3000, "height": 3000}, "_timestamp": 1657120537, "_runtime": 155, "_step": 17, "test/loss": 0.8608250617980957, "test/loss_4cls": 0.6852389574050903, "test/loss_triplet": 0.7023442387580872, "test/acc": 0.7490565776824951, "test/f1_macro": 0.44652438163757324, "test/wqKappa": 0.8663198351860046, "test/confusion_matrix": 99.375, "epoch": 6, "trainer/global_step": 0, "_wandb": {"runtime": 155}}