{"test/conf_matrix": {"_type": "image-file", "sha256": "ba17aa66182dc607f6915b111eeb42098060fa5968407a7db33b030277fa0682", "size": 27079, "path": "media/images/test/conf_matrix_0_ba17aa66182dc607f691.png", "format": "png", "width": 1000, "height": 1000}, "_timestamp": 1661879580.7310863, "_runtime": 224.92247319221497, "_step": 1, "test/loss": 0.33733710646629333, "test/origin_acc": 0.8570529222488403, "test/new_acc": 0.8501259684562683, "test/f1_macro": 0.7933919429779053, "test/wqKappa": 0.9295095205307007, "test/cnt_diff": 79.0, "test/cnt_correct_diff": 33.0, "epoch": 2, "trainer/global_step": 0, "_wandb": {"runtime": 224}}