{"test/conf_matrix": {"_type": "image-file", "sha256": "580a016122513db9dc9eb637892a24daaf51f9707b95607eafc2b277da1e92a4", "size": 29088, "path": "media/images/test/conf_matrix_0_580a016122513db9dc9e.png", "format": "png", "width": 1000, "height": 1000}, "_timestamp": 1661327156.8213673, "_runtime": 94.12049436569214, "_step": 1, "test/loss": 0.5756698250770569, "test/origin_acc": 0.7811321020126343, "test/new_acc": 0.501886785030365, "test/f1_macro": 0.4549330472946167, "test/wqKappa": 0.6512795686721802, "test/cnt_diff": 641.0, "test/cnt_correct_diff": 82.0, "epoch": 8, "trainer/global_step": 0, "_wandb": {"runtime": 93}}