{"test/conf_matrix": {"_type": "image-file", "sha256": "8b3c885ef83de3b32bb7df0011e6ae0df46ca45b9fe9bf5068bdfe00cf373fb7", "size": 27056, "path": "media/images/test/conf_matrix_0_8b3c885ef83de3b32bb7.png", "format": "png", "width": 1000, "height": 1000}, "_timestamp": 1661480941.8450081, "_runtime": 154.93584823608398, "_step": 1, "test/loss": 0.557793915271759, "test/origin_acc": 0.8131067752838135, "test/new_acc": 0.7970873713493347, "test/f1_macro": 0.6089543700218201, "test/wqKappa": 0.7558535933494568, "test/cnt_diff": 93.0, "test/cnt_correct_diff": 26.0, "epoch": 2, "trainer/global_step": 0, "_wandb": {"runtime": 154}}