{"test/conf_matrix": {"_type": "image-file", "sha256": "ce1118f763c4092b4e73a75f908338ca57362f5e02da654b7300842c48ca6101", "size": 28795, "path": "media/images/test/conf_matrix_0_ce1118f763c4092b4e73.png", "format": "png", "width": 1000, "height": 1000}, "_timestamp": 1661411604.2154658, "_runtime": 276.1622428894043, "_step": 1, "test/loss": 0.6313098073005676, "test/origin_acc": 0.7738962173461914, "test/new_acc": 0.7564289569854736, "test/f1_macro": 0.5527685880661011, "test/wqKappa": 0.6745636463165283, "test/cnt_diff": 135.0, "test/cnt_correct_diff": 36.0, "epoch": 2, "trainer/global_step": 0, "_wandb": {"runtime": 275}}