{"test/conf_matrix": {"_type": "image-file", "sha256": "a0d526796777cfd82dcd6e631a3dcce17c6524549ead782425b2fc76a12289b0", "size": 28148, "path": "media/images/test/conf_matrix_0_a0d526796777cfd82dcd.png", "format": "png", "width": 1000, "height": 1000}, "_timestamp": 1661426449.4516404, "_runtime": 211.64751625061035, "_step": 1, "test/loss": 0.5796024799346924, "test/origin_acc": 0.823871910572052, "test/new_acc": 0.8204755187034607, "test/f1_macro": 0.6042823195457458, "test/wqKappa": 0.7361223697662354, "test/cnt_diff": 10.0, "test/cnt_correct_diff": 0.0, "epoch": 8, "trainer/global_step": 0, "_wandb": {"runtime": 211}}