{"test/conf_matrix": {"_type": "image-file", "sha256": "c674348507705334e50e7ec463c431e8123d6fcf8e5491b132bedef28d45e886", "size": 26160, "path": "media/images/test/conf_matrix_0_c674348507705334e50e.png", "format": "png", "width": 1000, "height": 1000}, "_timestamp": 1661934981.4415445, "_runtime": 154.15118145942688, "_step": 1, "test/loss": 0.31690359115600586, "test/origin_acc": 0.8740554451942444, "test/new_acc": 0.8715365529060364, "test/f1_macro": 0.8411958813667297, "test/wqKappa": 0.9390512108802795, "test/cnt_diff": 33.0, "test/cnt_correct_diff": 14.0, "epoch": 8, "trainer/global_step": 0, "_wandb": {"runtime": 153}}