{"test/conf_matrix": {"_type": "image-file", "sha256": "7c3a44729532d0f43d59ab3ee4c876fffb3248260fb95f9d1b3b08a5806f3c34", "size": 27731, "path": "media/images/test/conf_matrix_0_7c3a44729532d0f43d59.png", "format": "png", "width": 1000, "height": 1000}, "_timestamp": 1661880719.0227175, "_runtime": 203.983722448349, "_step": 1, "test/loss": 0.33733710646629333, "test/origin_acc": 0.8570529222488403, "test/new_acc": 0.8595718145370483, "test/f1_macro": 0.8059810400009155, "test/wqKappa": 0.9304677844047546, "test/cnt_diff": 12.0, "test/cnt_correct_diff": 8.0, "epoch": 2, "trainer/global_step": 0, "_wandb": {"runtime": 204}}