{"test/conf_matrix": {"_type": "image-file", "sha256": "8681775de26e86ddb21b5de9785879c09fc4fc0239b01acb94c32c5f6aa5fb53", "size": 26282, "path": "media/images/test/conf_matrix_0_8681775de26e86ddb21b.png", "format": "png", "width": 1000, "height": 1000}, "_timestamp": 1661936138.8121815, "_runtime": 223.5795783996582, "_step": 1, "test/loss": 0.31690359115600586, "test/origin_acc": 0.8740554451942444, "test/new_acc": 0.8482367992401123, "test/f1_macro": 0.8163526058197021, "test/wqKappa": 0.9262212514877319, "test/cnt_diff": 110.0, "test/cnt_correct_diff": 31.0, "epoch": 8, "trainer/global_step": 0, "_wandb": {"runtime": 223}}