{"test/conf_matrix": {"_type": "image-file", "sha256": "509293b81bda0be3ac71737b381fc94cdea400237516af2b8bd7ae9de0fe6014", "size": 26300, "path": "media/images/test/conf_matrix_0_509293b81bda0be3ac71.png", "format": "png", "width": 1000, "height": 1000}, "_timestamp": 1661333231.6411622, "_runtime": 112.60920214653015, "_step": 1, "test/loss": 0.2952144742012024, "test/origin_acc": 0.8797228932380676, "test/new_acc": 0.8803526163101196, "test/f1_macro": 0.8465925455093384, "test/wqKappa": 0.9442963600158691, "test/cnt_diff": 7.0, "test/cnt_correct_diff": 4.0, "epoch": 12, "trainer/global_step": 0, "_wandb": {"runtime": 113}}