{"test/conf_matrix": {"_type": "image-file", "sha256": "8f261af9842a2c4d5665d481a964458d3b88621513c94b53f10646a66c1bf484", "size": 27883, "path": "media/images/test/conf_matrix_0_8f261af9842a2c4d5665.png", "format": "png", "width": 1000, "height": 1000}, "_timestamp": 1660717348.722759, "_runtime": 159.76993203163147, "_step": 1, "test/loss": 0.5653321146965027, "test/origin_acc": 0.8330907821655273, "test/new_acc": 0.8355167508125305, "test/f1_macro": 0.6318740844726562, "test/wqKappa": 0.7756484746932983, "test/cnt_diff": 20.0, "test/cnt_correct_diff": 11.0, "epoch": 12, "trainer/global_step": 0, "_wandb": {"runtime": 159}}