{"test/conf_matrix": {"_type": "image-file", "sha256": "a9a9cfe79a3e686e68368c91a1734025a468dd529f7d12777e3b4342785dbb0a", "size": 31286, "path": "media/images/test/conf_matrix_0_a9a9cfe79a3e686e6836.png", "format": "png", "width": 1000, "height": 1000}, "_timestamp": 1660732183.3212786, "_runtime": 866.816695690155, "_step": 1, "test/loss": 0.6168479919433594, "test/origin_acc": 0.7463871836662292, "test/new_acc": 0.7433698773384094, "test/f1_macro": 0.6971492767333984, "test/wqKappa": 0.6820558309555054, "test/cnt_diff": 76.0, "test/cnt_correct_diff": 23.0, "epoch": 5, "trainer/global_step": 0, "_wandb": {"runtime": 846}}