{"test/conf_matrix": {"_type": "image-file", "sha256": "c337fba3e22dbc1dafbd9fa1b74615c236d95fcc330f57fc24944e244bffd1e1", "size": 31081, "path": "media/images/test/conf_matrix_0_c337fba3e22dbc1dafbd.png", "format": "png", "width": 1000, "height": 1000}, "_timestamp": 1660306001.1434968, "_runtime": 581.6902377605438, "_step": 1, "test/loss": 0.6168479919433594, "test/origin_acc": 0.7463871836662292, "test/new_acc": 0.7384468913078308, "test/f1_macro": 0.697635293006897, "test/wqKappa": 0.6829099655151367, "test/cnt_diff": 264.0, "test/cnt_correct_diff": 102.0, "epoch": 5, "trainer/global_step": 0, "_wandb": {"runtime": 582}}