{"test/conf_matrix": {"_type": "image-file", "sha256": "e0defd76f9d662fea885e73e3cad9ac67a52ef22dbed3330a401947592a882a5", "size": 26828, "path": "media/images/test/conf_matrix_0_e0defd76f9d662fea885.png", "format": "png", "width": 1000, "height": 1000}, "_timestamp": 1661338016.3881855, "_runtime": 70.46794652938843, "_step": 1, "test/loss": 0.36290663480758667, "test/origin_acc": 0.8465409278869629, "test/new_acc": 0.845283031463623, "test/f1_macro": 0.8069028854370117, "test/wqKappa": 0.9275884628295898, "test/cnt_diff": 6.0, "test/cnt_correct_diff": 2.0, "epoch": 7, "trainer/global_step": 0, "_wandb": {"runtime": 69}}