{"test/conf_matrix": {"_type": "image-file", "sha256": "664e109726be8f8463c26d0ac6f6efddbfb06f01bd728cbbd747e7eef1f2fd0f", "size": 27257, "path": "media/images/test/conf_matrix_0_664e109726be8f8463c2.png", "format": "png", "width": 1000, "height": 1000}, "_timestamp": 1658876870, "_runtime": 327, "_step": 1, "test/loss": 0.6044451594352722, "test/origin_acc": 0.8281553983688354, "test/new_acc": 0.8271844983100891, "test/f1_macro": 0.6221805810928345, "test/wqKappa": 0.7603049278259277, "test/cnt_diff": 6.0, "test/cnt_correct_diff": 1.0, "epoch": 7, "trainer/global_step": 0, "_wandb": {"runtime": 329}}