{"test/conf_matrix": {"_type": "image-file", "sha256": "90029c4a535a5325f77f4f6d01fb8958a01f2980f48d24911ca40b6d77d04be3", "size": 28581, "path": "media/images/test/conf_matrix_0_90029c4a535a5325f77f.png", "format": "png", "width": 1000, "height": 1000}, "_timestamp": 1661424386.2616408, "_runtime": 268.7436718940735, "_step": 1, "test/loss": 0.5796024799346924, "test/origin_acc": 0.823871910572052, "test/new_acc": 0.8224163055419922, "test/f1_macro": 0.6067484617233276, "test/wqKappa": 0.7371996641159058, "test/cnt_diff": 12.0, "test/cnt_correct_diff": 3.0, "epoch": 8, "trainer/global_step": 0, "_wandb": {"runtime": 269}}