{"test/conf_matrix": {"_type": "image-file", "sha256": "4a66992788e1308ffc5f4fab372c1598611d950f61acd23c58855d65fc6c113e", "size": 30300, "path": "media/images/test/conf_matrix_0_4a66992788e1308ffc5f.png", "format": "png", "width": 1000, "height": 1000}, "_timestamp": 1660649289.2704825, "_runtime": 614.1335716247559, "_step": 1, "test/loss": 0.8469946980476379, "test/origin_acc": 0.6934151649475098, "test/new_acc": 0.6863346695899963, "test/f1_macro": 0.6228054761886597, "test/wqKappa": 0.6192398071289062, "test/cnt_diff": 99.0, "test/cnt_correct_diff": 30.0, "epoch": 7, "trainer/global_step": 0, "_wandb": {"runtime": 615}}