{"test/conf_matrix": {"_type": "image-file", "sha256": "dcff0db2c665081b1a7e42dbebca5fe41b9c9a8251cafe749018250e7a30dd31", "size": 27641, "path": "media/images/test/conf_matrix_0_dcff0db2c665081b1a7e.png", "format": "png", "width": 1000, "height": 1000}, "_timestamp": 1660648078.6095533, "_runtime": 252.73341727256775, "_step": 1, "test/loss": 0.4327978789806366, "test/origin_acc": 0.8091939687728882, "test/new_acc": 0.8110831379890442, "test/f1_macro": 0.7619745135307312, "test/wqKappa": 0.9105765223503113, "test/cnt_diff": 3.0, "test/cnt_correct_diff": 3.0, "epoch": 1, "trainer/global_step": 0, "_wandb": {"runtime": 252}}