{"test/conf_matrix": {"_type": "image-file", "sha256": "08d145bfa1ee4bc6b7dbab74a25f42d588e5a99a935cab697562556abfcdffe5", "size": 28177, "path": "media/images/test/conf_matrix_0_08d145bfa1ee4bc6b7db.png", "format": "png", "width": 1000, "height": 1000}, "_timestamp": 1661487912.0804791, "_runtime": 128.6673231124878, "_step": 1, "test/loss": 0.567625880241394, "test/origin_acc": 0.825728178024292, "test/new_acc": 0.8242718577384949, "test/f1_macro": 0.6278467774391174, "test/wqKappa": 0.7785440683364868, "test/cnt_diff": 44.0, "test/cnt_correct_diff": 18.0, "epoch": 5, "trainer/global_step": 0, "_wandb": {"runtime": 128}}