{"test/conf_matrix": {"_type": "image-file", "sha256": "659f65695252b50e963de2045bb6735f9a5d03f70cccf563a2ae99b0403fbeb7", "size": 26335, "path": "media/images/test/conf_matrix_0_659f65695252b50e963d.png", "format": "png", "width": 1000, "height": 1000}, "_timestamp": 1661367179.3226378, "_runtime": 244.23006176948547, "_step": 1, "test/loss": 0.3109378218650818, "test/origin_acc": 0.8709068298339844, "test/new_acc": 0.8709068298339844, "test/f1_macro": 0.8315684795379639, "test/wqKappa": 0.9400038123130798, "test/cnt_diff": 42.0, "test/cnt_correct_diff": 21.0, "epoch": 5, "trainer/global_step": 0, "_wandb": {"runtime": 244}}