{"test/conf_matrix": {"_type": "image-file", "sha256": "e854c3f1a869a26eac656af5a3810db6de53445bb8bc1f5be81a9908827274b5", "size": 30354, "path": "media/images/test/conf_matrix_0_e854c3f1a869a26eac65.png", "format": "png", "width": 1000, "height": 1000}, "_timestamp": 1661459195.0269923, "_runtime": 113.1688404083252, "_step": 1, "test/loss": 3.2831687927246094, "test/origin_acc": 0.372795969247818, "test/new_acc": 0.3501259386539459, "test/f1_macro": 0.27443188428878784, "test/wqKappa": 0.06186586618423462, "test/cnt_diff": 160.0, "test/cnt_correct_diff": 39.0, "epoch": 5, "trainer/global_step": 0, "_wandb": {"runtime": 112}}