{"test/conf_matrix": {"_type": "image-file", "sha256": "3fe2f087f4eb97c445f8a9868d9a751cdbefce30b813d665ad5d1d2ff99b9041", "size": 29113, "path": "media/images/test/conf_matrix_0_3fe2f087f4eb97c445f8.png", "format": "png", "width": 1000, "height": 1000}, "_timestamp": 1661408320.0572357, "_runtime": 143.97754764556885, "_step": 1, "test/loss": 0.6313098073005676, "test/origin_acc": 0.7738962173461914, "test/new_acc": 0.7025715708732605, "test/f1_macro": 0.5055111646652222, "test/wqKappa": 0.6195915937423706, "test/cnt_diff": 304.0, "test/cnt_correct_diff": 59.0, "epoch": 2, "trainer/global_step": 0, "_wandb": {"runtime": 143}}