{"test/conf_matrix": {"_type": "image-file", "sha256": "a8a91bf5206acfb24588e30631bed8c1d335d22995ab5d5f2429e4c2bc2c78e5", "size": 26995, "path": "media/images/test/conf_matrix_0_a8a91bf5206acfb24588.png", "format": "png", "width": 1000, "height": 1000}, "_timestamp": 1661479325.886288, "_runtime": 149.22389602661133, "_step": 1, "test/loss": 0.5793511271476746, "test/origin_acc": 0.832524299621582, "test/new_acc": 0.8286407589912415, "test/f1_macro": 0.6280416250228882, "test/wqKappa": 0.7826526761054993, "test/cnt_diff": 15.0, "test/cnt_correct_diff": 1.0, "epoch": 11, "trainer/global_step": 0, "_wandb": {"runtime": 148}}