{"test/conf_matrix": {"_type": "image-file", "sha256": "9e506d80ff7f68a6700c69a8a9a0afc0e42539d152a5bf018672ef30af5dac62", "size": 27241, "path": "media/images/test/conf_matrix_0_9e506d80ff7f68a6700c.png", "format": "png", "width": 1000, "height": 1000}, "_timestamp": 1661333948.8757737, "_runtime": 138.66907668113708, "_step": 1, "test/loss": 0.32888326048851013, "test/origin_acc": 0.8652393221855164, "test/new_acc": 0.8557934761047363, "test/f1_macro": 0.8152903318405151, "test/wqKappa": 0.9333409070968628, "test/cnt_diff": 74.0, "test/cnt_correct_diff": 29.0, "epoch": 4, "trainer/global_step": 0, "_wandb": {"runtime": 137}}