{"test/conf_matrix": {"_type": "image-file", "sha256": "6032e2cb93b2807c27e3ad6fbeb2f546a59132ae666c9b986c8100783fb32a79", "size": 31155, "path": "media/images/test/conf_matrix_0_6032e2cb93b2807c27e3.png", "format": "png", "width": 1000, "height": 1000}, "_timestamp": 1661455183.3212287, "_runtime": 143.26556873321533, "_step": 1, "test/loss": 0.8598936796188354, "test/origin_acc": 0.5937721133232117, "test/new_acc": 0.6086341142654419, "test/f1_macro": 0.5182520151138306, "test/wqKappa": 0.5330893993377686, "test/cnt_diff": 1247.0, "test/cnt_correct_diff": 587.0, "epoch": 1, "trainer/global_step": 0, "_wandb": {"runtime": 142}}