{"test/conf_matrix": {"_type": "image-file", "sha256": "6190a1a2cb4966d7bad61252cdfec69df522aa8a43845b0b837c9815e4c2eb03", "size": 27208, "path": "media/images/test/conf_matrix_0_6190a1a2cb4966d7bad6.png", "format": "png", "width": 1000, "height": 1000}, "_timestamp": 1661896020.7629921, "_runtime": 286.57447624206543, "_step": 1, "test/loss": 0.32275402545928955, "test/origin_acc": 0.8633501529693604, "test/new_acc": 0.8520151376724243, "test/f1_macro": 0.8223304748535156, "test/wqKappa": 0.9265069365501404, "test/cnt_diff": 81.0, "test/cnt_correct_diff": 31.0, "epoch": 3, "trainer/global_step": 0, "_wandb": {"runtime": 287}}