{"test/conf_matrix": {"_type": "image-file", "sha256": "e4ed70fd69df6c699a42737af2501a261fb142f78ba06867202e65aa8b33a635", "size": 26849, "path": "media/images/test/conf_matrix_0_e4ed70fd69df6c699a42.png", "format": "png", "width": 1000, "height": 1000}, "_timestamp": 1661478826.4598687, "_runtime": 150.44283056259155, "_step": 1, "test/loss": 0.5793511271476746, "test/origin_acc": 0.832524299621582, "test/new_acc": 0.825728178024292, "test/f1_macro": 0.6257418394088745, "test/wqKappa": 0.7845515012741089, "test/cnt_diff": 25.0, "test/cnt_correct_diff": 1.0, "epoch": 11, "trainer/global_step": 0, "_wandb": {"runtime": 150}}