{"test/conf_matrix": {"_type": "image-file", "sha256": "734ec7701272fb881a99c4c0884f6963964b162a53310aecce640a0de6265392", "size": 26530, "path": "media/images/test/conf_matrix_0_734ec7701272fb881a99.png", "format": "png", "width": 1000, "height": 1000}, "_timestamp": 1661333651.5188184, "_runtime": 132.68581533432007, "_step": 1, "test/loss": 0.2952144742012024, "test/origin_acc": 0.8797228932380676, "test/new_acc": 0.8797228932380676, "test/f1_macro": 0.8464717268943787, "test/wqKappa": 0.9440667629241943, "test/cnt_diff": 0.0, "test/cnt_correct_diff": 0.0, "epoch": 12, "trainer/global_step": 0, "_wandb": {"runtime": 133}}