{"test/conf_matrix": {"_type": "image-file", "sha256": "6ddf74265855dd804001b01cadbe803ef95e5ccde00f74eca7761abfd962b26f", "size": 27522, "path": "media/images/test/conf_matrix_0_6ddf74265855dd804001.png", "format": "png", "width": 1000, "height": 1000}, "_timestamp": 1661403680.4346383, "_runtime": 153.53717231750488, "_step": 1, "test/loss": 0.6740458607673645, "test/origin_acc": 0.7850558757781982, "test/new_acc": 0.7869966626167297, "test/f1_macro": 0.5750624537467957, "test/wqKappa": 0.7023164629936218, "test/cnt_diff": 44.0, "test/cnt_correct_diff": 22.0, "epoch": 10, "trainer/global_step": 0, "_wandb": {"runtime": 153}}