{"test/conf_matrix": {"_type": "image-file", "sha256": "301c1df12ec94add56ecbcf66b6bb62d8ba1573306da8b78aadca40f2ea13889", "size": 26553, "path": "media/images/test/conf_matrix_0_301c1df12ec94add56ec.png", "format": "png", "width": 1000, "height": 1000}, "_timestamp": 1660139722.4855993, "_runtime": 244.47628235816956, "_step": 1, "test/loss": 0.3087417483329773, "test/origin_acc": 0.8916876316070557, "test/new_acc": 0.8885390162467957, "test/f1_macro": 0.8507941961288452, "test/wqKappa": 0.9453487992286682, "test/cnt_diff": 17.0, "test/cnt_correct_diff": 6.0, "epoch": 8, "trainer/global_step": 0, "_wandb": {"runtime": 246}}