{"test/conf_matrix": {"_type": "image-file", "sha256": "fe3d57408f9575e86d01e9f3d95b7a5c8a37726e1b9cf1d4ec9ca1c9f865925a", "size": 26520, "path": "media/images/test/conf_matrix_0_fe3d57408f9575e86d01.png", "format": "png", "width": 1000, "height": 1000}, "_timestamp": 1661928122.6568162, "_runtime": 169.1352653503418, "_step": 1, "test/loss": 0.31758856773376465, "test/origin_acc": 0.8759445548057556, "test/new_acc": 0.8683879375457764, "test/f1_macro": 0.8278997540473938, "test/wqKappa": 0.936288058757782, "test/cnt_diff": 51.0, "test/cnt_correct_diff": 19.0, "epoch": 4, "trainer/global_step": 0, "_wandb": {"runtime": 168}}