{"test/loss": 1.0546088218688965, "test/acc": 0.747481107711792, "test/f1_macro": 0.44515466690063477, "test/wqKappa": 0.8618238568305969, "epoch": 3, "trainer/global_step": 0, "_timestamp": 1656338308, "_runtime": 100, "_step": 0, "_wandb": {"runtime": 101}}