{"test/conf_matrix": {"_type": "image-file", "sha256": "b168d3bc5e0d372af9a26023a1696bbeb3f9292cae9c7d465e1984d436ac0b18", "size": 30736, "path": "media/images/test/conf_matrix_0_b168d3bc5e0d372af9a2.png", "format": "png", "width": 1000, "height": 1000}, "_timestamp": 1661455822.39216, "_runtime": 139.9805829524994, "_step": 1, "test/loss": 0.8598936796188354, "test/origin_acc": 0.5937721133232117, "test/new_acc": 0.6126444935798645, "test/f1_macro": 0.5277224779129028, "test/wqKappa": 0.5388872623443604, "test/cnt_diff": 1214.0, "test/cnt_correct_diff": 579.0, "epoch": 1, "trainer/global_step": 0, "_wandb": {"runtime": 140}}