{"test/conf_matrix": {"_type": "image-file", "sha256": "cbc44950a31cffa8c8ff4f498f8afd2d7fc1d0a530b57103bb71dfb38d6a9dd6", "size": 27472, "path": "media/images/test/conf_matrix_0_cbc44950a31cffa8c8ff.png", "format": "png", "width": 1000, "height": 1000}, "_timestamp": 1661505040.8393087, "_runtime": 83.27456283569336, "_step": 1, "test/loss": 0.373489111661911, "test/origin_acc": 0.8482367992401123, "test/new_acc": 0.8444584608078003, "test/f1_macro": 0.8132811784744263, "test/wqKappa": 0.9291965365409851, "test/cnt_diff": 41.0, "test/cnt_correct_diff": 17.0, "epoch": 7, "trainer/global_step": 0, "_wandb": {"runtime": 83}}