{"test/conf_matrix": {"_type": "image-file", "sha256": "806bb5a196ec2265e2be5bcba014172c67a85242e48011110ea82903d670a779", "size": 30250, "path": "media/images/test/conf_matrix_0_806bb5a196ec2265e2be.png", "format": "png", "width": 1000, "height": 1000}, "_timestamp": 1661437869.9969912, "_runtime": 140.04851913452148, "_step": 1, "test/loss": 2.1597023010253906, "test/origin_acc": 0.49370276927948, "test/new_acc": 0.511335015296936, "test/f1_macro": 0.3526776432991028, "test/wqKappa": 0.5219156742095947, "test/cnt_diff": 85.0, "test/cnt_correct_diff": 46.0, "epoch": 10, "trainer/global_step": 0, "_wandb": {"runtime": 141}}