{"test/conf_matrix": {"_type": "image-file", "sha256": "a0cd7c2313cba55fbe2888b76fdab7a6276111efbad9248101f47f7937a21f11", "size": 26400, "path": "media/images/test/conf_matrix_0_a0cd7c2313cba55fbe28.png", "format": "png", "width": 1000, "height": 1000}, "_timestamp": 1661333495.1097903, "_runtime": 114.20454835891724, "_step": 1, "test/loss": 0.2952144742012024, "test/origin_acc": 0.8797228932380676, "test/new_acc": 0.8797228932380676, "test/f1_macro": 0.8465803861618042, "test/wqKappa": 0.9440298676490784, "test/cnt_diff": 2.0, "test/cnt_correct_diff": 1.0, "epoch": 12, "trainer/global_step": 0, "_wandb": {"runtime": 114}}