{"test/conf_matrix": {"_type": "image-file", "sha256": "dda7d98e9fadcb5d33afd7ec9ec51fcc36364de9e937d311c261d99a11ce6107", "size": 30558, "path": "media/images/test/conf_matrix_0_dda7d98e9fadcb5d33af.png", "format": "png", "width": 1000, "height": 1000}, "_timestamp": 1661449813.786644, "_runtime": 294.47168707847595, "_step": 1, "test/loss": 0.8180785775184631, "test/origin_acc": 0.6161831021308899, "test/new_acc": 0.5852795243263245, "test/f1_macro": 0.5006848573684692, "test/wqKappa": 0.5036325454711914, "test/cnt_diff": 872.0, "test/cnt_correct_diff": 314.0, "epoch": 5, "trainer/global_step": 0, "_wandb": {"runtime": 294}}