{"test/conf_matrix": {"_type": "image-file", "sha256": "c4a8d84a722a516b94d7836c4b27d86dc4d31f69f2d96536182417aaa01b04e0", "size": 30499, "path": "media/images/test/conf_matrix_0_c4a8d84a722a516b94d7.png", "format": "png", "width": 1000, "height": 1000}, "_timestamp": 1661416696.03958, "_runtime": 258.7452812194824, "_step": 1, "test/loss": 1.5902985334396362, "test/origin_acc": 0.6070529222488403, "test/new_acc": 0.5510075688362122, "test/f1_macro": 0.3966711759567261, "test/wqKappa": 0.4671805500984192, "test/cnt_diff": 291.0, "test/cnt_correct_diff": 66.0, "epoch": 5, "trainer/global_step": 0, "_wandb": {"runtime": 259}}