{"test/conf_matrix": {"_type": "image-file", "sha256": "19a15e91dfcb04be95600fdb21114bb2ce8fa4059567bb2cc2afaef2353f5190", "size": 30379, "path": "media/images/test/conf_matrix_0_19a15e91dfcb04be9560.png", "format": "png", "width": 1000, "height": 1000}, "_timestamp": 1661420128.1484954, "_runtime": 388.600798368454, "_step": 1, "test/loss": 2.3457894325256348, "test/origin_acc": 0.4401763081550598, "test/new_acc": 0.35201510787010193, "test/f1_macro": 0.26128822565078735, "test/wqKappa": 0.3443170189857483, "test/cnt_diff": 1099.0, "test/cnt_correct_diff": 325.0, "epoch": 2, "trainer/global_step": 0, "_wandb": {"runtime": 383}}