{"test/conf_matrix": {"_type": "image-file", "sha256": "569acd35c1ada9a88327a8e7bfc4f1022afdc66bcde6ab83abe0c12d81efaeb8", "size": 30183, "path": "media/images/test/conf_matrix_0_569acd35c1ada9a88327.png", "format": "png", "width": 1000, "height": 1000}, "_timestamp": 1661439003.549926, "_runtime": 155.8057279586792, "_step": 1, "test/loss": 2.1025230884552, "test/origin_acc": 0.5195214152336121, "test/new_acc": 0.5610831379890442, "test/f1_macro": 0.4706229865550995, "test/wqKappa": 0.650063157081604, "test/cnt_diff": 402.0, "test/cnt_correct_diff": 218.0, "epoch": 8, "trainer/global_step": 0, "_wandb": {"runtime": 156}}