{"test/conf_matrix": {"_type": "image-file", "sha256": "38c4c9c3746dc9c6535c559075a66f39233051f611e15641854e22e09d79f3c5", "size": 27800, "path": "media/images/test/conf_matrix_0_38c4c9c3746dc9c6535c.png", "format": "png", "width": 1000, "height": 1000}, "_timestamp": 1661404481.8067303, "_runtime": 121.06062936782837, "_step": 1, "test/loss": 0.5979331135749817, "test/origin_acc": 0.8136826753616333, "test/new_acc": 0.8122270703315735, "test/f1_macro": 0.6116688251495361, "test/wqKappa": 0.7444140911102295, "test/cnt_diff": 77.0, "test/cnt_correct_diff": 33.0, "epoch": 15, "trainer/global_step": 0, "_wandb": {"runtime": 121}}