{"test/conf_matrix": {"_type": "image-file", "sha256": "d35d5ace2f6c23baa172b331b4fe203a1b69ddad7d503d92531237c06a2778fa", "size": 29678, "path": "media/images/test/conf_matrix_0_d35d5ace2f6c23baa172.png", "format": "png", "width": 1000, "height": 1000}, "_timestamp": 1661442703.709066, "_runtime": 386.96085500717163, "_step": 1, "test/loss": 0.714397668838501, "test/origin_acc": 0.6908189654350281, "test/new_acc": 0.7021477222442627, "test/f1_macro": 0.5853490829467773, "test/wqKappa": 0.5895054340362549, "test/cnt_diff": 252.0, "test/cnt_correct_diff": 139.0, "epoch": 3, "trainer/global_step": 0, "_wandb": {"runtime": 387}}