{"test/conf_matrix": {"_type": "image-file", "sha256": "c0f8443cb69537296164d9415ff9006109a5748ecb504f0a41a26b2986b81784", "size": 27625, "path": "media/images/test/conf_matrix_0_c0f8443cb69537296164.png", "format": "png", "width": 1000, "height": 1000}, "_timestamp": 1661505162.3112998, "_runtime": 80.51480984687805, "_step": 1, "test/loss": 0.373489111661911, "test/origin_acc": 0.8482367992401123, "test/new_acc": 0.8482367992401123, "test/f1_macro": 0.8153419494628906, "test/wqKappa": 0.9309509992599487, "test/cnt_diff": 27.0, "test/cnt_correct_diff": 13.0, "epoch": 7, "trainer/global_step": 0, "_wandb": {"runtime": 80}}