{"test/conf_matrix": {"_type": "image-file", "sha256": "e0cdb51013ab9252d249818fa654363e667ba34e57dfed55bf171c9f0c83e58b", "size": 30366, "path": "media/images/test/conf_matrix_0_e0cdb51013ab9252d249.png", "format": "png", "width": 1000, "height": 1000}, "_timestamp": 1661440445.2425964, "_runtime": 286.1483643054962, "_step": 1, "test/loss": 0.6964133977890015, "test/origin_acc": 0.6936511397361755, "test/new_acc": 0.6936511397361755, "test/f1_macro": 0.5919457674026489, "test/wqKappa": 0.5877764225006104, "test/cnt_diff": 55.0, "test/cnt_correct_diff": 20.0, "epoch": 8, "trainer/global_step": 0, "_wandb": {"runtime": 286}}