{"test/conf_matrix": {"_type": "image-file", "sha256": "4adcacd3247d832457c6fcd831bf6940764f930ae053d959492593ae5c27a99a", "size": 30281, "path": "media/images/test/conf_matrix_0_4adcacd3247d832457c6.png", "format": "png", "width": 1000, "height": 1000}, "_timestamp": 1661448889.788185, "_runtime": 310.5580368041992, "_step": 1, "test/loss": 0.8180785775184631, "test/origin_acc": 0.6161831021308899, "test/new_acc": 0.5845718383789062, "test/f1_macro": 0.49233171343803406, "test/wqKappa": 0.5020161867141724, "test/cnt_diff": 875.0, "test/cnt_correct_diff": 314.0, "epoch": 5, "trainer/global_step": 0, "_wandb": {"runtime": 309}}