{"test/conf_matrix": {"_type": "image-file", "sha256": "38d8e8ee06ed43deba1a67aa1a6f4283923a7a7829c0174e232aa1eb1798d108", "size": 29836, "path": "media/images/test/conf_matrix_0_38d8e8ee06ed43deba1a.png", "format": "png", "width": 1000, "height": 1000}, "_timestamp": 1661445014.4203386, "_runtime": 144.85979962348938, "_step": 1, "test/loss": 2.0962419509887695, "test/origin_acc": 0.4666246771812439, "test/new_acc": 0.4609571695327759, "test/f1_macro": 0.29716476798057556, "test/wqKappa": 0.12554526329040527, "test/cnt_diff": 139.0, "test/cnt_correct_diff": 32.0, "epoch": 3, "trainer/global_step": 0, "_wandb": {"runtime": 145}}