{"test/conf_matrix": {"_type": "image-file", "sha256": "66562c8c6904ca015ac63fc5998874469c6607810e6fccf5a925c980a8ec794e", "size": 26817, "path": "media/images/test/conf_matrix_0_66562c8c6904ca015ac6.png", "format": "png", "width": 1000, "height": 1000}, "_timestamp": 1661904502.9528885, "_runtime": 173.46723747253418, "_step": 1, "test/loss": 0.30694741010665894, "test/origin_acc": 0.8765742778778076, "test/new_acc": 0.8765742778778076, "test/f1_macro": 0.8357982635498047, "test/wqKappa": 0.9414581656455994, "test/cnt_diff": 2.0, "test/cnt_correct_diff": 1.0, "epoch": 6, "trainer/global_step": 0, "_wandb": {"runtime": 173}}