{"test/conf_matrix": {"_type": "image-file", "sha256": "f4d68ec76a939f6532c9fd4f924215c0a81d05c9c1decaeb6fde29bb8afb23f4", "size": 29237, "path": "media/images/test/conf_matrix_0_f4d68ec76a939f6532c9.png", "format": "png", "width": 1000, "height": 1000}, "_timestamp": 1661433814.0494258, "_runtime": 149.08489274978638, "_step": 1, "test/loss": 2.1025230884552, "test/origin_acc": 0.5195214152336121, "test/new_acc": 0.5522670149803162, "test/f1_macro": 0.3764234185218811, "test/wqKappa": 0.574725329875946, "test/cnt_diff": 127.0, "test/cnt_correct_diff": 76.0, "epoch": 8, "trainer/global_step": 0, "_wandb": {"runtime": 149}}