{"test/conf_matrix": {"_type": "image-file", "sha256": "31799e89ab0feed51a846afbe12aa390e5bec97659c5d0051dce86ec9cb77525", "size": 31062, "path": "media/images/test/conf_matrix_0_31799e89ab0feed51a84.png", "format": "png", "width": 1000, "height": 1000}, "_timestamp": 1661456784.43091, "_runtime": 136.51014709472656, "_step": 1, "test/loss": 0.8598936796188354, "test/origin_acc": 0.5937721133232117, "test/new_acc": 0.6249115467071533, "test/f1_macro": 0.5580886602401733, "test/wqKappa": 0.555453896522522, "test/cnt_diff": 768.0, "test/cnt_correct_diff": 387.0, "epoch": 1, "trainer/global_step": 0, "_wandb": {"runtime": 136}}