{"test/conf_matrix": {"_type": "image-file", "sha256": "a81b2579ac48b64427ac1297a141343eff503a30b0a0d9c9a86b4f94ce6365f9", "size": 27159, "path": "media/images/test/conf_matrix_0_a81b2579ac48b64427ac.png", "format": "png", "width": 1000, "height": 1000}, "_timestamp": 1661332058.9780006, "_runtime": 200.45673656463623, "_step": 1, "test/loss": 0.32888326048851013, "test/origin_acc": 0.8652393221855164, "test/new_acc": 0.8463476300239563, "test/f1_macro": 0.8062452077865601, "test/wqKappa": 0.9303879737854004, "test/cnt_diff": 116.0, "test/cnt_correct_diff": 42.0, "epoch": 4, "trainer/global_step": 0, "_wandb": {"runtime": 200}}