{"test/conf_matrix": {"_type": "image-file", "sha256": "5a95b7305f651a639b0cae21f822184c5e4d1475b34d3edebd4b4650c4fd760e", "size": 30694, "path": "media/images/test/conf_matrix_0_5a95b7305f651a639b0c.png", "format": "png", "width": 1000, "height": 1000}, "_timestamp": 1660729592.6099832, "_runtime": 929.411434173584, "_step": 1, "test/loss": 0.6168479919433594, "test/origin_acc": 0.7463871836662292, "test/new_acc": 0.7438462972640991, "test/f1_macro": 0.695692241191864, "test/wqKappa": 0.6788833141326904, "test/cnt_diff": 361.0, "test/cnt_correct_diff": 162.0, "epoch": 5, "trainer/global_step": 0, "_wandb": {"runtime": 929}}