{"test/conf_matrix": {"_type": "image-file", "sha256": "a44fbec3998a4d102f22d39b60361ea413fcc84be8d824689d3c52bc252b70a5", "size": 27286, "path": "media/images/test/conf_matrix_0_a44fbec3998a4d102f22.png", "format": "png", "width": 1000, "height": 1000}, "_timestamp": 1661488970.6812463, "_runtime": 128.06742024421692, "_step": 1, "test/loss": 0.6395517587661743, "test/origin_acc": 0.8155339956283569, "test/new_acc": 0.8184465765953064, "test/f1_macro": 0.625995397567749, "test/wqKappa": 0.7630903720855713, "test/cnt_diff": 22.0, "test/cnt_correct_diff": 13.0, "epoch": 11, "trainer/global_step": 0, "_wandb": {"runtime": 127}}