{"test/conf_matrix": {"_type": "image-file", "sha256": "7d049756cbed60bb642ca15f8605ad4fdaa9ea33d5b0b1575de2e49bc863ea45", "size": 26573, "path": "media/images/test/conf_matrix_0_7d049756cbed60bb642c.png", "format": "png", "width": 1000, "height": 1000}, "_timestamp": 1660665059.7654073, "_runtime": 207.44363832473755, "_step": 1, "test/loss": 0.3087417483329773, "test/origin_acc": 0.8916876316070557, "test/new_acc": 0.8904281854629517, "test/f1_macro": 0.8500598669052124, "test/wqKappa": 0.9471466541290283, "test/cnt_diff": 29.0, "test/cnt_correct_diff": 13.0, "epoch": 8, "trainer/global_step": 0, "_wandb": {"runtime": 206}}