{"test/conf_matrix": {"_type": "image-file", "sha256": "45af716867d372500aaf1b0f250dabdf9c0bc6d02c7544a9a121e86b2cfb0124", "size": 30178, "path": "media/images/test/conf_matrix_0_45af716867d372500aaf.png", "format": "png", "width": 1000, "height": 1000}, "_timestamp": 1660120878.8152144, "_runtime": 694.1243643760681, "_step": 1, "test/loss": 0.34628796577453613, "test/origin_acc": 0.8710532188415527, "test/new_acc": 0.8571428656578064, "test/f1_macro": 0.7815557718276978, "test/wqKappa": 0.9237810373306274, "test/cnt_diff": 826.0, "test/cnt_correct_diff": 274.0, "epoch": 1, "trainer/global_step": 0, "_wandb": {"runtime": 694}}