{"test/conf_matrix": {"_type": "image-file", "sha256": "b2b26371df033e967faf720e87f4d364308656a9d891d40e8a79e92c2322613a", "size": 30338, "path": "media/images/test/conf_matrix_0_b2b26371df033e967faf.png", "format": "png", "width": 1000, "height": 1000}, "_timestamp": 1661452967.0195353, "_runtime": 230.24575638771057, "_step": 1, "test/loss": 0.663868248462677, "test/origin_acc": 0.7158367037773132, "test/new_acc": 0.717252790927887, "test/f1_macro": 0.6337541341781616, "test/wqKappa": 0.6277093887329102, "test/cnt_diff": 289.0, "test/cnt_correct_diff": 133.0, "epoch": 3, "trainer/global_step": 0, "_wandb": {"runtime": 229}}