{"test/conf_matrix": {"_type": "image-file", "sha256": "84d4a866a18a9bac8a5d444a3edaf2ce6afa890bc7988572ff241a1febf59ae4", "size": 26025, "path": "media/images/test/conf_matrix_0_84d4a866a18a9bac8a5d.png", "format": "png", "width": 1000, "height": 1000}, "_timestamp": 1661345012.3853343, "_runtime": 335.784086227417, "_step": 1, "test/loss": 0.3830234110355377, "test/origin_acc": 0.8283019065856934, "test/new_acc": 0.8245282769203186, "test/f1_macro": 0.7686986923217773, "test/wqKappa": 0.918147087097168, "test/cnt_diff": 13.0, "test/cnt_correct_diff": 3.0, "epoch": 15, "trainer/global_step": 0, "_wandb": {"runtime": 335}}