{"test/conf_matrix": {"_type": "image-file", "sha256": "23619f949b9d337033971110002c80dec4bf089ed43de49b51a101309676dc62", "size": 31620, "path": "media/images/test/conf_matrix_0_23619f949b9d33703397.png", "format": "png", "width": 1000, "height": 1000}, "_timestamp": 1660146963.5140224, "_runtime": 351.2263994216919, "_step": 1, "test/loss": 0.6168479919433594, "test/origin_acc": 0.7463871836662292, "test/new_acc": 0.7454343438148499, "test/f1_macro": 0.7002617716789246, "test/wqKappa": 0.6843705773353577, "test/cnt_diff": 24.0, "test/cnt_correct_diff": 7.0, "epoch": 5, "trainer/global_step": 0, "_wandb": {"runtime": 351}}