{"test/conf_matrix": {"_type": "image-file", "sha256": "a18e59aaf46926fe09bec4374bf3b9d2ccf4c8f18fa7b4b49795caab916f3554", "size": 26297, "path": "media/images/test/conf_matrix_0_a18e59aaf46926fe09be.png", "format": "png", "width": 1000, "height": 1000}, "_timestamp": 1661369726.7326086, "_runtime": 269.28279852867126, "_step": 1, "test/loss": 0.3109378218650818, "test/origin_acc": 0.8709068298339844, "test/new_acc": 0.8677582144737244, "test/f1_macro": 0.8295673131942749, "test/wqKappa": 0.9385372996330261, "test/cnt_diff": 53.0, "test/cnt_correct_diff": 24.0, "epoch": 5, "trainer/global_step": 0, "_wandb": {"runtime": 269}}