{"test/conf_matrix": {"_type": "image-file", "sha256": "d671ce7ef9631e3f89c691e1d9493f22d8a941dbe07a76490617ba223c298061", "size": 28234, "path": "media/images/test/conf_matrix_0_d671ce7ef9631e3f89c6.png", "format": "png", "width": 1000, "height": 1000}, "_timestamp": 1661488211.0567048, "_runtime": 127.47037076950073, "_step": 1, "test/loss": 0.567625880241394, "test/origin_acc": 0.825728178024292, "test/new_acc": 0.8237864375114441, "test/f1_macro": 0.6292734742164612, "test/wqKappa": 0.7792125940322876, "test/cnt_diff": 27.0, "test/cnt_correct_diff": 9.0, "epoch": 5, "trainer/global_step": 0, "_wandb": {"runtime": 126}}