{"test/conf_matrix": {"_type": "image-file", "sha256": "382966aa5f640d917c6ed3e9acbdceba9cd8c7fba76b8501a1feba53ded1f5ae", "size": 26700, "path": "media/images/test/conf_matrix_0_382966aa5f640d917c6e.png", "format": "png", "width": 1000, "height": 1000}, "_timestamp": 1661923223.712213, "_runtime": 198.57410407066345, "_step": 1, "test/loss": 0.31690359115600586, "test/origin_acc": 0.8740554451942444, "test/new_acc": 0.8608312606811523, "test/f1_macro": 0.831760048866272, "test/wqKappa": 0.9340295195579529, "test/cnt_diff": 78.0, "test/cnt_correct_diff": 27.0, "epoch": 8, "trainer/global_step": 0, "_wandb": {"runtime": 198}}