{"test/conf_matrix": {"_type": "image-file", "sha256": "67e70cbf804dc6308bebe9ae0a84cfb58408fdbdb9befe1d264bfb3836385be5", "size": 25448, "path": "media/images/test/conf_matrix_0_67e70cbf804dc6308beb.png", "format": "png", "width": 1000, "height": 1000}, "_timestamp": 1660140307.9745383, "_runtime": 213.043621301651, "_step": 1, "test/loss": 0.3087417483329773, "test/origin_acc": 0.8916876316070557, "test/new_acc": 0.8885390162467957, "test/f1_macro": 0.8508185744285583, "test/wqKappa": 0.9459982514381409, "test/cnt_diff": 5.0, "test/cnt_correct_diff": 0.0, "epoch": 8, "trainer/global_step": 0, "_wandb": {"runtime": 214}}