{"test/conf_matrix": {"_type": "image-file", "sha256": "9080e09903d442ef5473003606d155a3190b8452cf88b48dfc28711847089c26", "size": 29126, "path": "media/images/test/conf_matrix_0_9080e09903d442ef5473.png", "format": "png", "width": 1000, "height": 1000}, "_timestamp": 1661329219.3152847, "_runtime": 107.39558267593384, "_step": 1, "test/loss": 0.46994638442993164, "test/origin_acc": 0.8075471520423889, "test/new_acc": 0.7075471878051758, "test/f1_macro": 0.6797960996627808, "test/wqKappa": 0.857255220413208, "test/cnt_diff": 284.0, "test/cnt_correct_diff": 59.0, "epoch": 8, "trainer/global_step": 0, "_wandb": {"runtime": 106}}