{"test/conf_matrix": {"_type": "image-file", "sha256": "75a40ef7603d5bd01de3fce0d5e56f222ffff8c7374547dd968fa4f276e2dbd4", "size": 30141, "path": "media/images/test/conf_matrix_0_75a40ef7603d5bd01de3.png", "format": "png", "width": 1000, "height": 1000}, "_timestamp": 1658728793, "_runtime": 1898, "_step": 1, "test/loss": 0.7740350365638733, "test/origin_acc": 0.6854648590087891, "test/new_acc": 0.6845210194587708, "test/f1_macro": 0.6023420095443726, "test/wqKappa": 0.5800505876541138, "epoch": 4, "trainer/global_step": 0, "_wandb": {"runtime": 1899}}