{"test/conf_matrix": {"_type": "image-file", "sha256": "e6ddebba79aa76c0ff8721de073dfce9b13fe6490a4ea7a72e0459f02bdf6378", "size": 27950, "path": "media/images/test/conf_matrix_0_e6ddebba79aa76c0ff87.png", "format": "png", "width": 1000, "height": 1000}, "_timestamp": 1661420889.558678, "_runtime": 162.68388080596924, "_step": 1, "test/loss": 0.5568793416023254, "test/origin_acc": 0.8282387256622314, "test/new_acc": 0.8243571519851685, "test/f1_macro": 0.6172055006027222, "test/wqKappa": 0.7692722678184509, "test/cnt_diff": 58.0, "test/cnt_correct_diff": 22.0, "epoch": 8, "trainer/global_step": 0, "_wandb": {"runtime": 162}}