{"test/conf_matrix": {"_type": "image-file", "sha256": "c581bfec6b5e4a977ca417fe9b347fb518b52081025bcf7bc2bdbcbcbd4ef623", "size": 27481, "path": "media/images/test/conf_matrix_0_c581bfec6b5e4a977ca4.png", "format": "png", "width": 1000, "height": 1000}, "_timestamp": 1658866110, "_runtime": 259, "_step": 1, "test/loss": 0.6044451594352722, "test/origin_acc": 0.8281553983688354, "test/new_acc": 0.8296117186546326, "test/f1_macro": 0.6254675388336182, "test/wqKappa": 0.7647706270217896, "test/cnt_diff": 5.0, "test/cnt_correct_diff": 4.0, "epoch": 7, "trainer/global_step": 0, "_wandb": {"runtime": 260}}