{"test/conf_matrix": {"_type": "image-file", "sha256": "d015bed24cb4a67c6ff6d5a71a6938aee6232f3dba9edcae02890da2a43e8965", "size": 29930, "path": "media/images/test/conf_matrix_0_d015bed24cb4a67c6ff6.png", "format": "png", "width": 1000, "height": 1000}, "_timestamp": 1661410263.5262163, "_runtime": 360.7255003452301, "_step": 1, "test/loss": 2.093094825744629, "test/origin_acc": 0.5560453534126282, "test/new_acc": 0.5673803687095642, "test/f1_macro": 0.395224004983902, "test/wqKappa": 0.516872227191925, "test/cnt_diff": 459.0, "test/cnt_correct_diff": 184.0, "epoch": 11, "trainer/global_step": 0, "_wandb": {"runtime": 359}}