{"test/conf_matrix": {"_type": "image-file", "sha256": "8c539595eabeaaba4805513677f5965a669189a844ca8b7da9535d8f7bbb9eb7", "size": 28682, "path": "media/images/test/conf_matrix_0_8c539595eabeaaba4805.png", "format": "png", "width": 1000, "height": 1000}, "_timestamp": 1661331432.9469848, "_runtime": 123.71404981613159, "_step": 1, "test/loss": 0.46994638442993164, "test/origin_acc": 0.8075471520423889, "test/new_acc": 0.7276729941368103, "test/f1_macro": 0.6978828310966492, "test/wqKappa": 0.8685893416404724, "test/cnt_diff": 251.0, "test/cnt_correct_diff": 59.0, "epoch": 8, "trainer/global_step": 0, "_wandb": {"runtime": 123}}