{"test/conf_matrix": {"_type": "image-file", "sha256": "ce8072d6c9da3f2166d81c4d41d8f4b021e90ebd1bf5e3c7368b9e9cb7e972ea", "size": 27327, "path": "media/images/test/conf_matrix_0_ce8072d6c9da3f2166d8.png", "format": "png", "width": 1000, "height": 1000}, "_timestamp": 1661488076.9767053, "_runtime": 121.0961503982544, "_step": 1, "test/loss": 0.6395517587661743, "test/origin_acc": 0.8155339956283569, "test/new_acc": 0.8145630955696106, "test/f1_macro": 0.6237953901290894, "test/wqKappa": 0.7597365379333496, "test/cnt_diff": 13.0, "test/cnt_correct_diff": 4.0, "epoch": 11, "trainer/global_step": 0, "_wandb": {"runtime": 120}}