{"test/conf_matrix": {"_type": "image-file", "sha256": "d6abff4ab92b60c10d5c45075cdf67406b9f444e53c90f3e9e98f3dc6cf35edc", "size": 30215, "path": "media/images/test/conf_matrix_0_d6abff4ab92b60c10d5c.png", "format": "png", "width": 1000, "height": 1000}, "_timestamp": 1658768829, "_runtime": 1015, "_step": 1, "test/loss": 0.7740350365638733, "test/origin_acc": 0.6854648590087891, "test/new_acc": 0.6852288842201233, "test/f1_macro": 0.6019943952560425, "test/wqKappa": 0.5704953670501709, "epoch": 4, "trainer/global_step": 0, "_wandb": {"runtime": 1017}}