{"test/conf_matrix": {"_type": "image-file", "sha256": "e9a27377910092ebf74d06312fdd7273a578273daed372c9c8cbaa7991ff0cbb", "size": 30631, "path": "media/images/test/conf_matrix_0_e9a27377910092ebf74d.png", "format": "png", "width": 1000, "height": 1000}, "_timestamp": 1661439085.368867, "_runtime": 143.8194019794464, "_step": 1, "test/loss": 2.1597023010253906, "test/origin_acc": 0.49370276927948, "test/new_acc": 0.5780856609344482, "test/f1_macro": 0.4672234058380127, "test/wqKappa": 0.6170415878295898, "test/cnt_diff": 263.0, "test/cnt_correct_diff": 188.0, "epoch": 10, "trainer/global_step": 0, "_wandb": {"runtime": 143}}