{"test/conf_matrix": {"_type": "image-file", "sha256": "9e58ae6b0a1fcdf733b955d5f9b858967f2f1caf35811147941935b3d69928f3", "size": 27925, "path": "media/images/test/conf_matrix_0_9e58ae6b0a1fcdf733b9.png", "format": "png", "width": 1000, "height": 1000}, "_timestamp": 1661331415.5291367, "_runtime": 202.91536855697632, "_step": 1, "test/loss": 0.2952144742012024, "test/origin_acc": 0.8797228932380676, "test/new_acc": 0.8778337240219116, "test/f1_macro": 0.8409337401390076, "test/wqKappa": 0.942347526550293, "test/cnt_diff": 78.0, "test/cnt_correct_diff": 37.0, "epoch": 12, "trainer/global_step": 0, "_wandb": {"runtime": 203}}