{"test/conf_matrix": {"_type": "image-file", "sha256": "fc25414ce125719b4310b6742b610b578299b3b69463df3d50501e018d100158", "size": 29169, "path": "media/images/test/conf_matrix_0_fc25414ce125719b4310.png", "format": "png", "width": 1000, "height": 1000}, "_timestamp": 1661427488.6699038, "_runtime": 243.75622367858887, "_step": 1, "test/loss": 1.9362478256225586, "test/origin_acc": 0.5440806150436401, "test/new_acc": 0.5226700305938721, "test/f1_macro": 0.35686296224594116, "test/wqKappa": 0.5145505666732788, "test/cnt_diff": 120.0, "test/cnt_correct_diff": 26.0, "epoch": 11, "trainer/global_step": 0, "_wandb": {"runtime": 243}}