{"test/conf_matrix": {"_type": "image-file", "sha256": "fc2cf9776e888e20e0f6a16f297dbd9b77b07dd510e6aaf0575d4a79ade4e797", "size": 26666, "path": "media/images/test/conf_matrix_0_fc2cf9776e888e20e0f6.png", "format": "png", "width": 1000, "height": 1000}, "_timestamp": 1661337826.24228, "_runtime": 73.5677421092987, "_step": 1, "test/loss": 0.36290663480758667, "test/origin_acc": 0.8465409278869629, "test/new_acc": 0.8446541428565979, "test/f1_macro": 0.8060472011566162, "test/wqKappa": 0.9272004961967468, "test/cnt_diff": 5.0, "test/cnt_correct_diff": 1.0, "epoch": 7, "trainer/global_step": 0, "_wandb": {"runtime": 73}}