{"test/conf_matrix": {"_type": "image-file", "sha256": "4e0193806f03ee625d2a4ef21a958d62acfd243f3eeabde757a71d297dc92066", "size": 31433, "path": "media/images/test/conf_matrix_0_4e0193806f03ee625d2a.png", "format": "png", "width": 1000, "height": 1000}, "_timestamp": 1660148529.411069, "_runtime": 345.9409098625183, "_step": 1, "test/loss": 0.6168479919433594, "test/origin_acc": 0.7463871836662292, "test/new_acc": 0.736223578453064, "test/f1_macro": 0.7010783553123474, "test/wqKappa": 0.6822254657745361, "test/cnt_diff": 346.0, "test/cnt_correct_diff": 135.0, "epoch": 5, "trainer/global_step": 0, "_wandb": {"runtime": 346}}