{"test/conf_matrix": {"_type": "image-file", "sha256": "ac3e3c43fe698c77e92d4c6e13c904bcdfd10a306074f09e48e9d399268e9a41", "size": 26924, "path": "media/images/test/conf_matrix_0_ac3e3c43fe698c77e92d.png", "format": "png", "width": 1000, "height": 1000}, "_timestamp": 1661478678.1096058, "_runtime": 167.82269287109375, "_step": 1, "test/loss": 0.557793915271759, "test/origin_acc": 0.8131067752838135, "test/new_acc": 0.7922329902648926, "test/f1_macro": 0.5993189811706543, "test/wqKappa": 0.7493706941604614, "test/cnt_diff": 106.0, "test/cnt_correct_diff": 27.0, "epoch": 2, "trainer/global_step": 0, "_wandb": {"runtime": 167}}