{"test/conf_matrix": {"_type": "image-file", "sha256": "aac13c833425d5c63f866f0d60639a4ebb8fd53ca24945e780fb54ecc8f4815e", "size": 29566, "path": "media/images/test/conf_matrix_0_aac13c833425d5c63f86.png", "format": "png", "width": 1000, "height": 1000}, "_timestamp": 1661443437.0595741, "_runtime": 138.97407007217407, "_step": 1, "test/loss": 2.0962419509887695, "test/origin_acc": 0.4666246771812439, "test/new_acc": 0.4609571695327759, "test/f1_macro": 0.2876611649990082, "test/wqKappa": 0.0934286117553711, "test/cnt_diff": 73.0, "test/cnt_correct_diff": 17.0, "epoch": 3, "trainer/global_step": 0, "_wandb": {"runtime": 139}}