{"test/conf_matrix": {"_type": "image-file", "sha256": "8f758b16da21982af5dc7449f4193ac5bba056cd75f4b891a27cfae4eee4a3a1", "size": 25951, "path": "media/images/test/conf_matrix_0_8f758b16da21982af5dc.png", "format": "png", "width": 1000, "height": 1000}, "_timestamp": 1661509503.8450313, "_runtime": 80.49474716186523, "_step": 1, "test/loss": 0.31992873549461365, "test/origin_acc": 0.8715365529060364, "test/new_acc": 0.8746851682662964, "test/f1_macro": 0.8396596312522888, "test/wqKappa": 0.9387062191963196, "test/cnt_diff": 23.0, "test/cnt_correct_diff": 13.0, "epoch": 6, "trainer/global_step": 0, "_wandb": {"runtime": 81}}