{"test/conf_matrix": {"_type": "image-file", "sha256": "52e84b88fb9dfb6f1a62a26d6ec5ca3f64f1919d0e25a13fdbc152d8fe4ef994", "size": 30489, "path": "media/images/test/conf_matrix_0_52e84b88fb9dfb6f1a62.png", "format": "png", "width": 1000, "height": 1000}, "_timestamp": 1661423177.2187955, "_runtime": 373.0035026073456, "_step": 1, "test/loss": 1.9362478256225586, "test/origin_acc": 0.5440806150436401, "test/new_acc": 0.49370276927948, "test/f1_macro": 0.4005779027938843, "test/wqKappa": 0.47351521253585815, "test/cnt_diff": 629.0, "test/cnt_correct_diff": 217.0, "epoch": 11, "trainer/global_step": 0, "_wandb": {"runtime": 373}}