{"test/conf_matrix": {"_type": "image-file", "sha256": "4675ec10b0ddeb474f52f28f73c1285dc04fbd8e19a192b024c2c66ed7a80a1f", "size": 27941, "path": "media/images/test/conf_matrix_0_4675ec10b0ddeb474f52.png", "format": "png", "width": 1000, "height": 1000}, "_timestamp": 1661417859.4841475, "_runtime": 204.51077246665955, "_step": 1, "test/loss": 0.5568793416023254, "test/origin_acc": 0.8282387256622314, "test/new_acc": 0.8243571519851685, "test/f1_macro": 0.6197239756584167, "test/wqKappa": 0.770046591758728, "test/cnt_diff": 30.0, "test/cnt_correct_diff": 8.0, "epoch": 8, "trainer/global_step": 0, "_wandb": {"runtime": 203}}