{"test/conf_matrix": {"_type": "image-file", "sha256": "886ee20a7572e7f407511bdb61787f72df21d4d8a5af3d02ce5329b9b5340f5e", "size": 27430, "path": "media/images/test/conf_matrix_0_886ee20a7572e7f40751.png", "format": "png", "width": 1000, "height": 1000}, "_timestamp": 1661413765.5911283, "_runtime": 485.8394093513489, "_step": 1, "test/loss": 0.5895299315452576, "test/origin_acc": 0.8214459419250488, "test/new_acc": 0.819990336894989, "test/f1_macro": 0.6034727096557617, "test/wqKappa": 0.727226734161377, "test/cnt_diff": 9.0, "test/cnt_correct_diff": 0.0, "epoch": 11, "trainer/global_step": 0, "_wandb": {"runtime": 486}}