{"test/conf_matrix": {"_type": "image-file", "sha256": "2929cfb32f091a79510e4a49a92ba8ea96912ee97facdee89dd93b7a0c293ec7", "size": 30146, "path": "media/images/test/conf_matrix_0_2929cfb32f091a79510e.png", "format": "png", "width": 1000, "height": 1000}, "_timestamp": 1661426506.8919792, "_runtime": 146.8225302696228, "_step": 1, "test/loss": 1.9362478256225586, "test/origin_acc": 0.5440806150436401, "test/new_acc": 0.5188916921615601, "test/f1_macro": 0.3632485866546631, "test/wqKappa": 0.48242372274398804, "test/cnt_diff": 265.0, "test/cnt_correct_diff": 81.0, "epoch": 11, "trainer/global_step": 0, "_wandb": {"runtime": 146}}