{"test/conf_matrix": {"_type": "image-file", "sha256": "5ac2f2868afc08893715d37137d4eebd776a2644c293e4d62a2da903a4e47604", "size": 28693, "path": "media/images/test/conf_matrix_0_5ac2f2868afc08893715.png", "format": "png", "width": 1000, "height": 1000}, "_timestamp": 1661403760.987969, "_runtime": 95.79811096191406, "_step": 1, "test/loss": 0.5979331135749817, "test/origin_acc": 0.8136826753616333, "test/new_acc": 0.8093158602714539, "test/f1_macro": 0.6098239421844482, "test/wqKappa": 0.7439324259757996, "test/cnt_diff": 31.0, "test/cnt_correct_diff": 7.0, "epoch": 15, "trainer/global_step": 0, "_wandb": {"runtime": 95}}