{"test/conf_matrix": {"_type": "image-file", "sha256": "e22acef849e9cb86da5dd8ce791db75b69cd8b89ed390eea763807955d09a68c", "size": 27377, "path": "media/images/test/conf_matrix_0_e22acef849e9cb86da5d.png", "format": "png", "width": 1000, "height": 1000}, "_timestamp": 1661922249.5512185, "_runtime": 478.25924253463745, "_step": 1, "test/loss": 0.3215962052345276, "test/origin_acc": 0.8759445548057556, "test/new_acc": 0.7210327386856079, "test/f1_macro": 0.6722021698951721, "test/wqKappa": 0.8660886883735657, "test/cnt_diff": 362.0, "test/cnt_correct_diff": 40.0, "epoch": 8, "trainer/global_step": 0, "_wandb": {"runtime": 478}}