{"test/conf_matrix": {"_type": "image-file", "sha256": "924f36b0e2550f812e88b26f78a6468b4201847e4c73c35a81a55c5ac3092d70", "size": 30091, "path": "media/images/test/conf_matrix_0_924f36b0e2550f812e88.png", "format": "png", "width": 1000, "height": 1000}, "_timestamp": 1661434943.1902626, "_runtime": 139.7152464389801, "_step": 1, "test/loss": 2.1597023010253906, "test/origin_acc": 0.49370276927948, "test/new_acc": 0.5214105844497681, "test/f1_macro": 0.3646014332771301, "test/wqKappa": 0.5345537662506104, "test/cnt_diff": 103.0, "test/cnt_correct_diff": 63.0, "epoch": 10, "trainer/global_step": 0, "_wandb": {"runtime": 139}}