{"test/conf_matrix": {"_type": "image-file", "sha256": "42c42f5383b14176611978a93331d9a07d76edda172edf079205a87208fb9bf4", "size": 27499, "path": "media/images/test/conf_matrix_0_42c42f5383b141766119.png", "format": "png", "width": 1000, "height": 1000}, "_timestamp": 1661881534.8644984, "_runtime": 226.08867144584656, "_step": 1, "test/loss": 0.33733710646629333, "test/origin_acc": 0.8570529222488403, "test/new_acc": 0.8620907068252563, "test/f1_macro": 0.8100632429122925, "test/wqKappa": 0.9317940473556519, "test/cnt_diff": 38.0, "test/cnt_correct_diff": 23.0, "epoch": 2, "trainer/global_step": 0, "_wandb": {"runtime": 226}}