{"test/conf_matrix": {"_type": "image-file", "sha256": "3718062358d766532e12bfce0cb839f1d9744ac2ecb2e63965cb59457beb30dc", "size": 30123, "path": "media/images/test/conf_matrix_0_3718062358d766532e12.png", "format": "png", "width": 1000, "height": 1000}, "_timestamp": 1660298393.3413947, "_runtime": 282.4294636249542, "_step": 1, "test/loss": 0.8469985723495483, "test/origin_acc": 0.6933962106704712, "test/new_acc": 0.6938679218292236, "test/f1_macro": 0.6266512870788574, "test/wqKappa": 0.6217140555381775, "test/cnt_diff": 8.0, "test/cnt_correct_diff": 4.0, "epoch": 7, "trainer/global_step": 0, "_wandb": {"runtime": 286}}