{"test/conf_matrix": {"_type": "image-file", "sha256": "af3f87fce116678f0cfebd27305a3b41085c874ef99194a29336c1151f5156b5", "size": 29401, "path": "media/images/test/conf_matrix_0_af3f87fce116678f0cfe.png", "format": "png", "width": 1000, "height": 1000}, "_timestamp": 1660310069.996641, "_runtime": 499.59900999069214, "_step": 1, "test/loss": 0.3462877571582794, "test/origin_acc": 0.8710532188415527, "test/new_acc": 0.8708323836326599, "test/f1_macro": 0.7891656756401062, "test/wqKappa": 0.9282444715499878, "test/cnt_diff": 83.0, "test/cnt_correct_diff": 33.0, "epoch": 1, "trainer/global_step": 0, "_wandb": {"runtime": 499}}