{"test/conf_matrix": {"_type": "image-file", "sha256": "f9084e806bcd6f08dfcd524089d2be1f8ea55cfd2030e77fea135e2e19a8cb83", "size": 27846, "path": "media/images/test/conf_matrix_0_f9084e806bcd6f08dfcd.png", "format": "png", "width": 1000, "height": 1000}, "_timestamp": 1661923963.4076414, "_runtime": 297.88879346847534, "_step": 1, "test/loss": 0.31758856773376465, "test/origin_acc": 0.8759445548057556, "test/new_acc": 0.7159949541091919, "test/f1_macro": 0.6739563941955566, "test/wqKappa": 0.8733452558517456, "test/cnt_diff": 388.0, "test/cnt_correct_diff": 57.0, "epoch": 4, "trainer/global_step": 0, "_wandb": {"runtime": 292}}