{"test/conf_matrix": {"_type": "image-file", "sha256": "24b45297dab2d31663f2a3672da51147209013f75355cd6f33883dcb4994e3c6", "size": 28036, "path": "media/images/test/conf_matrix_0_24b45297dab2d31663f2.png", "format": "png", "width": 1000, "height": 1000}, "_timestamp": 1661335525.5274687, "_runtime": 71.0429117679596, "_step": 1, "test/loss": 0.36475446820259094, "test/origin_acc": 0.8339622616767883, "test/new_acc": 0.8396226167678833, "test/f1_macro": 0.8084510564804077, "test/wqKappa": 0.9238960146903992, "test/cnt_diff": 64.0, "test/cnt_correct_diff": 36.0, "epoch": 7, "trainer/global_step": 0, "_wandb": {"runtime": 70}}