{"test/conf_matrix": {"_type": "image-file", "sha256": "0c3ecb50ccf70465ebd39294d081398797e671578efdc9ac687df1f6c28fda60", "size": 27539, "path": "media/images/test/conf_matrix_0_0c3ecb50ccf70465ebd3.png", "format": "png", "width": 1000, "height": 1000}, "_timestamp": 1661929072.5379589, "_runtime": 235.55290174484253, "_step": 1, "test/loss": 0.31758856773376465, "test/origin_acc": 0.8759445548057556, "test/new_acc": 0.8431990146636963, "test/f1_macro": 0.8035533428192139, "test/wqKappa": 0.9243621230125427, "test/cnt_diff": 139.0, "test/cnt_correct_diff": 41.0, "epoch": 4, "trainer/global_step": 0, "_wandb": {"runtime": 235}}