{"test/conf_matrix": {"_type": "image-file", "sha256": "feca8547b9cb2fab6744c084a41364fa3d70a6be639ca244d88373ef03b4bb1f", "size": 27815, "path": "media/images/test/conf_matrix_0_feca8547b9cb2fab6744.png", "format": "png", "width": 1000, "height": 1000}, "_timestamp": 1661330181.1424208, "_runtime": 114.20543384552002, "_step": 1, "test/loss": 0.46994638442993164, "test/origin_acc": 0.8075471520423889, "test/new_acc": 0.7823899984359741, "test/f1_macro": 0.7341454029083252, "test/wqKappa": 0.8936340808868408, "test/cnt_diff": 67.0, "test/cnt_correct_diff": 11.0, "epoch": 8, "trainer/global_step": 0, "_wandb": {"runtime": 113}}