{"test/conf_matrix": {"_type": "image-file", "sha256": "d99b96a720c51a5f0ec581ec15c846189288dee2dd6e310e9e05bbe60c4c67d2", "size": 27157, "path": "media/images/test/conf_matrix_0_d99b96a720c51a5f0ec5.png", "format": "png", "width": 1000, "height": 1000}, "_timestamp": 1661339921.7701242, "_runtime": 146.94792413711548, "_step": 1, "test/loss": 0.3532443344593048, "test/origin_acc": 0.8658690452575684, "test/new_acc": 0.8589420914649963, "test/f1_macro": 0.825310468673706, "test/wqKappa": 0.930966317653656, "test/cnt_diff": 25.0, "test/cnt_correct_diff": 6.0, "epoch": 17, "trainer/global_step": 0, "_wandb": {"runtime": 146}}