{"test/conf_matrix": {"_type": "image-file", "sha256": "f068f6a1692859bd12fbcc53596858dae39e9d6d156e29757d939ebae9a322bb", "size": 29613, "path": "media/images/test/conf_matrix_0_f068f6a1692859bd12fb.png", "format": "png", "width": 1000, "height": 1000}, "_timestamp": 1661436786.6613233, "_runtime": 127.359783411026, "_step": 1, "test/loss": 2.1025230884552, "test/origin_acc": 0.5195214152336121, "test/new_acc": 0.5207808613777161, "test/f1_macro": 0.3317715525627136, "test/wqKappa": 0.5240484476089478, "test/cnt_diff": 33.0, "test/cnt_correct_diff": 11.0, "epoch": 8, "trainer/global_step": 0, "_wandb": {"runtime": 127}}