{"test/conf_matrix": {"_type": "image-file", "sha256": "35cf3c04d159df2390c4bb7b00352d476e9b779c3431639d0c16a852f0d97fcd", "size": 30583, "path": "media/images/test/conf_matrix_0_35cf3c04d159df2390c4.png", "format": "png", "width": 1000, "height": 1000}, "_timestamp": 1661451075.170243, "_runtime": 295.1762990951538, "_step": 1, "test/loss": 0.8180785775184631, "test/origin_acc": 0.6161831021308899, "test/new_acc": 0.5866949558258057, "test/f1_macro": 0.5147985219955444, "test/wqKappa": 0.5067811012268066, "test/cnt_diff": 857.0, "test/cnt_correct_diff": 311.0, "epoch": 5, "trainer/global_step": 0, "_wandb": {"runtime": 296}}