{"test/conf_matrix": {"_type": "image-file", "sha256": "420751561de0e0fcc7d8ed1ffe8b8ac82eb3a3ff9e3b12ad2981fa988986b105", "size": 27280, "path": "media/images/test/conf_matrix_0_420751561de0e0fcc7d8.png", "format": "png", "width": 1000, "height": 1000}, "_timestamp": 1661411781.714394, "_runtime": 412.1639211177826, "_step": 1, "test/loss": 0.5895299315452576, "test/origin_acc": 0.8214459419250488, "test/new_acc": 0.819990336894989, "test/f1_macro": 0.6030222177505493, "test/wqKappa": 0.7258204221725464, "test/cnt_diff": 13.0, "test/cnt_correct_diff": 2.0, "epoch": 11, "trainer/global_step": 0, "_wandb": {"runtime": 413}}