{"test/conf_matrix": {"_type": "image-file", "sha256": "cfec7c127088473508e00b79b2604a5c04fc069165c9fbd52034e3a9cb1ad284", "size": 29354, "path": "media/images/test/conf_matrix_0_cfec7c127088473508e0.png", "format": "png", "width": 1000, "height": 1000}, "_timestamp": 1661328833.4268138, "_runtime": 99.63064885139465, "_step": 1, "test/loss": 0.46994638442993164, "test/origin_acc": 0.8075471520423889, "test/new_acc": 0.6918239593505859, "test/f1_macro": 0.6660099029541016, "test/wqKappa": 0.8502032160758972, "test/cnt_diff": 309.0, "test/cnt_correct_diff": 59.0, "epoch": 8, "trainer/global_step": 0, "_wandb": {"runtime": 99}}