{"test/conf_matrix": {"_type": "image-file", "sha256": "cc860823d0a8b693b9a072f51f65bf60bf225726bdeea4aff6322c02a930ba4c", "size": 27590, "path": "media/images/test/conf_matrix_0_cc860823d0a8b693b9a0.png", "format": "png", "width": 1000, "height": 1000}, "_timestamp": 1660647451.369732, "_runtime": 259.47020387649536, "_step": 1, "test/loss": 0.4327978789806366, "test/origin_acc": 0.8091939687728882, "test/new_acc": 0.8117128610610962, "test/f1_macro": 0.7628628015518188, "test/wqKappa": 0.9109240770339966, "test/cnt_diff": 4.0, "test/cnt_correct_diff": 4.0, "epoch": 1, "trainer/global_step": 0, "_wandb": {"runtime": 259}}