{"test/conf_matrix": {"_type": "image-file", "sha256": "b835c46c445fe1de6419314db78f320f032d055353b9e210a7e447269b674866", "size": 27676, "path": "media/images/test/conf_matrix_0_b835c46c445fe1de6419.png", "format": "png", "width": 1000, "height": 1000}, "_timestamp": 1660725246.0370722, "_runtime": 239.48844528198242, "_step": 1, "test/loss": 0.5653321146965027, "test/origin_acc": 0.8330907821655273, "test/new_acc": 0.8369723558425903, "test/f1_macro": 0.6335630416870117, "test/wqKappa": 0.7780782580375671, "test/cnt_diff": 25.0, "test/cnt_correct_diff": 15.0, "epoch": 12, "trainer/global_step": 0, "_wandb": {"runtime": 240}}