{"test/conf_matrix": {"_type": "image-file", "sha256": "93210326e25d90095f9a0aeb3b7468d724841b070d481b9cc34405a202971104", "size": 26882, "path": "media/images/test/conf_matrix_0_93210326e25d90095f9a.png", "format": "png", "width": 1000, "height": 1000}, "_timestamp": 1661327940.490515, "_runtime": 106.48876595497131, "_step": 1, "test/loss": 0.31017082929611206, "test/origin_acc": 0.8753148317337036, "test/new_acc": 0.8715365529060364, "test/f1_macro": 0.8381356596946716, "test/wqKappa": 0.9399588704109192, "test/cnt_diff": 46.0, "test/cnt_correct_diff": 20.0, "epoch": 7, "trainer/global_step": 0, "_wandb": {"runtime": 106}}