{"test/conf_matrix": {"_type": "image-file", "sha256": "d4faa61babcca5e4338d4a301d341253d7b9260f4838c18dd982dc51d76be282", "size": 25592, "path": "media/images/test/conf_matrix_0_d4faa61babcca5e4338d.png", "format": "png", "width": 1000, "height": 1000}, "_timestamp": 1660662261.5592573, "_runtime": 202.32427430152893, "_step": 1, "test/loss": 0.3087417483329773, "test/origin_acc": 0.8916876316070557, "test/new_acc": 0.8860201239585876, "test/f1_macro": 0.8432851433753967, "test/wqKappa": 0.9431372880935669, "test/cnt_diff": 49.0, "test/cnt_correct_diff": 18.0, "epoch": 8, "trainer/global_step": 0, "_wandb": {"runtime": 202}}