{"test/conf_matrix": {"_type": "image-file", "sha256": "03e808d2b90170cf1436b503b2ef7449f834f77b04c3261a1223e10fe1c61989", "size": 30276, "path": "media/images/test/conf_matrix_0_03e808d2b90170cf1436.png", "format": "png", "width": 1000, "height": 1000}, "_timestamp": 1660652897.1248362, "_runtime": 472.618399143219, "_step": 1, "test/loss": 0.8469946980476379, "test/origin_acc": 0.6934151649475098, "test/new_acc": 0.6936511397361755, "test/f1_macro": 0.6264608502388, "test/wqKappa": 0.6211467385292053, "test/cnt_diff": 6.0, "test/cnt_correct_diff": 3.0, "epoch": 7, "trainer/global_step": 0, "_wandb": {"runtime": 474}}