{"test/conf_matrix": {"_type": "image-file", "sha256": "44daffff576d854249c0af6f4da185910dabd4fa5ef9f30c093de2170087e563", "size": 29891, "path": "media/images/test/conf_matrix_0_44daffff576d854249c0.png", "format": "png", "width": 1000, "height": 1000}, "_timestamp": 1661439518.1893156, "_runtime": 278.9886705875397, "_step": 1, "test/loss": 0.714397668838501, "test/origin_acc": 0.6908189654350281, "test/new_acc": 0.6903469562530518, "test/f1_macro": 0.5743216276168823, "test/wqKappa": 0.5682955980300903, "test/cnt_diff": 74.0, "test/cnt_correct_diff": 25.0, "epoch": 3, "trainer/global_step": 0, "_wandb": {"runtime": 279}}