{"test/conf_matrix": {"_type": "image-file", "sha256": "46253183ba8295f573e1a68b086e5f4e59377d0150e8587789ad9cdfb49cb8b1", "size": 30569, "path": "media/images/test/conf_matrix_0_46253183ba8295f573e1.png", "format": "png", "width": 1000, "height": 1000}, "_timestamp": 1661451684.681469, "_runtime": 187.8817539215088, "_step": 1, "test/loss": 0.8180785775184631, "test/origin_acc": 0.6161831021308899, "test/new_acc": 0.5958952307701111, "test/f1_macro": 0.5348845720291138, "test/wqKappa": 0.5157921314239502, "test/cnt_diff": 695.0, "test/cnt_correct_diff": 252.0, "epoch": 5, "trainer/global_step": 0, "_wandb": {"runtime": 188}}