{"test/conf_matrix": {"_type": "image-file", "sha256": "8efd82f0f236b973b2adcaecfeb8ee4ecdfc1b916afc8b75f520b047c0abf0d8", "size": 31145, "path": "media/images/test/conf_matrix_0_8efd82f0f236b973b2ad.png", "format": "png", "width": 1000, "height": 1000}, "_timestamp": 1661422053.6163626, "_runtime": 304.6921455860138, "_step": 1, "test/loss": 1.5902985334396362, "test/origin_acc": 0.6070529222488403, "test/new_acc": 0.498110830783844, "test/f1_macro": 0.4058806896209717, "test/wqKappa": 0.4271358847618103, "test/cnt_diff": 499.0, "test/cnt_correct_diff": 105.0, "epoch": 5, "trainer/global_step": 0, "_wandb": {"runtime": 303}}