{"test/conf_matrix": {"_type": "image-file", "sha256": "c5fe41d9e5e2835a58d512ed557bd79e9c1cd2139d0f445d54885b0180268758", "size": 27274, "path": "media/images/test/conf_matrix_0_c5fe41d9e5e2835a58d5.png", "format": "png", "width": 1000, "height": 1000}, "_timestamp": 1661338112.9676907, "_runtime": 72.11770462989807, "_step": 1, "test/loss": 0.36290663480758667, "test/origin_acc": 0.8465409278869629, "test/new_acc": 0.845283031463623, "test/f1_macro": 0.8077570796012878, "test/wqKappa": 0.9276153445243835, "test/cnt_diff": 32.0, "test/cnt_correct_diff": 15.0, "epoch": 7, "trainer/global_step": 0, "_wandb": {"runtime": 71}}