{"test/conf_matrix": {"_type": "image-file", "sha256": "d3675b8d786fe4455b3873b12a9fcb97f067d7da1eff73729b0377aba363bdc2", "size": 27393, "path": "media/images/test/conf_matrix_0_d3675b8d786fe4455b38.png", "format": "png", "width": 1000, "height": 1000}, "_timestamp": 1661932026.4727879, "_runtime": 221.81312084197998, "_step": 1, "test/loss": 0.31690359115600586, "test/origin_acc": 0.8740554451942444, "test/new_acc": 0.8400503993034363, "test/f1_macro": 0.8055376410484314, "test/wqKappa": 0.9223281145095825, "test/cnt_diff": 124.0, "test/cnt_correct_diff": 31.0, "epoch": 8, "trainer/global_step": 0, "_wandb": {"runtime": 221}}