{"test/conf_matrix": {"_type": "image-file", "sha256": "a15a498c458def7f407236c743e10c5ab5ef9c25c16d548c803e4321dd9c6a7d", "size": 26600, "path": "media/images/test/conf_matrix_0_a15a498c458def7f4072.png", "format": "png", "width": 1000, "height": 1000}, "_timestamp": 1661881625.6984282, "_runtime": 185.36454820632935, "_step": 1, "test/loss": 0.37694475054740906, "test/origin_acc": 0.8394206762313843, "test/new_acc": 0.8413098454475403, "test/f1_macro": 0.8065746426582336, "test/wqKappa": 0.925765335559845, "test/cnt_diff": 13.0, "test/cnt_correct_diff": 8.0, "epoch": 2, "trainer/global_step": 0, "_wandb": {"runtime": 185}}