{"test/conf_matrix": {"_type": "image-file", "sha256": "04ae55df22c71dfafb47511aa1f5b040b00be07648d2e6753e538a747dab7500", "size": 31023, "path": "media/images/test/conf_matrix_0_04ae55df22c71dfafb47.png", "format": "png", "width": 1000, "height": 1000}, "_timestamp": 1661414982.4531264, "_runtime": 534.4034345149994, "_step": 1, "test/loss": 1.5902985334396362, "test/origin_acc": 0.6070529222488403, "test/new_acc": 0.516372799873352, "test/f1_macro": 0.39992815256118774, "test/wqKappa": 0.423023521900177, "test/cnt_diff": 420.0, "test/cnt_correct_diff": 86.0, "epoch": 5, "trainer/global_step": 0, "_wandb": {"runtime": 534}}