{"test/conf_matrix": {"_type": "image-file", "sha256": "9bd97fe14fd99e404de4f8cefa60bd0a60a3e56426fec30053abee5ccd439bfa", "size": 30185, "path": "media/images/test/conf_matrix_0_9bd97fe14fd99e404de4.png", "format": "png", "width": 1000, "height": 1000}, "_timestamp": 1661443021.8000062, "_runtime": 358.25289726257324, "_step": 1, "test/loss": 0.6964133977890015, "test/origin_acc": 0.6936511397361755, "test/new_acc": 0.6929430961608887, "test/f1_macro": 0.6146335005760193, "test/wqKappa": 0.6141853332519531, "test/cnt_diff": 496.0, "test/cnt_correct_diff": 236.0, "epoch": 8, "trainer/global_step": 0, "_wandb": {"runtime": 358}}