{"test/conf_matrix": {"_type": "image-file", "sha256": "f30d8a2ef9d683a65393b1e90f1cbba03a7c7cd34d6e975b67e8b216e2e875c5", "size": 29075, "path": "media/images/test/conf_matrix_0_f30d8a2ef9d683a65393.png", "format": "png", "width": 1000, "height": 1000}, "_timestamp": 1661324405.8247504, "_runtime": 125.68031144142151, "_step": 1, "test/loss": 0.5756698250770569, "test/origin_acc": 0.7811321020126343, "test/new_acc": 0.5006289482116699, "test/f1_macro": 0.45385727286338806, "test/wqKappa": 0.65110182762146, "test/cnt_diff": 643.0, "test/cnt_correct_diff": 82.0, "epoch": 8, "trainer/global_step": 0, "_wandb": {"runtime": 126}}