{"test/conf_matrix": {"_type": "image-file", "sha256": "e14ed3e027e4eec1f6a4ab6b049b3706544efab30fbe9050bb7f6640cc4fbfb3", "size": 31110, "path": "media/images/test/conf_matrix_0_e14ed3e027e4eec1f6a4.png", "format": "png", "width": 1000, "height": 1000}, "_timestamp": 1660733906.0229197, "_runtime": 536.6114597320557, "_step": 1, "test/loss": 0.6168479919433594, "test/origin_acc": 0.7463871836662292, "test/new_acc": 0.7449579238891602, "test/f1_macro": 0.6986006498336792, "test/wqKappa": 0.6854168176651001, "test/cnt_diff": 34.0, "test/cnt_correct_diff": 9.0, "epoch": 5, "trainer/global_step": 0, "_wandb": {"runtime": 537}}