{"test/conf_matrix": {"_type": "image-file", "sha256": "16f00d3960e0b9d73bad1a1203cb98571bfe7f634cd50bc565ea2b79834a898d", "size": 30878, "path": "media/images/test/conf_matrix_0_16f00d3960e0b9d73bad.png", "format": "png", "width": 1000, "height": 1000}, "_timestamp": 1661440526.0227318, "_runtime": 321.10956168174744, "_step": 1, "test/loss": 0.714397668838501, "test/origin_acc": 0.6908189654350281, "test/new_acc": 0.6898748874664307, "test/f1_macro": 0.571205735206604, "test/wqKappa": 0.5669282674789429, "test/cnt_diff": 27.0, "test/cnt_correct_diff": 6.0, "epoch": 3, "trainer/global_step": 0, "_wandb": {"runtime": 322}}