{"test/conf_matrix": {"_type": "image-file", "sha256": "d2794bd7e20e2a8242eedc2d08735b20f8df1b519843c3baad938f03bf6cef79", "size": 29488, "path": "media/images/test/conf_matrix_0_d2794bd7e20e2a8242ee.png", "format": "png", "width": 1000, "height": 1000}, "_timestamp": 1660157070.8918176, "_runtime": 646.0330004692078, "_step": 1, "test/loss": 0.34628796577453613, "test/origin_acc": 0.8710532188415527, "test/new_acc": 0.8636012077331543, "test/f1_macro": 0.780230700969696, "test/wqKappa": 0.9258930683135986, "test/cnt_diff": 643.0, "test/cnt_correct_diff": 245.0, "epoch": 1, "trainer/global_step": 0, "_wandb": {"runtime": 645}}