{"test/conf_matrix": {"_type": "image-file", "sha256": "be54f968347fb7cfe1120a14d3f01fcf92d1863d8bdc9f4bf17467fc77e294f8", "size": 27502, "path": "media/images/test/conf_matrix_0_be54f968347fb7cfe112.png", "format": "png", "width": 1000, "height": 1000}, "_timestamp": 1661407344.5002353, "_runtime": 156.3695502281189, "_step": 1, "test/loss": 0.5895299315452576, "test/origin_acc": 0.8214459419250488, "test/new_acc": 0.8195050954818726, "test/f1_macro": 0.6028647422790527, "test/wqKappa": 0.7266291379928589, "test/cnt_diff": 33.0, "test/cnt_correct_diff": 11.0, "epoch": 11, "trainer/global_step": 0, "_wandb": {"runtime": 157}}