{"test/conf_matrix": {"_type": "image-file", "sha256": "72973893ae4ba4d7e7a03ca0c2ac833081873fa88a0b0b36de1b22f7caa53d17", "size": 30064, "path": "media/images/test/conf_matrix_0_72973893ae4ba4d7e7a0.png", "format": "png", "width": 1000, "height": 1000}, "_timestamp": 1661461545.0183983, "_runtime": 119.91244220733643, "_step": 1, "test/loss": 0.7218735218048096, "test/origin_acc": 0.6959188580513, "test/new_acc": 0.6975702047348022, "test/f1_macro": 0.6065708994865417, "test/wqKappa": 0.6075735092163086, "test/cnt_diff": 72.0, "test/cnt_correct_diff": 35.0, "epoch": 7, "trainer/global_step": 0, "_wandb": {"runtime": 119}}