{"test/conf_matrix": {"_type": "image-file", "sha256": "fce06152a603f71dcaea18522b9fa1408be85de0735815c27e48acd0e3fa4998", "size": 27349, "path": "media/images/test/conf_matrix_0_fce06152a603f71dcaea.png", "format": "png", "width": 1000, "height": 1000}, "_timestamp": 1660644039.5109386, "_runtime": 215.84291172027588, "_step": 1, "test/loss": 0.6062291860580444, "test/origin_acc": 0.8277535438537598, "test/new_acc": 0.8272683620452881, "test/f1_macro": 0.6209784746170044, "test/wqKappa": 0.7623542547225952, "test/cnt_diff": 13.0, "test/cnt_correct_diff": 5.0, "epoch": 7, "trainer/global_step": 0, "_wandb": {"runtime": 216}}