{"test/conf_matrix": {"_type": "image-file", "sha256": "69cefb5497b03293771fc39ee222e14dd7d4beb9ea4c26bc1098ab857de030be", "size": 30165, "path": "media/images/test/conf_matrix_0_69cefb5497b03293771f.png", "format": "png", "width": 1000, "height": 1000}, "_timestamp": 1661413914.605532, "_runtime": 499.5314028263092, "_step": 1, "test/loss": 2.093094825744629, "test/origin_acc": 0.5560453534126282, "test/new_acc": 0.5837531685829163, "test/f1_macro": 0.39050161838531494, "test/wqKappa": 0.5783090591430664, "test/cnt_diff": 75.0, "test/cnt_correct_diff": 57.0, "epoch": 11, "trainer/global_step": 0, "_wandb": {"runtime": 500}}