{"test/conf_matrix": {"_type": "image-file", "sha256": "20ce869aad565a13d49c61e20d6b00be570332dead754bb6a4fa4469eb21ad91", "size": 30508, "path": "media/images/test/conf_matrix_0_20ce869aad565a13d49c.png", "format": "png", "width": 1000, "height": 1000}, "_timestamp": 1660645915.1584327, "_runtime": 611.6321468353271, "_step": 1, "test/loss": 0.8469946980476379, "test/origin_acc": 0.6934151649475098, "test/new_acc": 0.6865707039833069, "test/f1_macro": 0.6232904195785522, "test/wqKappa": 0.6195994019508362, "test/cnt_diff": 100.0, "test/cnt_correct_diff": 31.0, "epoch": 7, "trainer/global_step": 0, "_wandb": {"runtime": 611}}