{"test/conf_matrix": {"_type": "image-file", "sha256": "ffb5345d79d3ef621224adc608792a82acc6b1ab543f458adec10f3617cffbec", "size": 27410, "path": "media/images/test/conf_matrix_0_ffb5345d79d3ef621224.png", "format": "png", "width": 1000, "height": 1000}, "_timestamp": 1661489121.2804847, "_runtime": 126.75560569763184, "_step": 1, "test/loss": 0.6395517587661743, "test/origin_acc": 0.8155339956283569, "test/new_acc": 0.8213592171669006, "test/f1_macro": 0.6274064183235168, "test/wqKappa": 0.7676281929016113, "test/cnt_diff": 36.0, "test/cnt_correct_diff": 22.0, "epoch": 11, "trainer/global_step": 0, "_wandb": {"runtime": 126}}