{"test/conf_matrix": {"_type": "image-file", "sha256": "cff058a7a54680a93650f036e2952dcb3375f12c351d74e13fa3f61fe44b33bd", "size": 26955, "path": "media/images/test/conf_matrix_0_cff058a7a54680a93650.png", "format": "png", "width": 1000, "height": 1000}, "_timestamp": 1661327315.1841526, "_runtime": 99.01711249351501, "_step": 1, "test/loss": 0.35823777318000793, "test/origin_acc": 0.8526448607444763, "test/new_acc": 0.8331234455108643, "test/f1_macro": 0.8062986731529236, "test/wqKappa": 0.9216301441192627, "test/cnt_diff": 149.0, "test/cnt_correct_diff": 58.0, "epoch": 5, "trainer/global_step": 0, "_wandb": {"runtime": 98}}