{"test/conf_matrix": {"_type": "image-file", "sha256": "cf9c88ba221ff9c112037d07cddd1aa5ff0fb44b3b7970d7e7c07193a149b38a", "size": 28033, "path": "media/images/test/conf_matrix_0_cf9c88ba221ff9c11203.png", "format": "png", "width": 1000, "height": 1000}, "_timestamp": 1661419220.419861, "_runtime": 123.8488039970398, "_step": 1, "test/loss": 0.5568793416023254, "test/origin_acc": 0.8282387256622314, "test/new_acc": 0.8262979388237, "test/f1_macro": 0.6249356269836426, "test/wqKappa": 0.7734696269035339, "test/cnt_diff": 12.0, "test/cnt_correct_diff": 2.0, "epoch": 8, "trainer/global_step": 0, "_wandb": {"runtime": 123}}