{"test/conf_matrix": {"_type": "image-file", "sha256": "181263bdcf0bb4109a26c05783d57de54f3fc86aa031ef9198f42bd643a15319", "size": 30420, "path": "media/images/test/conf_matrix_0_181263bdcf0bb4109a26.png", "format": "png", "width": 1000, "height": 1000}, "_timestamp": 1661442513.4950392, "_runtime": 419.5636441707611, "_step": 1, "test/loss": 0.9711070656776428, "test/origin_acc": 0.5501534342765808, "test/new_acc": 0.5798914432525635, "test/f1_macro": 0.5184641480445862, "test/wqKappa": 0.4706052541732788, "test/cnt_diff": 810.0, "test/cnt_correct_diff": 301.0, "epoch": 2, "trainer/global_step": 0, "_wandb": {"runtime": 420}}