{"test/conf_matrix": {"_type": "image-file", "sha256": "ca660b798cc62436cacaf5216d7a2a6e6250d24bf19c346d7c0d99cac51cfe6b", "size": 29322, "path": "media/images/test/conf_matrix_0_ca660b798cc62436caca.png", "format": "png", "width": 1000, "height": 1000}, "_timestamp": 1661435632.9680145, "_runtime": 131.94794154167175, "_step": 1, "test/loss": 2.1025230884552, "test/origin_acc": 0.5195214152336121, "test/new_acc": 0.5333753228187561, "test/f1_macro": 0.3524901270866394, "test/wqKappa": 0.5508714914321899, "test/cnt_diff": 86.0, "test/cnt_correct_diff": 41.0, "epoch": 8, "trainer/global_step": 0, "_wandb": {"runtime": 132}}