{"test/conf_matrix": {"_type": "image-file", "sha256": "8cfd3a1478dc79e9c51c8389042d051760b7f9153fa0fd48ed8f750ec608f551", "size": 27046, "path": "media/images/test/conf_matrix_0_8cfd3a1478dc79e9c51c.png", "format": "png", "width": 1000, "height": 1000}, "_timestamp": 1661481453.0650067, "_runtime": 133.60400676727295, "_step": 1, "test/loss": 0.557793915271759, "test/origin_acc": 0.8131067752838135, "test/new_acc": 0.7917475700378418, "test/f1_macro": 0.5944497585296631, "test/wqKappa": 0.7461999654769897, "test/cnt_diff": 115.0, "test/cnt_correct_diff": 31.0, "epoch": 2, "trainer/global_step": 0, "_wandb": {"runtime": 133}}