{"test/conf_matrix": {"_type": "image-file", "sha256": "946bcd34ae499efbc63f79600e945342544d609f54f1779b48079f5fbfadf8e2", "size": 30368, "path": "media/images/test/conf_matrix_0_946bcd34ae499efbc63f.png", "format": "png", "width": 1000, "height": 1000}, "_timestamp": 1661416468.7017722, "_runtime": 332.4079213142395, "_step": 1, "test/loss": 2.093094825744629, "test/origin_acc": 0.5560453534126282, "test/new_acc": 0.5743073225021362, "test/f1_macro": 0.3913813829421997, "test/wqKappa": 0.5445812940597534, "test/cnt_diff": 300.0, "test/cnt_correct_diff": 127.0, "epoch": 11, "trainer/global_step": 0, "_wandb": {"runtime": 331}}