{"test/conf_matrix": {"_type": "image-file", "sha256": "8ab7151e54fe1feaa902f66049da103430617913b1ae452e713b4cc724ff9e80", "size": 26684, "path": "media/images/test/conf_matrix_0_8ab7151e54fe1feaa902.png", "format": "png", "width": 1000, "height": 1000}, "_timestamp": 1661507963.5667384, "_runtime": 87.54502034187317, "_step": 1, "test/loss": 0.31992873549461365, "test/origin_acc": 0.8715365529060364, "test/new_acc": 0.8746851682662964, "test/f1_macro": 0.8386602401733398, "test/wqKappa": 0.9384855031967163, "test/cnt_diff": 33.0, "test/cnt_correct_diff": 18.0, "epoch": 6, "trainer/global_step": 0, "_wandb": {"runtime": 87}}