{"test/conf_matrix": {"_type": "image-file", "sha256": "3e5d6fb5875c75045d7b328300d2c0d61666092dc2e77eb8840943049b49de20", "size": 27591, "path": "media/images/test/conf_matrix_0_3e5d6fb5875c75045d7b.png", "format": "png", "width": 1000, "height": 1000}, "_timestamp": 1661326396.9277964, "_runtime": 123.64804029464722, "_step": 1, "test/loss": 0.35823777318000793, "test/origin_acc": 0.8526448607444763, "test/new_acc": 0.8016372919082642, "test/f1_macro": 0.7759174108505249, "test/wqKappa": 0.9077706336975098, "test/cnt_diff": 205.0, "test/cnt_correct_diff": 61.0, "epoch": 5, "trainer/global_step": 0, "_wandb": {"runtime": 122}}