{"test/conf_matrix": {"_type": "image-file", "sha256": "d6fcdc0e59ba744c5069259eb1639ab24a643396a62628ae70b62ab49a9fe20e", "size": 30899, "path": "media/images/test/conf_matrix_0_d6fcdc0e59ba744c5069.png", "format": "png", "width": 1000, "height": 1000}, "_timestamp": 1661421664.9227161, "_runtime": 331.6041040420532, "_step": 1, "test/loss": 2.3457894325256348, "test/origin_acc": 0.4401763081550598, "test/new_acc": 0.35957178473472595, "test/f1_macro": 0.26638561487197876, "test/wqKappa": 0.3497851490974426, "test/cnt_diff": 920.0, "test/cnt_correct_diff": 264.0, "epoch": 2, "trainer/global_step": 0, "_wandb": {"runtime": 331}}