{"test/conf_matrix": {"_type": "image-file", "sha256": "e7b75b319bfb2b7f193f9d1ca89db9d76fa366a1da12f74e20f26c6122f9d634", "size": 30860, "path": "media/images/test/conf_matrix_0_e7b75b319bfb2b7f193f.png", "format": "png", "width": 1000, "height": 1000}, "_timestamp": 1661429508.9477868, "_runtime": 111.00369071960449, "_step": 1, "test/loss": 1.9362478256225586, "test/origin_acc": 0.5440806150436401, "test/new_acc": 0.491813600063324, "test/f1_macro": 0.39528340101242065, "test/wqKappa": 0.47141075134277344, "test/cnt_diff": 614.0, "test/cnt_correct_diff": 210.0, "epoch": 11, "trainer/global_step": 0, "_wandb": {"runtime": 105}}