{"test/conf_matrix": {"_type": "image-file", "sha256": "781a54365ec0f575209ebe46e0d6102a10bab6bebaea89f4b6c2a2645e5f72a1", "size": 26562, "path": "media/images/test/conf_matrix_0_781a54365ec0f575209e.png", "format": "png", "width": 1000, "height": 1000}, "_timestamp": 1661350789.7551823, "_runtime": 263.3662703037262, "_step": 1, "test/loss": 0.31416085362434387, "test/origin_acc": 0.8702771067619324, "test/new_acc": 0.8608312606811523, "test/f1_macro": 0.8185023665428162, "test/wqKappa": 0.9350103139877319, "test/cnt_diff": 61.0, "test/cnt_correct_diff": 23.0, "epoch": 5, "trainer/global_step": 0, "_wandb": {"runtime": 262}}