{"test/conf_matrix": {"_type": "image-file", "sha256": "3ac122c02b792da09f2ea08fb02601a8ddcab24c33e76ad11a464e916fa24499", "size": 27213, "path": "media/images/test/conf_matrix_0_3ac122c02b792da09f2e.png", "format": "png", "width": 1000, "height": 1000}, "_timestamp": 1661333086.971755, "_runtime": 110.40978693962097, "_step": 1, "test/loss": 0.32888326048851013, "test/origin_acc": 0.8652393221855164, "test/new_acc": 0.8677582144737244, "test/f1_macro": 0.8296890258789062, "test/wqKappa": 0.9381537437438965, "test/cnt_diff": 9.0, "test/cnt_correct_diff": 6.0, "epoch": 4, "trainer/global_step": 0, "_wandb": {"runtime": 110}}