{"test/conf_matrix": {"_type": "image-file", "sha256": "06ee46a262cf47ebbb6bbf4365cf40da8593e38fe47f22277268515a621e71a6", "size": 25839, "path": "media/images/test/conf_matrix_0_06ee46a262cf47ebbb6b.png", "format": "png", "width": 1000, "height": 1000}, "_timestamp": 1661346419.0313377, "_runtime": 367.8002247810364, "_step": 1, "test/loss": 0.3830234110355377, "test/origin_acc": 0.8283019065856934, "test/new_acc": 0.8044025301933289, "test/f1_macro": 0.7666776180267334, "test/wqKappa": 0.9120756983757019, "test/cnt_diff": 139.0, "test/cnt_correct_diff": 48.0, "epoch": 15, "trainer/global_step": 0, "_wandb": {"runtime": 368}}