{"test/conf_matrix": {"_type": "image-file", "sha256": "2033d949c0b0fa00000b23e3b2e3cacc443ef42e55d602e013d6b38080c3998b", "size": 25630, "path": "media/images/test/conf_matrix_0_2033d949c0b0fa00000b.png", "format": "png", "width": 1000, "height": 1000}, "_timestamp": 1660140847.0270007, "_runtime": 223.50776863098145, "_step": 1, "test/loss": 0.3087417483329773, "test/origin_acc": 0.8916876316070557, "test/new_acc": 0.8897984623908997, "test/f1_macro": 0.8522486090660095, "test/wqKappa": 0.9465213418006897, "test/cnt_diff": 3.0, "test/cnt_correct_diff": 0.0, "epoch": 8, "trainer/global_step": 0, "_wandb": {"runtime": 227}}