{"test/conf_matrix": {"_type": "image-file", "sha256": "0b16ea32b35ed0382d4a61632d9713dea763992fd32a208c79fca32fed98fe8e", "size": 29869, "path": "media/images/test/conf_matrix_0_0b16ea32b35ed0382d4a.png", "format": "png", "width": 1000, "height": 1000}, "_timestamp": 1661444225.9792473, "_runtime": 131.58538031578064, "_step": 1, "test/loss": 2.0962419509887695, "test/origin_acc": 0.4666246771812439, "test/new_acc": 0.4647355079650879, "test/f1_macro": 0.2886923551559448, "test/wqKappa": 0.09603404998779297, "test/cnt_diff": 51.0, "test/cnt_correct_diff": 12.0, "epoch": 3, "trainer/global_step": 0, "_wandb": {"runtime": 131}}