{"test/conf_matrix": {"_type": "image-file", "sha256": "bd88521fdc441a6f5016fccca5c9987d0e41e43cfecbf2017a29cc3537ee9318", "size": 28186, "path": "media/images/test/conf_matrix_0_bd88521fdc441a6f5016.png", "format": "png", "width": 1000, "height": 1000}, "_timestamp": 1661401402.0388665, "_runtime": 149.149911403656, "_step": 1, "test/loss": 0.6740458607673645, "test/origin_acc": 0.7850558757781982, "test/new_acc": 0.7874817848205566, "test/f1_macro": 0.5752745866775513, "test/wqKappa": 0.7032668590545654, "test/cnt_diff": 48.0, "test/cnt_correct_diff": 24.0, "epoch": 10, "trainer/global_step": 0, "_wandb": {"runtime": 149}}