{"test/conf_matrix": {"_type": "image-file", "sha256": "2eaf69c963bff391a5e9c1b6656f28d465ea98a997278fc5a6679ef431646886", "size": 27287, "path": "media/images/test/conf_matrix_0_2eaf69c963bff391a5e9.png", "format": "png", "width": 1000, "height": 1000}, "_timestamp": 1661332426.2759378, "_runtime": 149.11741590499878, "_step": 1, "test/loss": 0.32888326048851013, "test/origin_acc": 0.8652393221855164, "test/new_acc": 0.8570529222488403, "test/f1_macro": 0.816531240940094, "test/wqKappa": 0.9348593950271606, "test/cnt_diff": 87.0, "test/cnt_correct_diff": 36.0, "epoch": 4, "trainer/global_step": 0, "_wandb": {"runtime": 149}}