{"test/conf_matrix": {"_type": "image-file", "sha256": "c869be0ef002486ec7a3874743e9c79252ef18d2870762c1bd281b3b2e460b22", "size": 27301, "path": "media/images/test/conf_matrix_0_c869be0ef002486ec7a3.png", "format": "png", "width": 1000, "height": 1000}, "_timestamp": 1661327152.3939812, "_runtime": 119.73535013198853, "_step": 1, "test/loss": 0.31017082929611206, "test/origin_acc": 0.8753148317337036, "test/new_acc": 0.8520151376724243, "test/f1_macro": 0.818259596824646, "test/wqKappa": 0.9313777089118958, "test/cnt_diff": 105.0, "test/cnt_correct_diff": 34.0, "epoch": 7, "trainer/global_step": 0, "_wandb": {"runtime": 119}}