{"test/conf_matrix": {"_type": "image-file", "sha256": "c7a74ed4b47d339897466e913db89447b3db07bef4c6cfcad47b2d4cd207c31d", "size": 27702, "path": "media/images/test/conf_matrix_0_c7a74ed4b47d33989746.png", "format": "png", "width": 1000, "height": 1000}, "_timestamp": 1661325969.986787, "_runtime": 76.40103697776794, "_step": 1, "test/loss": 0.5756698250770569, "test/origin_acc": 0.7811321020126343, "test/new_acc": 0.6905660629272461, "test/f1_macro": 0.6511965990066528, "test/wqKappa": 0.7653169631958008, "test/cnt_diff": 212.0, "test/cnt_correct_diff": 18.0, "epoch": 8, "trainer/global_step": 0, "_wandb": {"runtime": 76}}