{"test/conf_matrix": {"_type": "image-file", "sha256": "40a943001c05b34d6d27657c8fc1ba210b6a317f3044afd5747eac624dcf5c41", "size": 30448, "path": "media/images/test/conf_matrix_0_40a943001c05b34d6d27.png", "format": "png", "width": 1000, "height": 1000}, "_timestamp": 1661424524.1740227, "_runtime": 306.65337562561035, "_step": 1, "test/loss": 1.9362478256225586, "test/origin_acc": 0.5440806150436401, "test/new_acc": 0.48992443084716797, "test/f1_macro": 0.3802241384983063, "test/wqKappa": 0.4633256793022156, "test/cnt_diff": 527.0, "test/cnt_correct_diff": 171.0, "epoch": 11, "trainer/global_step": 0, "_wandb": {"runtime": 307}}