{"test/conf_matrix": {"_type": "image-file", "sha256": "9bb40e85f73726927a250947df2bb9c77d6c3e2eba978307687bee40616dbd2f", "size": 29606, "path": "media/images/test/conf_matrix_0_9bb40e85f73726927a25.png", "format": "png", "width": 1000, "height": 1000}, "_timestamp": 1661437674.0459993, "_runtime": 131.4326503276825, "_step": 1, "test/loss": 2.1597023010253906, "test/origin_acc": 0.49370276927948, "test/new_acc": 0.507556676864624, "test/f1_macro": 0.3466063141822815, "test/wqKappa": 0.5173288583755493, "test/cnt_diff": 79.0, "test/cnt_correct_diff": 40.0, "epoch": 10, "trainer/global_step": 0, "_wandb": {"runtime": 131}}