{"test/conf_matrix": {"_type": "image-file", "sha256": "bc32c42605b881569d1661fbb12fcf60d8619f53a18c43dafbd79d9536224bcb", "size": 27727, "path": "media/images/test/conf_matrix_0_bc32c42605b881569d16.png", "format": "png", "width": 1000, "height": 1000}, "_timestamp": 1661931210.1203656, "_runtime": 259.73239254951477, "_step": 1, "test/loss": 0.31690359115600586, "test/origin_acc": 0.8740554451942444, "test/new_acc": 0.7972292304039001, "test/f1_macro": 0.7453491687774658, "test/wqKappa": 0.9027494192123413, "test/cnt_diff": 206.0, "test/cnt_correct_diff": 35.0, "epoch": 8, "trainer/global_step": 0, "_wandb": {"runtime": 260}}