{"test/conf_matrix": {"_type": "image-file", "sha256": "2e93b60b75749c77b7b7907dfb12b81e8129153f1f8dd5b72dd967adc44d6c97", "size": 29457, "path": "media/images/test/conf_matrix_0_2e93b60b75749c77b7b7.png", "format": "png", "width": 1000, "height": 1000}, "_timestamp": 1661442606.629025, "_runtime": 402.0776629447937, "_step": 1, "test/loss": 0.6964133977890015, "test/origin_acc": 0.6936511397361755, "test/new_acc": 0.7012037038803101, "test/f1_macro": 0.6192458868026733, "test/wqKappa": 0.6177020072937012, "test/cnt_diff": 363.0, "test/cnt_correct_diff": 191.0, "epoch": 8, "trainer/global_step": 0, "_wandb": {"runtime": 403}}