{"test/conf_matrix": {"_type": "image-file", "sha256": "e1d668b476276e8df57648cd321d9333a3359d67a9cbb29d004496ca7009d488", "size": 35250, "path": "media/images/test/conf_matrix_0_e1d668b476276e8df576.png", "format": "png", "width": 1000, "height": 1000}, "_timestamp": 1659432896, "_runtime": 20532, "_step": 1, "test/loss": 0.7571995258331299, "test/origin_acc": 0.7108793258666992, "test/new_acc": 0.7102439999580383, "test/f1_macro": 0.680591881275177, "test/wqKappa": 0.8353661894798279, "test/cnt_diff": 2525.0, "test/cnt_correct_diff": 976.0, "epoch": 8, "trainer/global_step": 0, "_wandb": {"runtime": 20534}}