{"test/conf_matrix": {"_type": "image-file", "sha256": "a990711411fbb685852f7be2b69a03db63cc2be4f3f9674d2abb042f420fb46f", "size": 28147, "path": "media/images/test/conf_matrix_0_a990711411fbb685852f.png", "format": "png", "width": 1000, "height": 1000}, "_timestamp": 1661477820.3203223, "_runtime": 161.3099663257599, "_step": 1, "test/loss": 0.5617218017578125, "test/origin_acc": 0.8286407589912415, "test/new_acc": 0.829126238822937, "test/f1_macro": 0.6234779953956604, "test/wqKappa": 0.7652933597564697, "test/cnt_diff": 12.0, "test/cnt_correct_diff": 6.0, "epoch": 10, "trainer/global_step": 0, "_wandb": {"runtime": 161}}