{"test/conf_matrix": {"_type": "image-file", "sha256": "d04dd2a656e7a071d32bd082142403162d3c6e7eedda2b18586bc66487669f40", "size": 26995, "path": "media/images/test/conf_matrix_0_d04dd2a656e7a071d32b.png", "format": "png", "width": 1000, "height": 1000}, "_timestamp": 1661489430.0091674, "_runtime": 129.34031534194946, "_step": 1, "test/loss": 0.6395517587661743, "test/origin_acc": 0.8155339956283569, "test/new_acc": 0.8237864375114441, "test/f1_macro": 0.6297199726104736, "test/wqKappa": 0.7733140587806702, "test/cnt_diff": 45.0, "test/cnt_correct_diff": 28.0, "epoch": 11, "trainer/global_step": 0, "_wandb": {"runtime": 128}}