{"test/conf_matrix": {"_type": "image-file", "sha256": "529c5616973aa68d61ce7d30e02288d23b0c1635a446a5e0e033e26d76914b53", "size": 31034, "path": "media/images/test/conf_matrix_0_529c5616973aa68d61ce.png", "format": "png", "width": 1000, "height": 1000}, "_timestamp": 1660737089.069136, "_runtime": 557.6449279785156, "_step": 1, "test/loss": 0.6168479919433594, "test/origin_acc": 0.7463871836662292, "test/new_acc": 0.7444815039634705, "test/f1_macro": 0.6971790194511414, "test/wqKappa": 0.6800192594528198, "test/cnt_diff": 364.0, "test/cnt_correct_diff": 166.0, "epoch": 5, "trainer/global_step": 0, "_wandb": {"runtime": 559}}