{"test/conf_matrix": {"_type": "image-file", "sha256": "058fd830b231b5813eed19b158e247e1d2559f29448e119d4dc33b960165e4d0", "size": 30014, "path": "media/images/test/conf_matrix_0_058fd830b231b5813eed.png", "format": "png", "width": 1000, "height": 1000}, "_timestamp": 1661423187.2205544, "_runtime": 272.16300535202026, "_step": 1, "test/loss": 2.3457894325256348, "test/origin_acc": 0.4401763081550598, "test/new_acc": 0.4049118459224701, "test/f1_macro": 0.2836584448814392, "test/wqKappa": 0.3576803207397461, "test/cnt_diff": 535.0, "test/cnt_correct_diff": 161.0, "epoch": 2, "trainer/global_step": 0, "_wandb": {"runtime": 271}}