{"test/conf_matrix": {"_type": "image-file", "sha256": "158b5af14342746ffd65d7804e501e404757ea397cbc173ea17309c86dd462d6", "size": 27293, "path": "media/images/test/conf_matrix_0_158b5af14342746ffd65.png", "format": "png", "width": 1000, "height": 1000}, "_timestamp": 1661328754.2471156, "_runtime": 129.68306469917297, "_step": 1, "test/loss": 0.35823777318000793, "test/origin_acc": 0.8526448607444763, "test/new_acc": 0.8526448607444763, "test/f1_macro": 0.8220822811126709, "test/wqKappa": 0.930803656578064, "test/cnt_diff": 39.0, "test/cnt_correct_diff": 19.0, "epoch": 5, "trainer/global_step": 0, "_wandb": {"runtime": 130}}