{"test/conf_matrix": {"_type": "image-file", "sha256": "3d5be238239376bd820b145c4d2672998572fcd7290612540903538d84c29e44", "size": 30009, "path": "media/images/test/conf_matrix_0_3d5be238239376bd820b.png", "format": "png", "width": 1000, "height": 1000}, "_timestamp": 1661424189.0303245, "_runtime": 300.8444263935089, "_step": 1, "test/loss": 1.9362478256225586, "test/origin_acc": 0.5440806150436401, "test/new_acc": 0.48866498470306396, "test/f1_macro": 0.3812469244003296, "test/wqKappa": 0.4647486209869385, "test/cnt_diff": 553.0, "test/cnt_correct_diff": 181.0, "epoch": 11, "trainer/global_step": 0, "_wandb": {"runtime": 301}}