{"test/conf_matrix": {"_type": "image-file", "sha256": "a1a99bf9b5b6de25af4798045309453b170054917b50beeea05a7d0df403edac", "size": 29926, "path": "media/images/test/conf_matrix_0_a1a99bf9b5b6de25af47.png", "format": "png", "width": 1000, "height": 1000}, "_timestamp": 1661443185.3589845, "_runtime": 418.0766725540161, "_step": 1, "test/loss": 0.714397668838501, "test/origin_acc": 0.6908189654350281, "test/new_acc": 0.7023837566375732, "test/f1_macro": 0.5811880826950073, "test/wqKappa": 0.5907326340675354, "test/cnt_diff": 279.0, "test/cnt_correct_diff": 152.0, "epoch": 3, "trainer/global_step": 0, "_wandb": {"runtime": 417}}