{"test/loss": 0.8521372675895691, "test/acc": 0.747481107711792, "test/f1_macro": 0.4455384612083435, "test/wqKappa": 0.8612992167472839, "epoch": 22, "trainer/global_step": 0, "_timestamp": 1656331891, "_runtime": 102, "_step": 0, "_wandb": {"runtime": 102}}