{"test/conf_matrix": {"_type": "image-file", "sha256": "ca234bc583b8d449fae218e8c6e0e5bfe932e822a6b0fc88b159631864740b88", "size": 27817, "path": "media/images/test/conf_matrix_0_ca234bc583b8d449fae2.png", "format": "png", "width": 1000, "height": 1000}, "_timestamp": 1661329771.0271597, "_runtime": 121.22923564910889, "_step": 1, "test/loss": 0.46994638442993164, "test/origin_acc": 0.8075471520423889, "test/new_acc": 0.7628930807113647, "test/f1_macro": 0.7246214747428894, "test/wqKappa": 0.884644627571106, "test/cnt_diff": 166.0, "test/cnt_correct_diff": 45.0, "epoch": 8, "trainer/global_step": 0, "_wandb": {"runtime": 121}}