{"test/conf_matrix": {"_type": "image-file", "sha256": "82bdf43faf04324d7f9ca86ea5b17bbcecb4ba5f72ce9ab0a1ecb4ddbc782485", "size": 28382, "path": "media/images/test/conf_matrix_0_82bdf43faf04324d7f9c.png", "format": "png", "width": 1000, "height": 1000}, "_timestamp": 1661405840.013208, "_runtime": 109.8915958404541, "_step": 1, "test/loss": 0.5978809595108032, "test/origin_acc": 0.8170791268348694, "test/new_acc": 0.8059194684028625, "test/f1_macro": 0.6004841327667236, "test/wqKappa": 0.7571843862533569, "test/cnt_diff": 132.0, "test/cnt_correct_diff": 45.0, "epoch": 12, "trainer/global_step": 0, "_wandb": {"runtime": 109}}