{"test/conf_matrix": {"_type": "image-file", "sha256": "b37b17583623ea85abcf6225660a06dcd6cecf891186c1ecf059bf6fd420c1e0", "size": 30589, "path": "media/images/test/conf_matrix_0_b37b17583623ea85abcf.png", "format": "png", "width": 1000, "height": 1000}, "_timestamp": 1661426219.550274, "_runtime": 289.9900119304657, "_step": 1, "test/loss": 2.3457894325256348, "test/origin_acc": 0.4401763081550598, "test/new_acc": 0.4093199074268341, "test/f1_macro": 0.28300291299819946, "test/wqKappa": 0.3286386728286743, "test/cnt_diff": 457.0, "test/cnt_correct_diff": 134.0, "epoch": 2, "trainer/global_step": 0, "_wandb": {"runtime": 289}}