{"test/conf_matrix": {"_type": "image-file", "sha256": "709229d6f0aa877e8907f24ec2c222802f440fb6b148f24453307329632f22a0", "size": 27824, "path": "media/images/test/conf_matrix_0_709229d6f0aa877e8907.png", "format": "png", "width": 1000, "height": 1000}, "_timestamp": 1661488670.0406237, "_runtime": 127.70779776573181, "_step": 1, "test/loss": 0.6395517587661743, "test/origin_acc": 0.8155339956283569, "test/new_acc": 0.816990315914154, "test/f1_macro": 0.6254392862319946, "test/wqKappa": 0.7619293928146362, "test/cnt_diff": 4.0, "test/cnt_correct_diff": 3.0, "epoch": 11, "trainer/global_step": 0, "_wandb": {"runtime": 127}}