{"test/conf_matrix": {"_type": "image-file", "sha256": "59945b0040e0ff38c7c2a4a86d9b7731969db9058dcc0f378ba23b81052c8fad", "size": 27211, "path": "media/images/test/conf_matrix_0_59945b0040e0ff38c7c2.png", "format": "png", "width": 1000, "height": 1000}, "_timestamp": 1661332683.113216, "_runtime": 106.17356991767883, "_step": 1, "test/loss": 0.32888326048851013, "test/origin_acc": 0.8652393221855164, "test/new_acc": 0.8690176606178284, "test/f1_macro": 0.8302544355392456, "test/wqKappa": 0.9387788772583008, "test/cnt_diff": 31.0, "test/cnt_correct_diff": 18.0, "epoch": 4, "trainer/global_step": 0, "_wandb": {"runtime": 105}}