{"test/conf_matrix": {"_type": "image-file", "sha256": "0b7790409299f680a2cc422f581886e2dbe7f2d2d6ced641da092f66d92fab86", "size": 30991, "path": "media/images/test/conf_matrix_0_0b7790409299f680a2cc.png", "format": "png", "width": 1000, "height": 1000}, "_timestamp": 1661442121.6478667, "_runtime": 157.18835377693176, "_step": 1, "test/loss": 2.620410442352295, "test/origin_acc": 0.250629723072052, "test/new_acc": 0.29282116889953613, "test/f1_macro": 0.2517680823802948, "test/wqKappa": -0.3526674509048462, "test/cnt_diff": 715.0, "test/cnt_correct_diff": 196.0, "epoch": 0, "trainer/global_step": 0, "_wandb": {"runtime": 158}}