{"test/conf_matrix": {"_type": "image-file", "sha256": "2675f72e6f344d13e59656a88a1adfb618968c67c5cf5195d2fd54bb0fff6699", "size": 27116, "path": "media/images/test/conf_matrix_0_2675f72e6f344d13e596.png", "format": "png", "width": 1000, "height": 1000}, "_timestamp": 1661339008.6035266, "_runtime": 90.62726950645447, "_step": 1, "test/loss": 0.36290663480758667, "test/origin_acc": 0.8465409278869629, "test/new_acc": 0.8352201581001282, "test/f1_macro": 0.795660674571991, "test/wqKappa": 0.9224898219108582, "test/cnt_diff": 97.0, "test/cnt_correct_diff": 39.0, "epoch": 7, "trainer/global_step": 0, "_wandb": {"runtime": 90}}