{"test/conf_matrix": {"_type": "image-file", "sha256": "4e48d69229fa84b9f86b9fc100abd9be9316ce15d6b533cd9152794a6e729654", "size": 30421, "path": "media/images/test/conf_matrix_0_4e48d69229fa84b9f86b.png", "format": "png", "width": 1000, "height": 1000}, "_timestamp": 1661423521.7255297, "_runtime": 306.4473536014557, "_step": 1, "test/loss": 2.3457894325256348, "test/origin_acc": 0.4401763081550598, "test/new_acc": 0.42254409193992615, "test/f1_macro": 0.2924922704696655, "test/wqKappa": 0.35906124114990234, "test/cnt_diff": 418.0, "test/cnt_correct_diff": 137.0, "epoch": 2, "trainer/global_step": 0, "_wandb": {"runtime": 306}}