{"test/conf_matrix": {"_type": "image-file", "sha256": "7b58ff864fecff9ece9528dbbe640cdd94e1f7d2a81a5e2e864d8d9f11934797", "size": 26848, "path": "media/images/test/conf_matrix_0_7b58ff864fecff9ece95.png", "format": "png", "width": 1000, "height": 1000}, "_timestamp": 1661882091.851134, "_runtime": 185.35874104499817, "_step": 1, "test/loss": 0.37694475054740906, "test/origin_acc": 0.8394206762313843, "test/new_acc": 0.8431990146636963, "test/f1_macro": 0.8090114593505859, "test/wqKappa": 0.9266840219497681, "test/cnt_diff": 8.0, "test/cnt_correct_diff": 7.0, "epoch": 2, "trainer/global_step": 0, "_wandb": {"runtime": 185}}