{"test/conf_matrix": {"_type": "image-file", "sha256": "130f29968d6f1c68cd7f5cb964496e22d8e16382695e55d7b10a3fac0e3f8626", "size": 30901, "path": "media/images/test/conf_matrix_0_130f29968d6f1c68cd7f.png", "format": "png", "width": 1000, "height": 1000}, "_timestamp": 1660302541.8199575, "_runtime": 425.13621759414673, "_step": 1, "test/loss": 0.6168479919433594, "test/origin_acc": 0.7463871836662292, "test/new_acc": 0.7416229844093323, "test/f1_macro": 0.6960362195968628, "test/wqKappa": 0.6806008815765381, "test/cnt_diff": 59.0, "test/cnt_correct_diff": 12.0, "epoch": 5, "trainer/global_step": 0, "_wandb": {"runtime": 428}}