{"test/conf_matrix": {"_type": "image-file", "sha256": "d390a5a0cf8c5f6b96dc33329df0e047ffab81c682c139f8df79e593b47c43b3", "size": 27469, "path": "media/images/test/conf_matrix_0_d390a5a0cf8c5f6b96dc.png", "format": "png", "width": 1000, "height": 1000}, "_timestamp": 1661893565.8444166, "_runtime": 166.87535452842712, "_step": 1, "test/loss": 0.32275402545928955, "test/origin_acc": 0.8633501529693604, "test/new_acc": 0.8633501529693604, "test/f1_macro": 0.8262168169021606, "test/wqKappa": 0.9312372803688049, "test/cnt_diff": 15.0, "test/cnt_correct_diff": 7.0, "epoch": 3, "trainer/global_step": 0, "_wandb": {"runtime": 167}}