{"test/conf_matrix": {"_type": "image-file", "sha256": "643405151d1de99505acf12f042d73e382b789205cc96ff52ded2f7f9d06604b", "size": 26670, "path": "media/images/test/conf_matrix_0_643405151d1de99505ac.png", "format": "png", "width": 1000, "height": 1000}, "_timestamp": 1661370916.2269182, "_runtime": 370.7490212917328, "_step": 1, "test/loss": 0.3109378218650818, "test/origin_acc": 0.8709068298339844, "test/new_acc": 0.8677582144737244, "test/f1_macro": 0.8303870558738708, "test/wqKappa": 0.9385284781455994, "test/cnt_diff": 57.0, "test/cnt_correct_diff": 26.0, "epoch": 5, "trainer/global_step": 0, "_wandb": {"runtime": 371}}