{"test/conf_matrix": {"_type": "image-file", "sha256": "83728f0ec8f90c582aa3e023a13c89d4f4d7a88bf74f8882711718d85ab22742", "size": 27797, "path": "media/images/test/conf_matrix_0_83728f0ec8f90c582aa3.png", "format": "png", "width": 1000, "height": 1000}, "_timestamp": 1661335809.1251652, "_runtime": 70.71488928794861, "_step": 1, "test/loss": 0.36475446820259094, "test/origin_acc": 0.8339622616767883, "test/new_acc": 0.8283019065856934, "test/f1_macro": 0.7980841398239136, "test/wqKappa": 0.9187126159667969, "test/cnt_diff": 100.0, "test/cnt_correct_diff": 45.0, "epoch": 7, "trainer/global_step": 0, "_wandb": {"runtime": 70}}