{"test/conf_matrix": {"_type": "image-file", "sha256": "6bbed7382f353a7a00e1b0ef5dfe93d440f91a60c84095149cd32d61706f3a73", "size": 30053, "path": "media/images/test/conf_matrix_0_6bbed7382f353a7a00e1.png", "format": "png", "width": 1000, "height": 1000}, "_timestamp": 1660150899.7212787, "_runtime": 849.3238897323608, "_step": 1, "test/loss": 0.34628796577453613, "test/origin_acc": 0.8710532188415527, "test/new_acc": 0.8635460138320923, "test/f1_macro": 0.7806465029716492, "test/wqKappa": 0.9259702563285828, "test/cnt_diff": 662.0, "test/cnt_correct_diff": 254.0, "epoch": 1, "trainer/global_step": 0, "_wandb": {"runtime": 850}}