{"test/conf_matrix": {"_type": "image-file", "sha256": "731b61d9aaba45dce262bee4d1d88b9ef4a5dc45536ed621f359a054be8470d7", "size": 30862, "path": "media/images/test/conf_matrix_0_731b61d9aaba45dce262.png", "format": "png", "width": 1000, "height": 1000}, "_timestamp": 1660301193.625823, "_runtime": 447.0531539916992, "_step": 1, "test/loss": 0.6168479919433594, "test/origin_acc": 0.7463871836662292, "test/new_acc": 0.7352707386016846, "test/f1_macro": 0.6961449980735779, "test/wqKappa": 0.6806104183197021, "test/cnt_diff": 324.0, "test/cnt_correct_diff": 121.0, "epoch": 5, "trainer/global_step": 0, "_wandb": {"runtime": 448}}