{"test/conf_matrix": {"_type": "image-file", "sha256": "eef5d92f08cd53c2a2f36e906cdb3bd1403b605085b16e1acb3b73facebf8b77", "size": 31571, "path": "media/images/test/conf_matrix_0_eef5d92f08cd53c2a2f3.png", "format": "png", "width": 1000, "height": 1000}, "_timestamp": 1660148139.277499, "_runtime": 354.73786997795105, "_step": 1, "test/loss": 0.6168479919433594, "test/origin_acc": 0.7463871836662292, "test/new_acc": 0.7359060049057007, "test/f1_macro": 0.6995794773101807, "test/wqKappa": 0.6815328001976013, "test/cnt_diff": 338.0, "test/cnt_correct_diff": 130.0, "epoch": 5, "trainer/global_step": 0, "_wandb": {"runtime": 354}}