{"test/conf_matrix": {"_type": "image-file", "sha256": "d2b18c707bf7d38d8a6eb9271fcb293ca7c834dbd51a66f00f03abbd8bef08c5", "size": 28310, "path": "media/images/test/conf_matrix_0_d2b18c707bf7d38d8a6e.png", "format": "png", "width": 1000, "height": 1000}, "_timestamp": 1661426762.4375906, "_runtime": 260.8961126804352, "_step": 1, "test/loss": 0.5796024799346924, "test/origin_acc": 0.823871910572052, "test/new_acc": 0.8219311237335205, "test/f1_macro": 0.6058846712112427, "test/wqKappa": 0.7375032901763916, "test/cnt_diff": 27.0, "test/cnt_correct_diff": 10.0, "epoch": 8, "trainer/global_step": 0, "_wandb": {"runtime": 261}}