{"test/conf_matrix": {"_type": "image-file", "sha256": "b8d812105898f15dc68fc2b1e8fe032360f67f8e0cbd0c15f8ce174b8c4905bb", "size": 27697, "path": "media/images/test/conf_matrix_0_b8d812105898f15dc68f.png", "format": "png", "width": 1000, "height": 1000}, "_timestamp": 1658876109, "_runtime": 245, "_step": 1, "test/loss": 0.6044451594352722, "test/origin_acc": 0.8281553983688354, "test/new_acc": 0.8276699185371399, "test/f1_macro": 0.622875988483429, "test/wqKappa": 0.7619590163230896, "test/cnt_diff": 5.0, "test/cnt_correct_diff": 2.0, "epoch": 7, "trainer/global_step": 0, "_wandb": {"runtime": 246}}