{"test/conf_matrix": {"_type": "image-file", "sha256": "f72f81024d56021671252fa92b86c9b02f31ab9b24996e4d0ccf3a937e01fafe", "size": 27252, "path": "media/images/test/conf_matrix_0_f72f81024d5602167125.png", "format": "png", "width": 1000, "height": 1000}, "_timestamp": 1661928797.529016, "_runtime": 195.69262290000916, "_step": 1, "test/loss": 0.31758856773376465, "test/origin_acc": 0.8759445548057556, "test/new_acc": 0.8539043068885803, "test/f1_macro": 0.8135359287261963, "test/wqKappa": 0.9305267930030823, "test/cnt_diff": 105.0, "test/cnt_correct_diff": 34.0, "epoch": 4, "trainer/global_step": 0, "_wandb": {"runtime": 195}}