{"test/conf_matrix": {"_type": "image-file", "sha256": "af3450a30c168ea163215f5f4fd03dd4224a2f4029b6f06d9b724ed553a3287c", "size": 30891, "path": "media/images/test/conf_matrix_0_af3450a30c168ea16321.png", "format": "png", "width": 1000, "height": 1000}, "_timestamp": 1660734834.4894035, "_runtime": 775.3101644515991, "_step": 1, "test/loss": 0.6168479919433594, "test/origin_acc": 0.7463871836662292, "test/new_acc": 0.7446402907371521, "test/f1_macro": 0.6987466812133789, "test/wqKappa": 0.6829959154129028, "test/cnt_diff": 62.0, "test/cnt_correct_diff": 23.0, "epoch": 5, "trainer/global_step": 0, "_wandb": {"runtime": 775}}