{"test/conf_matrix": {"_type": "image-file", "sha256": "b7379644f3cf4bf0ed31ba765c28bdb1dbff79a627beedebc9620464411ca2bc", "size": 29082, "path": "media/images/test/conf_matrix_0_b7379644f3cf4bf0ed31.png", "format": "png", "width": 1000, "height": 1000}, "_timestamp": 1660313051.6499894, "_runtime": 441.1758632659912, "_step": 1, "test/loss": 0.3462877571582794, "test/origin_acc": 0.8710532188415527, "test/new_acc": 0.8681828379631042, "test/f1_macro": 0.7846304178237915, "test/wqKappa": 0.9274821281433105, "test/cnt_diff": 385.0, "test/cnt_correct_diff": 158.0, "epoch": 1, "trainer/global_step": 0, "_wandb": {"runtime": 440}}