{"test/conf_matrix": {"_type": "image-file", "sha256": "8122bec7370d862072175b8f589ec513e0cfb1c5518f192195be75c7889e9cce", "size": 27333, "path": "media/images/test/conf_matrix_0_8122bec7370d86207217.png", "format": "png", "width": 1000, "height": 1000}, "_timestamp": 1661414626.2615442, "_runtime": 311.60920119285583, "_step": 1, "test/loss": 0.5895299315452576, "test/origin_acc": 0.8214459419250488, "test/new_acc": 0.819990336894989, "test/f1_macro": 0.6029728651046753, "test/wqKappa": 0.7258232831954956, "test/cnt_diff": 8.0, "test/cnt_correct_diff": 0.0, "epoch": 11, "trainer/global_step": 0, "_wandb": {"runtime": 314}}