{"test/conf_matrix": {"_type": "image-file", "sha256": "3002df8441e91e956b2229b1cbeef67f210ddab391848b65288ea3bea9526884", "size": 30128, "path": "media/images/test/conf_matrix_0_3002df8441e91e956b22.png", "format": "png", "width": 1000, "height": 1000}, "_timestamp": 1661434549.3345897, "_runtime": 145.17913675308228, "_step": 1, "test/loss": 2.1597023010253906, "test/origin_acc": 0.49370276927948, "test/new_acc": 0.5226700305938721, "test/f1_macro": 0.36645975708961487, "test/wqKappa": 0.5367440581321716, "test/cnt_diff": 107.0, "test/cnt_correct_diff": 66.0, "epoch": 10, "trainer/global_step": 0, "_wandb": {"runtime": 146}}