{"test/conf_matrix": {"_type": "image-file", "sha256": "c57c2a6b2fb0572a0c4c2d10a63dd34b11bd353d3c195984120bffb05967437a", "size": 30603, "path": "media/images/test/conf_matrix_0_c57c2a6b2fb0572a0c4c.png", "format": "png", "width": 1000, "height": 1000}, "_timestamp": 1661443833.5916815, "_runtime": 135.80688858032227, "_step": 1, "test/loss": 2.0962419509887695, "test/origin_acc": 0.4666246771812439, "test/new_acc": 0.4628463387489319, "test/f1_macro": 0.28656673431396484, "test/wqKappa": 0.09352177381515503, "test/cnt_diff": 53.0, "test/cnt_correct_diff": 13.0, "epoch": 3, "trainer/global_step": 0, "_wandb": {"runtime": 135}}