{"test/conf_matrix": {"_type": "image-file", "sha256": "3a456086ba25a9a159b7823db3914235e62bf4ad3ba66f48ca4e5f827ac4e7bb", "size": 26737, "path": "media/images/test/conf_matrix_0_3a456086ba25a9a159b7.png", "format": "png", "width": 1000, "height": 1000}, "_timestamp": 1661477805.1915329, "_runtime": 163.7693648338318, "_step": 1, "test/loss": 0.5137186646461487, "test/origin_acc": 0.8466019630432129, "test/new_acc": 0.8475728034973145, "test/f1_macro": 0.6372954845428467, "test/wqKappa": 0.8070953488349915, "test/cnt_diff": 11.0, "test/cnt_correct_diff": 6.0, "epoch": 10, "trainer/global_step": 0, "_wandb": {"runtime": 163}}