{"test/conf_matrix": {"_type": "image-file", "sha256": "ff16d1c785effddf7a825323dc3c49893b779b22ce81d5f490720027408ec9e6", "size": 25864, "path": "media/images/test/conf_matrix_0_ff16d1c785effddf7a82.png", "format": "png", "width": 1000, "height": 1000}, "_timestamp": 1662530649.016053, "_runtime": 147.08266806602478, "_step": 1, "test/loss": 0.3087417483329773, "test/origin_acc": 0.8916876316070557, "test/new_acc": 0.8942065238952637, "test/f1_macro": 0.8589068651199341, "test/wqKappa": 0.9502097368240356, "test/cnt_diff": 7.0, "test/cnt_correct_diff": 5.0, "epoch": 8, "trainer/global_step": 0, "_wandb": {"runtime": 147}}