{"test/conf_matrix": {"_type": "image-file", "sha256": "39dfffd2be8a5eb055b8b9c52318b3a6ae7b24a70c3b6849193194206dd859c3", "size": 31443, "path": "media/images/test/conf_matrix_0_39dfffd2be8a5eb055b8.png", "format": "png", "width": 1000, "height": 1000}, "_timestamp": 1660145427.0209382, "_runtime": 346.98962211608887, "_step": 1, "test/loss": 0.6168479919433594, "test/origin_acc": 0.7463871836662292, "test/new_acc": 0.7395585179328918, "test/f1_macro": 0.6957591772079468, "test/wqKappa": 0.6800073385238647, "test/cnt_diff": 122.0, "test/cnt_correct_diff": 34.0, "epoch": 5, "trainer/global_step": 0, "_wandb": {"runtime": 346}}