{"test/conf_matrix": {"_type": "image-file", "sha256": "1317f4a10b9a854f327fed3958fe0248b3231d45d7563abc7bec1fd69e74e926", "size": 31574, "path": "media/images/test/conf_matrix_0_1317f4a10b9a854f327f.png", "format": "png", "width": 1000, "height": 1000}, "_timestamp": 1660150124.7121837, "_runtime": 356.6729748249054, "_step": 1, "test/loss": 0.6168479919433594, "test/origin_acc": 0.7463871836662292, "test/new_acc": 0.7363824248313904, "test/f1_macro": 0.701659083366394, "test/wqKappa": 0.6825520396232605, "test/cnt_diff": 347.0, "test/cnt_correct_diff": 136.0, "epoch": 5, "trainer/global_step": 0, "_wandb": {"runtime": 357}}