{"test/conf_matrix": {"_type": "image-file", "sha256": "f838aecb114de84a067fbc233b04b727ba5696d9bc0c6c0ce07c02167d9c7eea", "size": 26604, "path": "media/images/test/conf_matrix_0_f838aecb114de84a067f.png", "format": "png", "width": 1000, "height": 1000}, "_timestamp": 1661926147.5958676, "_runtime": 194.43733954429626, "_step": 1, "test/loss": 0.31758856773376465, "test/origin_acc": 0.8759445548057556, "test/new_acc": 0.8620907068252563, "test/f1_macro": 0.8231228590011597, "test/wqKappa": 0.9344006776809692, "test/cnt_diff": 83.0, "test/cnt_correct_diff": 30.0, "epoch": 4, "trainer/global_step": 0, "_wandb": {"runtime": 190}}