{"test/conf_matrix": {"_type": "image-file", "sha256": "51c09ccbbb0746098265bb4e2ffead6638a3a5d605654bfe8bac9270c3cdfb43", "size": 27321, "path": "media/images/test/conf_matrix_0_51c09ccbbb0746098265.png", "format": "png", "width": 1000, "height": 1000}, "_timestamp": 1661335336.4589918, "_runtime": 70.80418276786804, "_step": 1, "test/loss": 0.36475446820259094, "test/origin_acc": 0.8339622616767883, "test/new_acc": 0.8345912098884583, "test/f1_macro": 0.7964953780174255, "test/wqKappa": 0.9221250414848328, "test/cnt_diff": 5.0, "test/cnt_correct_diff": 3.0, "epoch": 7, "trainer/global_step": 0, "_wandb": {"runtime": 70}}