{"test/conf_matrix": {"_type": "image-file", "sha256": "768262ecba3a9da7f9b00b9fe0c8a76b973ff7f4f4e174d3829ba381125aff3e", "size": 26705, "path": "media/images/test/conf_matrix_0_768262ecba3a9da7f9b0.png", "format": "png", "width": 1000, "height": 1000}, "_timestamp": 1661477917.0243945, "_runtime": 152.22251749038696, "_step": 1, "test/loss": 0.557793915271759, "test/origin_acc": 0.8131067752838135, "test/new_acc": 0.7902912497520447, "test/f1_macro": 0.5891649723052979, "test/wqKappa": 0.7424013614654541, "test/cnt_diff": 122.0, "test/cnt_correct_diff": 33.0, "epoch": 2, "trainer/global_step": 0, "_wandb": {"runtime": 151}}