{"test/conf_matrix": {"_type": "image-file", "sha256": "7a0ba9fbb9f7af0c580c83737b16f08a7e771de602ac7d21a221219e1e2bf5aa", "size": 30135, "path": "media/images/test/conf_matrix_0_7a0ba9fbb9f7af0c580c.png", "format": "png", "width": 1000, "height": 1000}, "_timestamp": 1661426869.071872, "_runtime": 331.5376501083374, "_step": 1, "test/loss": 1.9362478256225586, "test/origin_acc": 0.5440806150436401, "test/new_acc": 0.5182619690895081, "test/f1_macro": 0.35743066668510437, "test/wqKappa": 0.486661434173584, "test/cnt_diff": 209.0, "test/cnt_correct_diff": 56.0, "epoch": 11, "trainer/global_step": 0, "_wandb": {"runtime": 331}}