{"test/conf_matrix": {"_type": "image-file", "sha256": "245c391eee8ffb8aac6fa003fe1784c9db3f34b046a7785450719634466c3256", "size": 27721, "path": "media/images/test/conf_matrix_0_245c391eee8ffb8aac6f.png", "format": "png", "width": 1000, "height": 1000}, "_timestamp": 1661401678.2275162, "_runtime": 117.9240140914917, "_step": 1, "test/loss": 0.5979331135749817, "test/origin_acc": 0.8136826753616333, "test/new_acc": 0.7947598099708557, "test/f1_macro": 0.5817813873291016, "test/wqKappa": 0.7264702320098877, "test/cnt_diff": 165.0, "test/cnt_correct_diff": 54.0, "epoch": 15, "trainer/global_step": 0, "_wandb": {"runtime": 118}}