{"test/conf_matrix": {"_type": "image-file", "sha256": "6f552e643dd27ab04fb8527eb302405707ad7dac3e263a05ce9c7bfdff64a8ac", "size": 31477, "path": "media/images/test/conf_matrix_0_6f552e643dd27ab04fb8.png", "format": "png", "width": 1000, "height": 1000}, "_timestamp": 1660304697.2227125, "_runtime": 691.6221394538879, "_step": 1, "test/loss": 0.6168479919433594, "test/origin_acc": 0.7463871836662292, "test/new_acc": 0.7449579238891602, "test/f1_macro": 0.69920814037323, "test/wqKappa": 0.6838880777359009, "test/cnt_diff": 18.0, "test/cnt_correct_diff": 3.0, "epoch": 5, "trainer/global_step": 0, "_wandb": {"runtime": 693}}