{"test/conf_matrix": {"_type": "image-file", "sha256": "1682f144938745fdbfdb0b8872ae74fdf625615470e97ed488df2205bcdc79d8", "size": 30292, "path": "media/images/test/conf_matrix_0_1682f144938745fdbfdb.png", "format": "png", "width": 1000, "height": 1000}, "_timestamp": 1661453540.504918, "_runtime": 135.29622507095337, "_step": 1, "test/loss": 0.8180785775184631, "test/origin_acc": 0.6161831021308899, "test/new_acc": 0.5857513546943665, "test/f1_macro": 0.509374737739563, "test/wqKappa": 0.5054606199264526, "test/cnt_diff": 863.0, "test/cnt_correct_diff": 312.0, "epoch": 5, "trainer/global_step": 0, "_wandb": {"runtime": 135}}