{"test/conf_matrix": {"_type": "image-file", "sha256": "cae6038acdb34647d73c77b1571a608e4829a0da9b0a875ad4fb750188534efb", "size": 27886, "path": "media/images/test/conf_matrix_0_cae6038acdb34647d73c.png", "format": "png", "width": 1000, "height": 1000}, "_timestamp": 1661336002.2539387, "_runtime": 72.86889457702637, "_step": 1, "test/loss": 0.36475446820259094, "test/origin_acc": 0.8339622616767883, "test/new_acc": 0.8276730179786682, "test/f1_macro": 0.7982114553451538, "test/wqKappa": 0.9184691309928894, "test/cnt_diff": 107.0, "test/cnt_correct_diff": 48.0, "epoch": 7, "trainer/global_step": 0, "_wandb": {"runtime": 71}}