{"test/conf_matrix": {"_type": "image-file", "sha256": "3d34cf845fbaafb79ad8da43a87b8e8028da81bf0b28ab5bf8d2a721cd77534c", "size": 26888, "path": "media/images/test/conf_matrix_0_3d34cf845fbaafb79ad8.png", "format": "png", "width": 1000, "height": 1000}, "_timestamp": 1661879315.789191, "_runtime": 235.1260530948639, "_step": 1, "test/loss": 0.33733710646629333, "test/origin_acc": 0.8570529222488403, "test/new_acc": 0.8494962453842163, "test/f1_macro": 0.7914619445800781, "test/wqKappa": 0.9293426275253296, "test/cnt_diff": 82.0, "test/cnt_correct_diff": 34.0, "epoch": 2, "trainer/global_step": 0, "_wandb": {"runtime": 234}}