{"test/conf_matrix": {"_type": "image-file", "sha256": "cb2bd44f2e58e8fbccbc33baec28ce738115c6db69e8e2dcedc3077f47e44db8", "size": 29457, "path": "media/images/test/conf_matrix_0_cb2bd44f2e58e8fbccbc.png", "format": "png", "width": 1000, "height": 1000}, "_timestamp": 1661437790.8092177, "_runtime": 431.69444966316223, "_step": 1, "test/loss": 0.6964133977890015, "test/origin_acc": 0.6936511397361755, "test/new_acc": 0.6738258004188538, "test/f1_macro": 0.6020182967185974, "test/wqKappa": 0.6112124919891357, "test/cnt_diff": 724.0, "test/cnt_correct_diff": 306.0, "epoch": 8, "trainer/global_step": 0, "_wandb": {"runtime": 432}}