{"test/conf_matrix": {"_type": "image-file", "sha256": "9a101898a1c080486995ac96039540c382dea403614ed70101ea39e516c8e746", "size": 27446, "path": "media/images/test/conf_matrix_0_9a101898a1c080486995.png", "format": "png", "width": 1000, "height": 1000}, "_timestamp": 1661355969.3188672, "_runtime": 240.7532660961151, "_step": 1, "test/loss": 0.3092154264450073, "test/origin_acc": 0.8753148317337036, "test/new_acc": 0.8759445548057556, "test/f1_macro": 0.8404496908187866, "test/wqKappa": 0.9392896890640259, "test/cnt_diff": 1.0, "test/cnt_correct_diff": 1.0, "epoch": 11, "trainer/global_step": 0, "_wandb": {"runtime": 240}}