{"test/conf_matrix": {"_type": "image-file", "sha256": "6f6a666b1bd86d71601b22dbe5b11b69dc260edb5ee02ba92a5d11955e068b07", "size": 30997, "path": "media/images/test/conf_matrix_0_6f6a666b1bd86d71601b.png", "format": "png", "width": 1000, "height": 1000}, "_timestamp": 1660659320.1209736, "_runtime": 736.4213466644287, "_step": 1, "test/loss": 0.6168479919433594, "test/origin_acc": 0.7463871836662292, "test/new_acc": 0.7351119518280029, "test/f1_macro": 0.6980656385421753, "test/wqKappa": 0.6866371631622314, "test/cnt_diff": 354.0, "test/cnt_correct_diff": 137.0, "epoch": 5, "trainer/global_step": 0, "_wandb": {"runtime": 738}}