{"test/conf_matrix": {"_type": "image-file", "sha256": "53db49442d3d36bf13fa26e4d2cbfeda513ac097d4f0fa45dcbe71d45927845d", "size": 30190, "path": "media/images/test/conf_matrix_0_53db49442d3d36bf13fa.png", "format": "png", "width": 1000, "height": 1000}, "_timestamp": 1661411658.6873364, "_runtime": 527.2567565441132, "_step": 1, "test/loss": 2.093094825744629, "test/origin_acc": 0.5560453534126282, "test/new_acc": 0.5869017839431763, "test/f1_macro": 0.39432889223098755, "test/wqKappa": 0.5582984685897827, "test/cnt_diff": 279.0, "test/cnt_correct_diff": 132.0, "epoch": 11, "trainer/global_step": 0, "_wandb": {"runtime": 527}}