{"test/conf_matrix": {"_type": "image-file", "sha256": "149c4b22b61a98cef6397c47ac99609ec9c9e27eb6e1fc3d30c881a27f46bfdc", "size": 27320, "path": "media/images/test/conf_matrix_0_149c4b22b61a98cef639.png", "format": "png", "width": 1000, "height": 1000}, "_timestamp": 1661415811.9667256, "_runtime": 433.71767950057983, "_step": 1, "test/loss": 0.5895299315452576, "test/origin_acc": 0.8214459419250488, "test/new_acc": 0.8190199136734009, "test/f1_macro": 0.6027438640594482, "test/wqKappa": 0.726371169090271, "test/cnt_diff": 32.0, "test/cnt_correct_diff": 10.0, "epoch": 11, "trainer/global_step": 0, "_wandb": {"runtime": 437}}