{"test/conf_matrix": {"_type": "image-file", "sha256": "a091897906ae4af3fcff3d7791ae19d8a6100b9166261dc9a74bda585b450578", "size": 27466, "path": "media/images/test/conf_matrix_0_a091897906ae4af3fcff.png", "format": "png", "width": 1000, "height": 1000}, "_timestamp": 1661348152.3323472, "_runtime": 259.96591305732727, "_step": 1, "test/loss": 0.3830234110355377, "test/origin_acc": 0.8283019065856934, "test/new_acc": 0.7591195106506348, "test/f1_macro": 0.7318284511566162, "test/wqKappa": 0.8957929015159607, "test/cnt_diff": 257.0, "test/cnt_correct_diff": 71.0, "epoch": 15, "trainer/global_step": 0, "_wandb": {"runtime": 260}}