{"test/conf_matrix": {"_type": "image-file", "sha256": "922fa3057ba93c6c814d9f515f21b1367e044f1580de5ec367999e24a69de347", "size": 28712, "path": "media/images/test/conf_matrix_0_922fa3057ba93c6c814d.png", "format": "png", "width": 1000, "height": 1000}, "_timestamp": 1661325359.9744215, "_runtime": 75.6526734828949, "_step": 1, "test/loss": 0.5756698250770569, "test/origin_acc": 0.7811321020126343, "test/new_acc": 0.5962263941764832, "test/f1_macro": 0.5636838674545288, "test/wqKappa": 0.704208493232727, "test/cnt_diff": 477.0, "test/cnt_correct_diff": 75.0, "epoch": 8, "trainer/global_step": 0, "_wandb": {"runtime": 75}}