{"test/conf_matrix": {"_type": "image-file", "sha256": "876ab5a6b2defdadf653adba0226b4ad09667ff9e29e1bd259dcde5321704f12", "size": 30835, "path": "media/images/test/conf_matrix_0_876ab5a6b2defdadf653.png", "format": "png", "width": 1000, "height": 1000}, "_timestamp": 1661459983.1630192, "_runtime": 133.6450982093811, "_step": 1, "test/loss": 0.7218735218048096, "test/origin_acc": 0.6959188580513, "test/new_acc": 0.6919084787368774, "test/f1_macro": 0.6042133569717407, "test/wqKappa": 0.6178631782531738, "test/cnt_diff": 438.0, "test/cnt_correct_diff": 202.0, "epoch": 7, "trainer/global_step": 0, "_wandb": {"runtime": 133}}