{"test/conf_matrix": {"_type": "image-file", "sha256": "6777a8bda2b2c608f443135a8c62f9f217fd49e04c655ed65a7ddac3cbc131d7", "size": 27559, "path": "media/images/test/conf_matrix_0_6777a8bda2b2c608f443.png", "format": "png", "width": 1000, "height": 1000}, "_timestamp": 1661339127.0847747, "_runtime": 106.46591472625732, "_step": 1, "test/loss": 0.3532443344593048, "test/origin_acc": 0.8658690452575684, "test/new_acc": 0.8646095991134644, "test/f1_macro": 0.83046954870224, "test/wqKappa": 0.9325157403945923, "test/cnt_diff": 3.0, "test/cnt_correct_diff": 0.0, "epoch": 17, "trainer/global_step": 0, "_wandb": {"runtime": 105}}