{"test/conf_matrix": {"_type": "image-file", "sha256": "ec662b9124f5c77a031bcabcddc85f0a8235ef298bc2c8ce38390d905f9dd046", "size": 28951, "path": "media/images/test/conf_matrix_0_ec662b9124f5c77a031b.png", "format": "png", "width": 1000, "height": 1000}, "_timestamp": 1661435928.43424, "_runtime": 126.86741805076599, "_step": 1, "test/loss": 2.1597023010253906, "test/origin_acc": 0.49370276927948, "test/new_acc": 0.501259446144104, "test/f1_macro": 0.3378022313117981, "test/wqKappa": 0.5095233917236328, "test/cnt_diff": 61.0, "test/cnt_correct_diff": 27.0, "epoch": 10, "trainer/global_step": 0, "_wandb": {"runtime": 127}}