{"test/conf_matrix": {"_type": "image-file", "sha256": "58c10c4ae03b9cdb8b2ec9aa8eeb9f333f498ea67f8de7f39bcbe4cdf2366efd", "size": 30804, "path": "media/images/test/conf_matrix_0_58c10c4ae03b9cdb8b2e.png", "format": "png", "width": 1000, "height": 1000}, "_timestamp": 1661420477.796164, "_runtime": 300.56234908103943, "_step": 1, "test/loss": 2.3457894325256348, "test/origin_acc": 0.4401763081550598, "test/new_acc": 0.3501259386539459, "test/f1_macro": 0.2602084279060364, "test/wqKappa": 0.3439648151397705, "test/cnt_diff": 1061.0, "test/cnt_correct_diff": 309.0, "epoch": 2, "trainer/global_step": 0, "_wandb": {"runtime": 301}}