{"test/conf_matrix": {"_type": "image-file", "sha256": "35c16c3d937562e700164cd19cc80dc6537ec4eef5f5e0e8a53140d8351f73b2", "size": 28903, "path": "media/images/test/conf_matrix_0_35c16c3d937562e70016.png", "format": "png", "width": 1000, "height": 1000}, "_timestamp": 1660299450.6900845, "_runtime": 282.45104241371155, "_step": 1, "test/loss": 0.8469985723495483, "test/origin_acc": 0.6933962106704712, "test/new_acc": 0.6924528479576111, "test/f1_macro": 0.624832034111023, "test/wqKappa": 0.6195099353790283, "test/cnt_diff": 67.0, "test/cnt_correct_diff": 28.0, "epoch": 7, "trainer/global_step": 0, "_wandb": {"runtime": 283}}