{"test/conf_matrix": {"_type": "image-file", "sha256": "a82f8e4002989558a5630510c370983e3b556ea8c148d14b6ff3e7e47b0c8fe9", "size": 28045, "path": "media/images/test/conf_matrix_0_a82f8e4002989558a563.png", "format": "png", "width": 1000, "height": 1000}, "_timestamp": 1661335431.1717448, "_runtime": 70.61395478248596, "_step": 1, "test/loss": 0.36475446820259094, "test/origin_acc": 0.8339622616767883, "test/new_acc": 0.8358490467071533, "test/f1_macro": 0.8001561164855957, "test/wqKappa": 0.9219129085540771, "test/cnt_diff": 32.0, "test/cnt_correct_diff": 17.0, "epoch": 7, "trainer/global_step": 0, "_wandb": {"runtime": 70}}