{"test/conf_matrix": {"_type": "image-file", "sha256": "229e306ad99f0949b122f0de9a9ab9d087efec8df402eaa928260b29c4005a48", "size": 28041, "path": "media/images/test/conf_matrix_0_229e306ad99f0949b122.png", "format": "png", "width": 1000, "height": 1000}, "_timestamp": 1660726123.5686386, "_runtime": 175.30857348442078, "_step": 1, "test/loss": 0.5653321146965027, "test/origin_acc": 0.8330907821655273, "test/new_acc": 0.8369723558425903, "test/f1_macro": 0.6331956386566162, "test/wqKappa": 0.7771428823471069, "test/cnt_diff": 28.0, "test/cnt_correct_diff": 16.0, "epoch": 12, "trainer/global_step": 0, "_wandb": {"runtime": 174}}