{"test/conf_matrix": {"_type": "image-file", "sha256": "c329cd55cf8a8da8a377499cc5602cf153736a8169f1a4c7d33fb8341f325fc2", "size": 27357, "path": "media/images/test/conf_matrix_0_c329cd55cf8a8da8a377.png", "format": "png", "width": 1000, "height": 1000}, "_timestamp": 1661338319.1720922, "_runtime": 128.78176927566528, "_step": 1, "test/loss": 0.3532443344593048, "test/origin_acc": 0.8658690452575684, "test/new_acc": 0.8539043068885803, "test/f1_macro": 0.8238763809204102, "test/wqKappa": 0.9294570088386536, "test/cnt_diff": 79.0, "test/cnt_correct_diff": 29.0, "epoch": 17, "trainer/global_step": 0, "_wandb": {"runtime": 128}}