{"test/conf_matrix": {"_type": "image-file", "sha256": "038434aa40861a9fba18235723fb1ef2d796c69a7c8832ed112724497d61c10d", "size": 31381, "path": "media/images/test/conf_matrix_0_038434aa40861a9fba18.png", "format": "png", "width": 1000, "height": 1000}, "_timestamp": 1660656382.694814, "_runtime": 669.0608088970184, "_step": 1, "test/loss": 0.6168479919433594, "test/origin_acc": 0.7463871836662292, "test/new_acc": 0.7440050840377808, "test/f1_macro": 0.6980056762695312, "test/wqKappa": 0.6816064715385437, "test/cnt_diff": 32.0, "test/cnt_correct_diff": 6.0, "epoch": 5, "trainer/global_step": 0, "_wandb": {"runtime": 669}}