{"test/conf_matrix": {"_type": "image-file", "sha256": "9485a4740d32e67e008b5a67aecd077b5a01ed6464588fc4979a770fd292aab6", "size": 31720, "path": "media/images/test/conf_matrix_0_9485a4740d32e67e008b.png", "format": "png", "width": 1000, "height": 1000}, "_timestamp": 1661452744.4587681, "_runtime": 133.2201840877533, "_step": 1, "test/loss": 0.8180785775184631, "test/origin_acc": 0.6161831021308899, "test/new_acc": 0.6065109968185425, "test/f1_macro": 0.551302433013916, "test/wqKappa": 0.5224332809448242, "test/cnt_diff": 566.0, "test/cnt_correct_diff": 226.0, "epoch": 5, "trainer/global_step": 0, "_wandb": {"runtime": 132}}