{"test/conf_matrix": {"_type": "image-file", "sha256": "2eb29b229a010c3063781a4430e3bc19b6ea291f6c1055d41a15e0400a698010", "size": 30729, "path": "media/images/test/conf_matrix_0_2eb29b229a010c306378.png", "format": "png", "width": 1000, "height": 1000}, "_timestamp": 1660736393.9062517, "_runtime": 1349.008989572525, "_step": 1, "test/loss": 0.6168479919433594, "test/origin_acc": 0.7463871836662292, "test/new_acc": 0.7449579238891602, "test/f1_macro": 0.6974666714668274, "test/wqKappa": 0.680561900138855, "test/cnt_diff": 272.0, "test/cnt_correct_diff": 125.0, "epoch": 5, "trainer/global_step": 0, "_wandb": {"runtime": 1348}}