{"test/conf_matrix": {"_type": "image-file", "sha256": "882e95fdd74811425e54c0e923ce63709956b04c0e96ec724782b12bc9276901", "size": 28818, "path": "media/images/test/conf_matrix_0_882e95fdd74811425e54.png", "format": "png", "width": 1000, "height": 1000}, "_timestamp": 1661413239.680682, "_runtime": 163.24259185791016, "_step": 1, "test/loss": 0.6313098073005676, "test/origin_acc": 0.7738962173461914, "test/new_acc": 0.7481805086135864, "test/f1_macro": 0.5462638139724731, "test/wqKappa": 0.6602777242660522, "test/cnt_diff": 173.0, "test/cnt_correct_diff": 49.0, "epoch": 2, "trainer/global_step": 0, "_wandb": {"runtime": 162}}