{"test/conf_matrix": {"_type": "image-file", "sha256": "d975cf22c1dbbeb2e7f7ab7d4d795149dfa4c7fe7cd41df7635529e897415826", "size": 28043, "path": "media/images/test/conf_matrix_0_d975cf22c1dbbeb2e7f7.png", "format": "png", "width": 1000, "height": 1000}, "_timestamp": 1661924876.0951009, "_runtime": 251.62535786628723, "_step": 1, "test/loss": 0.31758856773376465, "test/origin_acc": 0.8759445548057556, "test/new_acc": 0.7984886765480042, "test/f1_macro": 0.7545129060745239, "test/wqKappa": 0.9063514471054077, "test/cnt_diff": 223.0, "test/cnt_correct_diff": 46.0, "epoch": 4, "trainer/global_step": 0, "_wandb": {"runtime": 252}}