{"test/conf_matrix": {"_type": "image-file", "sha256": "4f2effdd8476b5b150da0eaf8985cdb04a6e996e62556bb91403bb5a35de9882", "size": 30644, "path": "media/images/test/conf_matrix_0_4f2effdd8476b5b150da.png", "format": "png", "width": 1000, "height": 1000}, "_timestamp": 1661441824.8896499, "_runtime": 388.1916289329529, "_step": 1, "test/loss": 0.714397668838501, "test/origin_acc": 0.6908189654350281, "test/new_acc": 0.698135495185852, "test/f1_macro": 0.5783553123474121, "test/wqKappa": 0.5827932953834534, "test/cnt_diff": 164.0, "test/cnt_correct_diff": 88.0, "epoch": 3, "trainer/global_step": 0, "_wandb": {"runtime": 388}}