{"test/conf_matrix": {"_type": "image-file", "sha256": "f51ab5c1436b65bdfe1ad7c1efed7c64a3de809259c9e3094c6a79240349ebeb", "size": 31710, "path": "media/images/test/conf_matrix_0_f51ab5c1436b65bdfe1a.png", "format": "png", "width": 1000, "height": 1000}, "_timestamp": 1660147739.2299633, "_runtime": 355.9265034198761, "_step": 1, "test/loss": 0.6168479919433594, "test/origin_acc": 0.7463871836662292, "test/new_acc": 0.7382880449295044, "test/f1_macro": 0.7003525495529175, "test/wqKappa": 0.6836569905281067, "test/cnt_diff": 278.0, "test/cnt_correct_diff": 108.0, "epoch": 5, "trainer/global_step": 0, "_wandb": {"runtime": 355}}