{"test/conf_matrix": {"_type": "image-file", "sha256": "534092ba4a229f9fa0478a58f314e85e4b871de4030b57fba016852e293b2a2f", "size": 26923, "path": "media/images/test/conf_matrix_0_534092ba4a229f9fa047.png", "format": "png", "width": 1000, "height": 1000}, "_timestamp": 1661337254.4790673, "_runtime": 72.30968737602234, "_step": 1, "test/loss": 0.36290663480758667, "test/origin_acc": 0.8465409278869629, "test/new_acc": 0.8415094614028931, "test/f1_macro": 0.8044455051422119, "test/wqKappa": 0.9248377680778503, "test/cnt_diff": 81.0, "test/cnt_correct_diff": 36.0, "epoch": 7, "trainer/global_step": 0, "_wandb": {"runtime": 71}}