{"test/conf_matrix": {"_type": "image-file", "sha256": "2241dee89137819a9c981e54f743a1f8f87b85d6551f2da3fccefe91e796ea4c", "size": 26583, "path": "media/images/test/conf_matrix_0_2241dee89137819a9c98.png", "format": "png", "width": 1000, "height": 1000}, "_timestamp": 1661903820.2461755, "_runtime": 177.59996843338013, "_step": 1, "test/loss": 0.30694741010665894, "test/origin_acc": 0.8765742778778076, "test/new_acc": 0.8759445548057556, "test/f1_macro": 0.8349182605743408, "test/wqKappa": 0.9411271810531616, "test/cnt_diff": 1.0, "test/cnt_correct_diff": 0.0, "epoch": 6, "trainer/global_step": 0, "_wandb": {"runtime": 178}}