{"test/conf_matrix": {"_type": "image-file", "sha256": "a8c57022c680ffd82a8b31f55dcdf1a0d068d25b71691d6367386ddd46350bf7", "size": 30113, "path": "media/images/test/conf_matrix_0_a8c57022c680ffd82a8b.png", "format": "png", "width": 1000, "height": 1000}, "_timestamp": 1661432988.724939, "_runtime": 102.5557701587677, "_step": 1, "test/loss": 2.1025230884552, "test/origin_acc": 0.5195214152336121, "test/new_acc": 0.5698992609977722, "test/f1_macro": 0.3990795314311981, "test/wqKappa": 0.5947190523147583, "test/cnt_diff": 157.0, "test/cnt_correct_diff": 105.0, "epoch": 8, "trainer/global_step": 0, "_wandb": {"runtime": 102}}