{"test/conf_matrix": {"_type": "image-file", "sha256": "506d017cd2f5619808e3ac134499c83f8603105d3818901fc09eb51028108e82", "size": 28257, "path": "media/images/test/conf_matrix_0_506d017cd2f5619808e3.png", "format": "png", "width": 1000, "height": 1000}, "_timestamp": 1660713480.1296377, "_runtime": 235.96845269203186, "_step": 1, "test/loss": 0.5653321146965027, "test/origin_acc": 0.8330907821655273, "test/new_acc": 0.8345463871955872, "test/f1_macro": 0.6313012838363647, "test/wqKappa": 0.7734362483024597, "test/cnt_diff": 26.0, "test/cnt_correct_diff": 12.0, "epoch": 12, "trainer/global_step": 0, "_wandb": {"runtime": 236}}