{"test/loss": 0.9366510510444641, "test/acc": 0.748110830783844, "test/f1_macro": 0.4448157846927643, "test/wqKappa": 0.8634803295135498, "epoch": 17, "trainer/global_step": 0, "_timestamp": 1656337851, "_runtime": 98, "_step": 0, "_wandb": {"runtime": 99}}