{"test/conf_matrix": {"_type": "image-file", "sha256": "2a227d3244cc22aeb6ceeef5db84459701695863be306d282533a02f1f80c410", "size": 26781, "path": "media/images/test/conf_matrix_0_2a227d3244cc22aeb6ce.png", "format": "png", "width": 1000, "height": 1000}, "_timestamp": 1661479799.5540192, "_runtime": 127.96710729598999, "_step": 1, "test/loss": 0.5793511271476746, "test/origin_acc": 0.832524299621582, "test/new_acc": 0.8286407589912415, "test/f1_macro": 0.6263079643249512, "test/wqKappa": 0.7824076414108276, "test/cnt_diff": 33.0, "test/cnt_correct_diff": 10.0, "epoch": 11, "trainer/global_step": 0, "_wandb": {"runtime": 128}}