{"test/conf_matrix": {"_type": "image-file", "sha256": "bf979d547d2bb75f232209cbc4da28011ddbb2fe21952daa0e3e3eab4411f7ee", "size": 28162, "path": "media/images/test/conf_matrix_0_bf979d547d2bb75f2322.png", "format": "png", "width": 1000, "height": 1000}, "_timestamp": 1660724424.1365335, "_runtime": 200.14951348304749, "_step": 1, "test/loss": 0.5653321146965027, "test/origin_acc": 0.8330907821655273, "test/new_acc": 0.836001992225647, "test/f1_macro": 0.6326708793640137, "test/wqKappa": 0.7776474952697754, "test/cnt_diff": 20.0, "test/cnt_correct_diff": 12.0, "epoch": 12, "trainer/global_step": 0, "_wandb": {"runtime": 200}}