{"test/conf_matrix": {"_type": "image-file", "sha256": "7fd9ca5d018d3098a56c34b3b31c95ce73ac3679451463ec725e685396306a6a", "size": 26836, "path": "media/images/test/conf_matrix_0_7fd9ca5d018d3098a56c.png", "format": "png", "width": 1000, "height": 1000}, "_timestamp": 1661358495.593096, "_runtime": 140.57034993171692, "_step": 1, "test/loss": 0.3092154264450073, "test/origin_acc": 0.8753148317337036, "test/new_acc": 0.8715365529060364, "test/f1_macro": 0.838915228843689, "test/wqKappa": 0.9383832812309265, "test/cnt_diff": 45.0, "test/cnt_correct_diff": 19.0, "epoch": 11, "trainer/global_step": 0, "_wandb": {"runtime": 140}}