{"test/conf_matrix": {"_type": "image-file", "sha256": "37456ee2747ccbeb3e5550c6f7fad8720aaebca7c322d103a67badc8d458e8d6", "size": 27608, "path": "media/images/test/conf_matrix_0_37456ee2747ccbeb3e55.png", "format": "png", "width": 1000, "height": 1000}, "_timestamp": 1661330042.063032, "_runtime": 106.34934902191162, "_step": 1, "test/loss": 0.46994638442993164, "test/origin_acc": 0.8075471520423889, "test/new_acc": 0.7792452573776245, "test/f1_macro": 0.7310872077941895, "test/wqKappa": 0.8917187452316284, "test/cnt_diff": 82.0, "test/cnt_correct_diff": 16.0, "epoch": 8, "trainer/global_step": 0, "_wandb": {"runtime": 106}}