{"test/conf_matrix": {"_type": "image-file", "sha256": "ab0a029b202e504f242d24aaa29a570a812b0c40585b51832f92f157c3555ac4", "size": 27265, "path": "media/images/test/conf_matrix_0_ab0a029b202e504f242d.png", "format": "png", "width": 1000, "height": 1000}, "_timestamp": 1660137964.7813332, "_runtime": 286.0075261592865, "_step": 1, "test/loss": 0.3087417483329773, "test/origin_acc": 0.8916876316070557, "test/new_acc": 0.8507556915283203, "test/f1_macro": 0.7863276600837708, "test/wqKappa": 0.9272224307060242, "test/cnt_diff": 123.0, "test/cnt_correct_diff": 26.0, "epoch": 8, "trainer/global_step": 0, "_wandb": {"runtime": 290}}