{"test/conf_matrix": {"_type": "image-file", "sha256": "d3e185d0b33a6966cd0f3c7638747c78264c7233b4171eddf585d4b8827c7841", "size": 27637, "path": "media/images/test/conf_matrix_0_d3e185d0b33a6966cd0f.png", "format": "png", "width": 1000, "height": 1000}, "_timestamp": 1661487463.471731, "_runtime": 124.35074806213379, "_step": 1, "test/loss": 0.567625880241394, "test/origin_acc": 0.825728178024292, "test/new_acc": 0.8266990184783936, "test/f1_macro": 0.6290915608406067, "test/wqKappa": 0.7808797359466553, "test/cnt_diff": 75.0, "test/cnt_correct_diff": 36.0, "epoch": 5, "trainer/global_step": 0, "_wandb": {"runtime": 124}}