{"test/conf_matrix": {"_type": "image-file", "sha256": "6fcad7cb81c136bf9e2c803a8845193c2d7a36994a5d581e6d1adf2fd2717285", "size": 27508, "path": "media/images/test/conf_matrix_0_6fcad7cb81c136bf9e2c.png", "format": "png", "width": 1000, "height": 1000}, "_timestamp": 1661340323.780356, "_runtime": 175.24427890777588, "_step": 1, "test/loss": 0.3830234110355377, "test/origin_acc": 0.8283019065856934, "test/new_acc": 0.7616352438926697, "test/f1_macro": 0.7337448596954346, "test/wqKappa": 0.896753191947937, "test/cnt_diff": 251.0, "test/cnt_correct_diff": 70.0, "epoch": 15, "trainer/global_step": 0, "_wandb": {"runtime": 175}}