{"test/conf_matrix": {"_type": "image-file", "sha256": "a9d3c45a063ba415ca81859d5890adc995c5ac0c8f243903a115bb81e2008e72", "size": 26324, "path": "media/images/test/conf_matrix_0_a9d3c45a063ba415ca81.png", "format": "png", "width": 1000, "height": 1000}, "_timestamp": 1660664807.4756691, "_runtime": 267.1598632335663, "_step": 1, "test/loss": 0.3087417483329773, "test/origin_acc": 0.8916876316070557, "test/new_acc": 0.8910579085350037, "test/f1_macro": 0.8522250652313232, "test/wqKappa": 0.9471551775932312, "test/cnt_diff": 17.0, "test/cnt_correct_diff": 8.0, "epoch": 8, "trainer/global_step": 0, "_wandb": {"runtime": 267}}