{"test/conf_matrix": {"_type": "image-file", "sha256": "53777a8691130894ffc21f2611085ccd926c38cb28d8fa069c0d12806e77f024", "size": 27538, "path": "media/images/test/conf_matrix_0_53777a8691130894ffc2.png", "format": "png", "width": 1000, "height": 1000}, "_timestamp": 1661338659.8354876, "_runtime": 79.25789165496826, "_step": 1, "test/loss": 0.3532443344593048, "test/origin_acc": 0.8658690452575684, "test/new_acc": 0.8570529222488403, "test/f1_macro": 0.8253989219665527, "test/wqKappa": 0.9306130409240723, "test/cnt_diff": 58.0, "test/cnt_correct_diff": 21.0, "epoch": 17, "trainer/global_step": 0, "_wandb": {"runtime": 79}}