{"test/conf_matrix": {"_type": "image-file", "sha256": "bea3edda3529f9e49528a1a43293a591a85f6f65fe51a8b9f571d52cd504a8f3", "size": 29894, "path": "media/images/test/conf_matrix_0_bea3edda3529f9e49528.png", "format": "png", "width": 1000, "height": 1000}, "_timestamp": 1658785786, "_runtime": 1405, "_step": 1, "test/loss": 0.7740350365638733, "test/origin_acc": 0.6854648590087891, "test/new_acc": 0.6857007741928101, "test/f1_macro": 0.6043159365653992, "test/wqKappa": 0.5758723616600037, "epoch": 4, "trainer/global_step": 0, "_wandb": {"runtime": 1405}}