{"test/conf_matrix": {"_type": "image-file", "sha256": "b8208e078e4023d5dabd16ecb2366c6e5f3b249dafcf0ae86782c0b98595ab54", "size": 29813, "path": "media/images/test/conf_matrix_0_b8208e078e4023d5dabd.png", "format": "png", "width": 1000, "height": 1000}, "_timestamp": 1660297346.6524208, "_runtime": 277.69379472732544, "_step": 1, "test/loss": 0.8469985723495483, "test/origin_acc": 0.6933962106704712, "test/new_acc": 0.6938679218292236, "test/f1_macro": 0.6263983249664307, "test/wqKappa": 0.6205233335494995, "test/cnt_diff": 14.0, "test/cnt_correct_diff": 6.0, "epoch": 7, "trainer/global_step": 0, "_wandb": {"runtime": 277}}