{"test/conf_matrix": {"_type": "image-file", "sha256": "b980130e1c3e0ddd411b920974a316b6c849c9637bbbb9b96c7223747ec4607d", "size": 27645, "path": "media/images/test/conf_matrix_0_b980130e1c3e0ddd411b.png", "format": "png", "width": 1000, "height": 1000}, "_timestamp": 1660645649.7355871, "_runtime": 210.89306020736694, "_step": 1, "test/loss": 0.6062291860580444, "test/origin_acc": 0.8277535438537598, "test/new_acc": 0.8267831206321716, "test/f1_macro": 0.6215803623199463, "test/wqKappa": 0.7623273730278015, "test/cnt_diff": 6.0, "test/cnt_correct_diff": 1.0, "epoch": 7, "trainer/global_step": 0, "_wandb": {"runtime": 213}}