{"test/conf_matrix": {"_type": "image-file", "sha256": "ff488b4c0e14a7b4af51d13a19662322ceb7bda3d7020926bc65fb3abb0d5ebb", "size": 29800, "path": "media/images/test/conf_matrix_0_ff488b4c0e14a7b4af51.png", "format": "png", "width": 1000, "height": 1000}, "_timestamp": 1661441363.900249, "_runtime": 171.4622449874878, "_step": 1, "test/loss": 2.0962419509887695, "test/origin_acc": 0.4666246771812439, "test/new_acc": 0.45654910802841187, "test/f1_macro": 0.2986988425254822, "test/wqKappa": 0.1325412392616272, "test/cnt_diff": 160.0, "test/cnt_correct_diff": 37.0, "epoch": 3, "trainer/global_step": 0, "_wandb": {"runtime": 171}}