{"test/conf_matrix": {"_type": "image-file", "sha256": "9d4bc7666af91749eed5a629ea353d7066346d9a10717cec65356e3dfdecfcb8", "size": 30636, "path": "media/images/test/conf_matrix_0_9d4bc7666af91749eed5.png", "format": "png", "width": 1000, "height": 1000}, "_timestamp": 1661445530.2460055, "_runtime": 146.18232250213623, "_step": 1, "test/loss": 2.620410442352295, "test/origin_acc": 0.250629723072052, "test/new_acc": 0.29345089197158813, "test/f1_macro": 0.25218498706817627, "test/wqKappa": -0.35199272632598877, "test/cnt_diff": 724.0, "test/cnt_correct_diff": 199.0, "epoch": 0, "trainer/global_step": 0, "_wandb": {"runtime": 146}}