{"test/conf_matrix": {"_type": "image-file", "sha256": "c2086414b03aa499c409190b12ecd6c83497c8ea287da91bca53ecd9a0260474", "size": 28712, "path": "media/images/test/conf_matrix_0_c2086414b03aa499c409.png", "format": "png", "width": 1000, "height": 1000}, "_timestamp": 1661411820.2234962, "_runtime": 180.79911422729492, "_step": 1, "test/loss": 0.6313098073005676, "test/origin_acc": 0.7738962173461914, "test/new_acc": 0.7588549852371216, "test/f1_macro": 0.5552895069122314, "test/wqKappa": 0.6750673055648804, "test/cnt_diff": 120.0, "test/cnt_correct_diff": 32.0, "epoch": 2, "trainer/global_step": 0, "_wandb": {"runtime": 180}}