{"test/conf_matrix": {"_type": "image-file", "sha256": "1aae44be4feb3c0b98dc97d5f94b4d4d4cecca763cb8ca12b6c3475199e0be7b", "size": 27158, "path": "media/images/test/conf_matrix_0_1aae44be4feb3c0b98dc.png", "format": "png", "width": 1000, "height": 1000}, "_timestamp": 1660649385.8500366, "_runtime": 272.83478355407715, "_step": 1, "test/loss": 0.4327978789806366, "test/origin_acc": 0.8091939687728882, "test/new_acc": 0.8041561841964722, "test/f1_macro": 0.7487605810165405, "test/wqKappa": 0.9114342927932739, "test/cnt_diff": 95.0, "test/cnt_correct_diff": 43.0, "epoch": 1, "trainer/global_step": 0, "_wandb": {"runtime": 273}}