{"test/conf_matrix": {"_type": "image-file", "sha256": "b33d26d1e918c29e610fcdef32bf48a45b7b27a2f5cd046cce208ed6d8b9a442", "size": 27368, "path": "media/images/test/conf_matrix_0_b33d26d1e918c29e610f.png", "format": "png", "width": 1000, "height": 1000}, "_timestamp": 1661347844.0157664, "_runtime": 309.80784845352173, "_step": 1, "test/loss": 0.31416085362434387, "test/origin_acc": 0.8702771067619324, "test/new_acc": 0.8696473836898804, "test/f1_macro": 0.8305818438529968, "test/wqKappa": 0.9390376210212708, "test/cnt_diff": 3.0, "test/cnt_correct_diff": 1.0, "epoch": 5, "trainer/global_step": 0, "_wandb": {"runtime": 308}}