{"test/conf_matrix": {"_type": "image-file", "sha256": "8ba41b2c68ead38d32d3fc8ff2781efc0d9338f73e258ab875771416612e12d0", "size": 28036, "path": "media/images/test/conf_matrix_0_8ba41b2c68ead38d32d3.png", "format": "png", "width": 1000, "height": 1000}, "_timestamp": 1661332551.0645485, "_runtime": 104.94872045516968, "_step": 1, "test/loss": 0.2952144742012024, "test/origin_acc": 0.8797228932380676, "test/new_acc": 0.8809823393821716, "test/f1_macro": 0.8443808555603027, "test/wqKappa": 0.9437388181686401, "test/cnt_diff": 73.0, "test/cnt_correct_diff": 37.0, "epoch": 12, "trainer/global_step": 0, "_wandb": {"runtime": 104}}