{"test/conf_matrix": {"_type": "image-file", "sha256": "6b6601dbd686f36afd06140e0a0f86bc1251a59db9293fd64a0ae7add2d723af", "size": 31797, "path": "media/images/test/conf_matrix_0_6b6601dbd686f36afd06.png", "format": "png", "width": 1000, "height": 1000}, "_timestamp": 1660069740.4852521, "_runtime": 680.76331615448, "_step": 1, "test/loss": 0.6168479919433594, "test/origin_acc": 0.7463871836662292, "test/new_acc": 0.7393997311592102, "test/f1_macro": 0.7063661813735962, "test/wqKappa": 0.691477358341217, "test/cnt_diff": 425.0, "test/cnt_correct_diff": 182.0, "epoch": 5, "trainer/global_step": 0, "_wandb": {"runtime": 681}}