{"test/conf_matrix": {"_type": "image-file", "sha256": "c1e83e0a541b09ea3b0b4abf62fb188ffc4fb2a3a1d5e0394141bea3adb36859", "size": 31049, "path": "media/images/test/conf_matrix_0_c1e83e0a541b09ea3b0b.png", "format": "png", "width": 1000, "height": 1000}, "_timestamp": 1661441686.372747, "_runtime": 162.35535597801208, "_step": 1, "test/loss": 2.620410442352295, "test/origin_acc": 0.250629723072052, "test/new_acc": 0.2865239381790161, "test/f1_macro": 0.2467518150806427, "test/wqKappa": -0.34930264949798584, "test/cnt_diff": 748.0, "test/cnt_correct_diff": 199.0, "epoch": 0, "trainer/global_step": 0, "_wandb": {"runtime": 162}}