{"test/conf_matrix": {"_type": "image-file", "sha256": "04c5106c7bf4117d529cc7cb3c9c91587b3eac78326ae99831d17fbb56377af8", "size": 27383, "path": "media/images/test/conf_matrix_0_04c5106c7bf4117d529c.png", "format": "png", "width": 1000, "height": 1000}, "_timestamp": 1661504797.3908682, "_runtime": 83.98103618621826, "_step": 1, "test/loss": 0.373489111661911, "test/origin_acc": 0.8482367992401123, "test/new_acc": 0.8450881838798523, "test/f1_macro": 0.8139355182647705, "test/wqKappa": 0.9295210838317871, "test/cnt_diff": 42.0, "test/cnt_correct_diff": 18.0, "epoch": 7, "trainer/global_step": 0, "_wandb": {"runtime": 84}}