{"test/conf_matrix": {"_type": "image-file", "sha256": "1ffdfac625022f2691491e21ba359edf2e1c859ec5b5c1eced9a3b2f70aee6b8", "size": 26979, "path": "media/images/test/conf_matrix_0_1ffdfac625022f269149.png", "format": "png", "width": 1000, "height": 1000}, "_timestamp": 1661337633.5193717, "_runtime": 74.57221269607544, "_step": 1, "test/loss": 0.36290663480758667, "test/origin_acc": 0.8465409278869629, "test/new_acc": 0.8446541428565979, "test/f1_macro": 0.8055245876312256, "test/wqKappa": 0.9270662069320679, "test/cnt_diff": 9.0, "test/cnt_correct_diff": 3.0, "epoch": 7, "trainer/global_step": 0, "_wandb": {"runtime": 74}}