{"test/conf_matrix": {"_type": "image-file", "sha256": "c6e7a6cd87ebe6d31f80d8e85cbe28ca6f3c1bd138792a86a02039d4e5d5abf2", "size": 27478, "path": "media/images/test/conf_matrix_0_c6e7a6cd87ebe6d31f80.png", "format": "png", "width": 1000, "height": 1000}, "_timestamp": 1661332687.7007058, "_runtime": 109.4881067276001, "_step": 1, "test/loss": 0.2952144742012024, "test/origin_acc": 0.8797228932380676, "test/new_acc": 0.8816120624542236, "test/f1_macro": 0.8463965654373169, "test/wqKappa": 0.9439641237258911, "test/cnt_diff": 66.0, "test/cnt_correct_diff": 34.0, "epoch": 12, "trainer/global_step": 0, "_wandb": {"runtime": 109}}