{"test/conf_matrix": {"_type": "image-file", "sha256": "23b256dbe5121314d6902b3567336f5143f0c294e9c8ba7707c5577acc0eac85", "size": 27428, "path": "media/images/test/conf_matrix_0_23b256dbe5121314d690.png", "format": "png", "width": 1000, "height": 1000}, "_timestamp": 1660136960.457875, "_runtime": 157.98955512046814, "_step": 1, "test/loss": 0.3087417483329773, "test/origin_acc": 0.8916876316070557, "test/new_acc": 0.7865239381790161, "test/f1_macro": 0.7118600010871887, "test/wqKappa": 0.8978754878044128, "test/cnt_diff": 249.0, "test/cnt_correct_diff": 33.0, "epoch": 8, "trainer/global_step": 0, "_wandb": {"runtime": 157}}