{"test/conf_matrix": {"_type": "image-file", "sha256": "649466df56eb405735cda6b2a525a34fe50f434a7ecc0f9132daf6ba5970ee4d", "size": 26578, "path": "media/images/test/conf_matrix_0_649466df56eb405735cd.png", "format": "png", "width": 1000, "height": 1000}, "_timestamp": 1661347213.2079446, "_runtime": 349.90184569358826, "_step": 1, "test/loss": 0.31416085362434387, "test/origin_acc": 0.8702771067619324, "test/new_acc": 0.8664987683296204, "test/f1_macro": 0.825666069984436, "test/wqKappa": 0.9375490546226501, "test/cnt_diff": 12.0, "test/cnt_correct_diff": 3.0, "epoch": 5, "trainer/global_step": 0, "_wandb": {"runtime": 349}}