{"test/conf_matrix": {"_type": "image-file", "sha256": "01970a5a2c2933cf34f43a0985959f2dc8cc842b99936130eccd8d31d3debc9b", "size": 27584, "path": "media/images/test/conf_matrix_0_01970a5a2c2933cf34f4.png", "format": "png", "width": 1000, "height": 1000}, "_timestamp": 1661333940.0134213, "_runtime": 96.30293440818787, "_step": 1, "test/loss": 0.36475446820259094, "test/origin_acc": 0.8339622616767883, "test/new_acc": 0.8251572251319885, "test/f1_macro": 0.7956177592277527, "test/wqKappa": 0.9174435138702393, "test/cnt_diff": 113.0, "test/cnt_correct_diff": 49.0, "epoch": 7, "trainer/global_step": 0, "_wandb": {"runtime": 96}}