{"test/conf_matrix": {"_type": "image-file", "sha256": "90cbf3fa0d68dc965fc509b8d9de10112207062cd41d4315aa010ff89d198ed8", "size": 27178, "path": "media/images/test/conf_matrix_0_90cbf3fa0d68dc965fc5.png", "format": "png", "width": 1000, "height": 1000}, "_timestamp": 1661402184.268105, "_runtime": 183.79228806495667, "_step": 1, "test/loss": 0.3241216242313385, "test/origin_acc": 0.8627204298973083, "test/new_acc": 0.8683879375457764, "test/f1_macro": 0.8320180177688599, "test/wqKappa": 0.9367822408676147, "test/cnt_diff": 39.0, "test/cnt_correct_diff": 24.0, "epoch": 6, "trainer/global_step": 0, "_wandb": {"runtime": 185}}