{"test/conf_matrix": {"_type": "image-file", "sha256": "76c6019263fa7c968c56a0655de0c66216933213a2259cd31bb1b9905278ecfa", "size": 29742, "path": "media/images/test/conf_matrix_0_76c6019263fa7c968c56.png", "format": "png", "width": 1000, "height": 1000}, "_timestamp": 1661414692.9732895, "_runtime": 368.8751485347748, "_step": 1, "test/loss": 2.093094825744629, "test/origin_acc": 0.5560453534126282, "test/new_acc": 0.5768262147903442, "test/f1_macro": 0.3842499852180481, "test/wqKappa": 0.5582002401351929, "test/cnt_diff": 57.0, "test/cnt_correct_diff": 41.0, "epoch": 11, "trainer/global_step": 0, "_wandb": {"runtime": 368}}