{"test/conf_matrix": {"_type": "image-file", "sha256": "f2d1b4d52fb826ead0ec46f00e83714ad94667357c7d4ed92335d40e457207f2", "size": 27784, "path": "media/images/test/conf_matrix_0_f2d1b4d52fb826ead0ec.png", "format": "png", "width": 1000, "height": 1000}, "_timestamp": 1661403228.9022126, "_runtime": 120.29927659034729, "_step": 1, "test/loss": 0.5979331135749817, "test/origin_acc": 0.8136826753616333, "test/new_acc": 0.7996119260787964, "test/f1_macro": 0.5995258688926697, "test/wqKappa": 0.7326686382293701, "test/cnt_diff": 106.0, "test/cnt_correct_diff": 32.0, "epoch": 15, "trainer/global_step": 0, "_wandb": {"runtime": 120}}