{"test/conf_matrix": {"_type": "image-file", "sha256": "c1646eb1d6ca357261d96b6ce5af5ac2e8b445255d1eb1a684224da58152abd6", "size": 28609, "path": "media/images/test/conf_matrix_0_c1646eb1d6ca357261d9.png", "format": "png", "width": 1000, "height": 1000}, "_timestamp": 1661409555.8142953, "_runtime": 286.9272162914276, "_step": 1, "test/loss": 0.6313098073005676, "test/origin_acc": 0.7738962173461914, "test/new_acc": 0.723920464515686, "test/f1_macro": 0.520808219909668, "test/wqKappa": 0.639049768447876, "test/cnt_diff": 249.0, "test/cnt_correct_diff": 57.0, "epoch": 2, "trainer/global_step": 0, "_wandb": {"runtime": 286}}