{"test/conf_matrix": {"_type": "image-file", "sha256": "87b4ddc92916f3a74e9ed05930f08d6f16b5fa9f7a07f7d5fc985caa8a663a38", "size": 26642, "path": "media/images/test/conf_matrix_0_87b4ddc92916f3a74e9e.png", "format": "png", "width": 1000, "height": 1000}, "_timestamp": 1661350111.1573625, "_runtime": 304.62657737731934, "_step": 1, "test/loss": 0.31416085362434387, "test/origin_acc": 0.8702771067619324, "test/new_acc": 0.8614609837532043, "test/f1_macro": 0.8200019001960754, "test/wqKappa": 0.9352019429206848, "test/cnt_diff": 50.0, "test/cnt_correct_diff": 18.0, "epoch": 5, "trainer/global_step": 0, "_wandb": {"runtime": 304}}