{"test/conf_matrix": {"_type": "image-file", "sha256": "44f7d17b8e707f78e501ced1930f4d145c0e1c8ac057485d79a05abeb344b8eb", "size": 31097, "path": "media/images/test/conf_matrix_0_44f7d17b8e707f78e501.png", "format": "png", "width": 1000, "height": 1000}, "_timestamp": 1661455336.9601684, "_runtime": 134.50148034095764, "_step": 1, "test/loss": 0.8598936796188354, "test/origin_acc": 0.5937721133232117, "test/new_acc": 0.6086341142654419, "test/f1_macro": 0.5206779837608337, "test/wqKappa": 0.5334579348564148, "test/cnt_diff": 1245.0, "test/cnt_correct_diff": 586.0, "epoch": 1, "trainer/global_step": 0, "_wandb": {"runtime": 134}}