{"test/conf_matrix": {"_type": "image-file", "sha256": "304e8394706673856f04e9a9a9eaa5ed154159c8171cf4ba2981e5c9797378b1", "size": 27366, "path": "media/images/test/conf_matrix_0_304e8394706673856f04.png", "format": "png", "width": 1000, "height": 1000}, "_timestamp": 1658877532, "_runtime": 328, "_step": 1, "test/loss": 0.6044451594352722, "test/origin_acc": 0.8281553983688354, "test/new_acc": 0.8281553983688354, "test/f1_macro": 0.6242332458496094, "test/wqKappa": 0.761991560459137, "test/cnt_diff": 4.0, "test/cnt_correct_diff": 1.0, "epoch": 7, "trainer/global_step": 0, "_wandb": {"runtime": 328}}