{"test/conf_matrix": {"_type": "image-file", "sha256": "d410b9db91f72a961b2d5a92089f503cfd763c849124140501f56de0b75b0546", "size": 25457, "path": "media/images/test/conf_matrix_0_d410b9db91f72a961b2d.png", "format": "png", "width": 1000, "height": 1000}, "_timestamp": 1660207837.5716476, "_runtime": 117.94179153442383, "_step": 1, "test/loss": 0.3087417483329773, "test/origin_acc": 0.8916876316070557, "test/new_acc": 0.8891687393188477, "test/f1_macro": 0.8490575551986694, "test/wqKappa": 0.9462476968765259, "test/cnt_diff": 20.0, "test/cnt_correct_diff": 8.0, "epoch": 8, "trainer/global_step": 0, "_wandb": {"runtime": 118}}