{"test/conf_matrix": {"_type": "image-file", "sha256": "dfbf5bde5fa880b362905a3258e4d8cd0b55517b23c0e8e82a23c2077585b484", "size": 29934, "path": "media/images/test/conf_matrix_0_dfbf5bde5fa880b36290.png", "format": "png", "width": 1000, "height": 1000}, "_timestamp": 1660311148.3537424, "_runtime": 496.06595945358276, "_step": 1, "test/loss": 0.3462877571582794, "test/origin_acc": 0.8710532188415527, "test/new_acc": 0.8714948296546936, "test/f1_macro": 0.789421796798706, "test/wqKappa": 0.9286131858825684, "test/cnt_diff": 39.0, "test/cnt_correct_diff": 18.0, "epoch": 1, "trainer/global_step": 0, "_wandb": {"runtime": 496}}