{"test/conf_matrix": {"_type": "image-file", "sha256": "e1a405b19f1d5406d5964454db678f62f33b7a589f293705bc37e916fa85fea3", "size": 30063, "path": "media/images/test/conf_matrix_0_e1a405b19f1d5406d596.png", "format": "png", "width": 1000, "height": 1000}, "_timestamp": 1661438271.9681559, "_runtime": 137.8052818775177, "_step": 1, "test/loss": 2.1597023010253906, "test/origin_acc": 0.49370276927948, "test/new_acc": 0.5201511383056641, "test/f1_macro": 0.3631914258003235, "test/wqKappa": 0.5330840349197388, "test/cnt_diff": 101.0, "test/cnt_correct_diff": 61.0, "epoch": 10, "trainer/global_step": 0, "_wandb": {"runtime": 138}}