{"test/conf_matrix": {"_type": "image-file", "sha256": "ff2a6d073d427555cb683412afbed3be5f2c443b265ad626561faccf479a6862", "size": 29772, "path": "media/images/test/conf_matrix_0_ff2a6d073d427555cb68.png", "format": "png", "width": 1000, "height": 1000}, "_timestamp": 1661434638.6924818, "_runtime": 137.08867979049683, "_step": 1, "test/loss": 2.1025230884552, "test/origin_acc": 0.5195214152336121, "test/new_acc": 0.5440806150436401, "test/f1_macro": 0.36541491746902466, "test/wqKappa": 0.5641175508499146, "test/cnt_diff": 110.0, "test/cnt_correct_diff": 61.0, "epoch": 8, "trainer/global_step": 0, "_wandb": {"runtime": 136}}