{"test/conf_matrix": {"_type": "image-file", "sha256": "a8bce3ae81b2b69436fc8e6dba1bd94e9e63159b6c9e9e66278f7bc4f768852e", "size": 27468, "path": "media/images/test/conf_matrix_0_a8bce3ae81b2b69436fc.png", "format": "png", "width": 1000, "height": 1000}, "_timestamp": 1661338562.4119327, "_runtime": 84.47531580924988, "_step": 1, "test/loss": 0.3532443344593048, "test/origin_acc": 0.8658690452575684, "test/new_acc": 0.8539043068885803, "test/f1_macro": 0.8234848380088806, "test/wqKappa": 0.9293375611305237, "test/cnt_diff": 71.0, "test/cnt_correct_diff": 25.0, "epoch": 17, "trainer/global_step": 0, "_wandb": {"runtime": 84}}