{"test/conf_matrix": {"_type": "image-file", "sha256": "60c4f82a16e719a809d7c78954e38979e13ad1887c7c1216d26f99e8cb885010", "size": 30446, "path": "media/images/test/conf_matrix_0_60c4f82a16e719a809d7.png", "format": "png", "width": 1000, "height": 1000}, "_timestamp": 1661460459.2124856, "_runtime": 145.95261144638062, "_step": 1, "test/loss": 0.7218735218048096, "test/origin_acc": 0.6959188580513, "test/new_acc": 0.689785361289978, "test/f1_macro": 0.592897891998291, "test/wqKappa": 0.6037584543228149, "test/cnt_diff": 345.0, "test/cnt_correct_diff": 152.0, "epoch": 7, "trainer/global_step": 0, "_wandb": {"runtime": 145}}