{"test/conf_matrix": {"_type": "image-file", "sha256": "520cc021df3924360feab2c37f48aec2893cd4fc3600baf6fa5e56abef85af71", "size": 29784, "path": "media/images/test/conf_matrix_0_520cc021df3924360fea.png", "format": "png", "width": 1000, "height": 1000}, "_timestamp": 1661435235.5330698, "_runtime": 141.56389784812927, "_step": 1, "test/loss": 2.1025230884552, "test/origin_acc": 0.5195214152336121, "test/new_acc": 0.5403022766113281, "test/f1_macro": 0.36086416244506836, "test/wqKappa": 0.558414876461029, "test/cnt_diff": 100.0, "test/cnt_correct_diff": 53.0, "epoch": 8, "trainer/global_step": 0, "_wandb": {"runtime": 142}}