{"test/conf_matrix": {"_type": "image-file", "sha256": "6a750e58aa28fbd9dc74abb34d462eb50233ea62a16f8c7cf9ae3b64e41b3c47", "size": 26973, "path": "media/images/test/conf_matrix_0_6a750e58aa28fbd9dc74.png", "format": "png", "width": 1000, "height": 1000}, "_timestamp": 1661928334.175003, "_runtime": 172.2096221446991, "_step": 1, "test/loss": 0.31758856773376465, "test/origin_acc": 0.8759445548057556, "test/new_acc": 0.8683879375457764, "test/f1_macro": 0.8291927576065063, "test/wqKappa": 0.9367777109146118, "test/cnt_diff": 69.0, "test/cnt_correct_diff": 28.0, "epoch": 4, "trainer/global_step": 0, "_wandb": {"runtime": 172}}