{"test/conf_matrix": {"_type": "image-file", "sha256": "971ace60c3d9c2894fe3c9fa2ca3c0bb4f1f52f8e60c52a7edcbe7131abebe92", "size": 26848, "path": "media/images/test/conf_matrix_0_971ace60c3d9c2894fe3.png", "format": "png", "width": 1000, "height": 1000}, "_timestamp": 1661346488.5562744, "_runtime": 299.37095952033997, "_step": 1, "test/loss": 0.31416085362434387, "test/origin_acc": 0.8702771067619324, "test/new_acc": 0.8608312606811523, "test/f1_macro": 0.8177250027656555, "test/wqKappa": 0.9349768161773682, "test/cnt_diff": 55.0, "test/cnt_correct_diff": 20.0, "epoch": 5, "trainer/global_step": 0, "_wandb": {"runtime": 298}}