{"test/conf_matrix": {"_type": "image-file", "sha256": "f8ce47758d7c9dc748765c0a21dc402be411ee9e103e0c31a82edd7f3dfc16fb", "size": 30498, "path": "media/images/test/conf_matrix_0_f8ce47758d7c9dc74876.png", "format": "png", "width": 1000, "height": 1000}, "_timestamp": 1661449497.9204373, "_runtime": 290.3615143299103, "_step": 1, "test/loss": 0.8180785775184631, "test/origin_acc": 0.6161831021308899, "test/new_acc": 0.5850436687469482, "test/f1_macro": 0.4979351758956909, "test/wqKappa": 0.5030943155288696, "test/cnt_diff": 873.0, "test/cnt_correct_diff": 314.0, "epoch": 5, "trainer/global_step": 0, "_wandb": {"runtime": 290}}