{"test/conf_matrix": {"_type": "image-file", "sha256": "70648a249b8c3d8ac5a5b0cd1a6946171ec7eae9d1d9b666c7f0d5a4365d3f09", "size": 30541, "path": "media/images/test/conf_matrix_0_70648a249b8c3d8ac5a5.png", "format": "png", "width": 1000, "height": 1000}, "_timestamp": 1661458698.4548867, "_runtime": 124.84919166564941, "_step": 1, "test/loss": 3.2831687927246094, "test/origin_acc": 0.372795969247818, "test/new_acc": 0.3142317235469818, "test/f1_macro": 0.268004834651947, "test/wqKappa": 0.10411006212234497, "test/cnt_diff": 442.0, "test/cnt_correct_diff": 113.0, "epoch": 5, "trainer/global_step": 0, "_wandb": {"runtime": 124}}