{"test/conf_matrix": {"_type": "image-file", "sha256": "16fc17bcc86208c6a73840425ea28fe7a5c5196c81cc250e4023f175538389c5", "size": 30234, "path": "media/images/test/conf_matrix_0_16fc17bcc86208c6a738.png", "format": "png", "width": 1000, "height": 1000}, "_timestamp": 1661408489.8575811, "_runtime": 226.61649012565613, "_step": 1, "test/loss": 2.093094825744629, "test/origin_acc": 0.5560453534126282, "test/new_acc": 0.517002522945404, "test/f1_macro": 0.37462344765663147, "test/wqKappa": 0.48054933547973633, "test/cnt_diff": 668.0, "test/cnt_correct_diff": 234.0, "epoch": 11, "trainer/global_step": 0, "_wandb": {"runtime": 226}}