{"test/conf_matrix": {"_type": "image-file", "sha256": "faea06c6d7fdc42f5573533de7ab892804ade469a3cfeb5772db73305dd9bf79", "size": 27231, "path": "media/images/test/conf_matrix_0_faea06c6d7fdc42f5573.png", "format": "png", "width": 1000, "height": 1000}, "_timestamp": 1661336683.4349554, "_runtime": 72.51331734657288, "_step": 1, "test/loss": 0.36290663480758667, "test/origin_acc": 0.8465409278869629, "test/new_acc": 0.8377358317375183, "test/f1_macro": 0.7999348640441895, "test/wqKappa": 0.9234918355941772, "test/cnt_diff": 93.0, "test/cnt_correct_diff": 39.0, "epoch": 7, "trainer/global_step": 0, "_wandb": {"runtime": 72}}