{"test/conf_matrix": {"_type": "image-file", "sha256": "33ddc1ea3b5c6dfa6b94038cd3f2337d5a8d4ac1083bcabcf738f3e08d9605b3", "size": 26617, "path": "media/images/test/conf_matrix_0_33ddc1ea3b5c6dfa6b94.png", "format": "png", "width": 1000, "height": 1000}, "_timestamp": 1661934245.0332472, "_runtime": 129.11952233314514, "_step": 1, "test/loss": 0.31690359115600586, "test/origin_acc": 0.8740554451942444, "test/new_acc": 0.8727959990501404, "test/f1_macro": 0.8389334678649902, "test/wqKappa": 0.9392600059509277, "test/cnt_diff": 3.0, "test/cnt_correct_diff": 0.0, "epoch": 8, "trainer/global_step": 0, "_wandb": {"runtime": 128}}