{"test/conf_matrix": {"_type": "image-file", "sha256": "27f7d5cdffa9c07f105d9ea1ada35538248d0533ed3739d9aeb1b08dc1f49af9", "size": 28517, "path": "media/images/test/conf_matrix_0_27f7d5cdffa9c07f105d.png", "format": "png", "width": 1000, "height": 1000}, "_timestamp": 1661331282.608378, "_runtime": 107.84326601028442, "_step": 1, "test/loss": 0.46994638442993164, "test/origin_acc": 0.8075471520423889, "test/new_acc": 0.7452830076217651, "test/f1_macro": 0.7137417793273926, "test/wqKappa": 0.876959502696991, "test/cnt_diff": 221.0, "test/cnt_correct_diff": 58.0, "epoch": 8, "trainer/global_step": 0, "_wandb": {"runtime": 107}}