{"test/conf_matrix": {"_type": "image-file", "sha256": "2fb319740e2a63008a73538ee493f1836481af4e128f9aadd8ba396c85d3db11", "size": 27045, "path": "media/images/test/conf_matrix_0_2fb319740e2a63008a73.png", "format": "png", "width": 1000, "height": 1000}, "_timestamp": 1661478297.4524453, "_runtime": 172.2180893421173, "_step": 1, "test/loss": 0.557793915271759, "test/origin_acc": 0.8131067752838135, "test/new_acc": 0.7907766699790955, "test/f1_macro": 0.5941874980926514, "test/wqKappa": 0.7456367015838623, "test/cnt_diff": 113.0, "test/cnt_correct_diff": 29.0, "epoch": 2, "trainer/global_step": 0, "_wandb": {"runtime": 172}}