{"test/conf_matrix": {"_type": "image-file", "sha256": "f672ee8244a199c708e68a5f5df43c7d8475e4c8106fc30cf0d5f307c6ae37e1", "size": 31293, "path": "media/images/test/conf_matrix_0_f672ee8244a199c708e6.png", "format": "png", "width": 1000, "height": 1000}, "_timestamp": 1661422250.9395106, "_runtime": 208.91195249557495, "_step": 1, "test/loss": 2.3457894325256348, "test/origin_acc": 0.4401763081550598, "test/new_acc": 0.377204030752182, "test/f1_macro": 0.2782520651817322, "test/wqKappa": 0.3499799370765686, "test/cnt_diff": 806.0, "test/cnt_correct_diff": 236.0, "epoch": 2, "trainer/global_step": 0, "_wandb": {"runtime": 208}}