{"test/conf_matrix": {"_type": "image-file", "sha256": "bd80d6b62f018e9f63515661bc4cc04eb79244f70311ff8d9447ca4ede51d137", "size": 29898, "path": "media/images/test/conf_matrix_0_bd80d6b62f018e9f6351.png", "format": "png", "width": 1000, "height": 1000}, "_timestamp": 1659334767, "_runtime": 147, "_step": 1, "test/loss": 1.6150767803192139, "test/acc": 0.688605785369873, "test/acc_compare": 0.6845954656600952, "test/f1_macro": 0.5155653953552246, "test/wqKappa": 0.5687012672424316, "epoch": 7, "trainer/global_step": 0, "_wandb": {"runtime": 149}}