{"test/conf_matrix": {"_type": "image-file", "sha256": "c034dfcb4eabcfbfe3a97b3ea67115c056d42fe9becbf005ebe5ca9215233f87", "size": 29896, "path": "media/images/test/conf_matrix_0_c034dfcb4eabcfbfe3a9.png", "format": "png", "width": 1000, "height": 1000}, "_timestamp": 1661442015.299617, "_runtime": 152.75066614151, "_step": 1, "test/loss": 2.0962419509887695, "test/origin_acc": 0.4666246771812439, "test/new_acc": 0.45654910802841187, "test/f1_macro": 0.296171635389328, "test/wqKappa": 0.12830018997192383, "test/cnt_diff": 154.0, "test/cnt_correct_diff": 34.0, "epoch": 3, "trainer/global_step": 0, "_wandb": {"runtime": 153}}