{"test/conf_matrix": {"_type": "image-file", "sha256": "24ab69130c0c5c22d2e9bbe944cd9f8151457beeab7bcdbd7087da240dd7d0b7", "size": 30236, "path": "media/images/test/conf_matrix_0_24ab69130c0c5c22d2e9.png", "format": "png", "width": 1000, "height": 1000}, "_timestamp": 1661435536.6331298, "_runtime": 134.13531875610352, "_step": 1, "test/loss": 2.1597023010253906, "test/origin_acc": 0.49370276927948, "test/new_acc": 0.510705292224884, "test/f1_macro": 0.35243111848831177, "test/wqKappa": 0.5219219326972961, "test/cnt_diff": 86.0, "test/cnt_correct_diff": 46.0, "epoch": 10, "trainer/global_step": 0, "_wandb": {"runtime": 134}}