{"test/conf_matrix": {"_type": "image-file", "sha256": "f614600cf38baabdaf854e7e45ffb29c8587485bf8c24fbba61618c10b8522c9", "size": 28764, "path": "media/images/test/conf_matrix_0_f614600cf38baabdaf85.png", "format": "png", "width": 1000, "height": 1000}, "_timestamp": 1661414753.4532182, "_runtime": 250.8090512752533, "_step": 1, "test/loss": 0.6313098073005676, "test/origin_acc": 0.7738962173461914, "test/new_acc": 0.7001455426216125, "test/f1_macro": 0.503894567489624, "test/wqKappa": 0.617019772529602, "test/cnt_diff": 310.0, "test/cnt_correct_diff": 59.0, "epoch": 2, "trainer/global_step": 0, "_wandb": {"runtime": 250}}