{"test/conf_matrix": {"_type": "image-file", "sha256": "03e94ea25419632d67662969f674e0831dfc62a3b9eb8783496380f87861b49f", "size": 31313, "path": "media/images/test/conf_matrix_0_03e94ea25419632d6766.png", "format": "png", "width": 1000, "height": 1000}, "_timestamp": 1661421300.2754982, "_runtime": 378.12758111953735, "_step": 1, "test/loss": 2.3457894325256348, "test/origin_acc": 0.4401763081550598, "test/new_acc": 0.35327455401420593, "test/f1_macro": 0.26299571990966797, "test/wqKappa": 0.347464919090271, "test/cnt_diff": 974.0, "test/cnt_correct_diff": 278.0, "epoch": 2, "trainer/global_step": 0, "_wandb": {"runtime": 377}}