{"test/conf_matrix": {"_type": "image-file", "sha256": "566d66f77903b6ae2c58c74f61a6f8c02f30f96bbe3f5b7e3cc981e1ae790ddb", "size": 26833, "path": "media/images/test/conf_matrix_0_566d66f77903b6ae2c58.png", "format": "png", "width": 1000, "height": 1000}, "_timestamp": 1661346832.9491434, "_runtime": 316.60899543762207, "_step": 1, "test/loss": 0.31416085362434387, "test/origin_acc": 0.8702771067619324, "test/new_acc": 0.8639798760414124, "test/f1_macro": 0.8215355277061462, "test/wqKappa": 0.9364923238754272, "test/cnt_diff": 30.0, "test/cnt_correct_diff": 10.0, "epoch": 5, "trainer/global_step": 0, "_wandb": {"runtime": 315}}