{"test/conf_matrix": {"_type": "image-file", "sha256": "9c15232de1926797301b1d5160ad9c2680976fd93ae5aa782dd70547320cedc1", "size": 30188, "path": "media/images/test/conf_matrix_0_9c15232de1926797301b.png", "format": "png", "width": 1000, "height": 1000}, "_timestamp": 1661444031.0342505, "_runtime": 137.52774453163147, "_step": 1, "test/loss": 2.0962419509887695, "test/origin_acc": 0.4666246771812439, "test/new_acc": 0.4634760618209839, "test/f1_macro": 0.28475499153137207, "test/wqKappa": 0.09343570470809937, "test/cnt_diff": 44.0, "test/cnt_correct_diff": 10.0, "epoch": 3, "trainer/global_step": 0, "_wandb": {"runtime": 138}}