{"test/conf_matrix": {"_type": "image-file", "sha256": "e3f6196ab67ea6ec4f436f8c927977a3bcd18621637c4d1b20bf6499b35e3e67", "size": 27979, "path": "media/images/test/conf_matrix_0_e3f6196ab67ea6ec4f43.png", "format": "png", "width": 1000, "height": 1000}, "_timestamp": 1661326071.0197155, "_runtime": 75.53513264656067, "_step": 1, "test/loss": 0.5756698250770569, "test/origin_acc": 0.7811321020126343, "test/new_acc": 0.703773558139801, "test/f1_macro": 0.6649912595748901, "test/wqKappa": 0.7742794752120972, "test/cnt_diff": 180.0, "test/cnt_correct_diff": 13.0, "epoch": 8, "trainer/global_step": 0, "_wandb": {"runtime": 75}}