{"test/conf_matrix": {"_type": "image-file", "sha256": "b871cc2e5d665891c066367c0675c6e89004597eaf1462eec7fc518c5c2ec92c", "size": 29300, "path": "media/images/test/conf_matrix_0_b871cc2e5d665891c066.png", "format": "png", "width": 1000, "height": 1000}, "_timestamp": 1661437377.7953546, "_runtime": 139.2908136844635, "_step": 1, "test/loss": 2.1025230884552, "test/origin_acc": 0.5195214152336121, "test/new_acc": 0.5239294767379761, "test/f1_macro": 0.34011608362197876, "test/wqKappa": 0.5391799211502075, "test/cnt_diff": 71.0, "test/cnt_correct_diff": 26.0, "epoch": 8, "trainer/global_step": 0, "_wandb": {"runtime": 139}}