{"test/conf_matrix": {"_type": "image-file", "sha256": "360efb0f3adf6ea1a1ed48469d1d5dfe90133fed04cd361ec0b15cb22058a387", "size": 26336, "path": "media/images/test/conf_matrix_0_360efb0f3adf6ea1a1ed.png", "format": "png", "width": 1000, "height": 1000}, "_timestamp": 1661329781.100749, "_runtime": 182.73538899421692, "_step": 1, "test/loss": 0.35823777318000793, "test/origin_acc": 0.8526448607444763, "test/new_acc": 0.8236775994300842, "test/f1_macro": 0.7977910041809082, "test/wqKappa": 0.917464017868042, "test/cnt_diff": 168.0, "test/cnt_correct_diff": 60.0, "epoch": 5, "trainer/global_step": 0, "_wandb": {"runtime": 182}}