{"test/conf_matrix": {"_type": "image-file", "sha256": "54f86906b811004e249f85fb067db868afa815b5d3233250f79ff7c38180a2f8", "size": 29749, "path": "media/images/test/conf_matrix_0_54f86906b811004e249f.png", "format": "png", "width": 1000, "height": 1000}, "_timestamp": 1661445136.5885274, "_runtime": 443.80201148986816, "_step": 1, "test/loss": 0.714397668838501, "test/origin_acc": 0.6908189654350281, "test/new_acc": 0.7023837566375732, "test/f1_macro": 0.5785290598869324, "test/wqKappa": 0.5900649428367615, "test/cnt_diff": 285.0, "test/cnt_correct_diff": 155.0, "epoch": 3, "trainer/global_step": 0, "_wandb": {"runtime": 443}}