{"test/conf_matrix": {"_type": "image-file", "sha256": "1feaaac07cb889916dc1855ef4e17a3e532492c628ab2e8b3a0653875209d9e8", "size": 27321, "path": "media/images/test/conf_matrix_0_1feaaac07cb889916dc1.png", "format": "png", "width": 1000, "height": 1000}, "_timestamp": 1661488818.7798672, "_runtime": 127.0266101360321, "_step": 1, "test/loss": 0.6395517587661743, "test/origin_acc": 0.8155339956283569, "test/new_acc": 0.8160194158554077, "test/f1_macro": 0.6237398386001587, "test/wqKappa": 0.7574501037597656, "test/cnt_diff": 7.0, "test/cnt_correct_diff": 4.0, "epoch": 11, "trainer/global_step": 0, "_wandb": {"runtime": 126}}