{"test/conf_matrix": {"_type": "image-file", "sha256": "543a6c32f54b3a3ce4078caf74eb274aaf2093d341de541504f8406e12f738ef", "size": 27226, "path": "media/images/test/conf_matrix_0_543a6c32f54b3a3ce407.png", "format": "png", "width": 1000, "height": 1000}, "_timestamp": 1661349541.6301606, "_runtime": 285.7978844642639, "_step": 1, "test/loss": 0.31416085362434387, "test/origin_acc": 0.8702771067619324, "test/new_acc": 0.8690176606178284, "test/f1_macro": 0.8298283219337463, "test/wqKappa": 0.9388219118118286, "test/cnt_diff": 24.0, "test/cnt_correct_diff": 11.0, "epoch": 5, "trainer/global_step": 0, "_wandb": {"runtime": 284}}