{"test/conf_matrix": {"_type": "image-file", "sha256": "dca188498b52aaa85b2de3dad0440b6da9c5a3b3b8d5fdeb51da3ffaac71f77c", "size": 27467, "path": "media/images/test/conf_matrix_0_dca188498b52aaa85b2d.png", "format": "png", "width": 1000, "height": 1000}, "_timestamp": 1661330698.9229758, "_runtime": 95.53939366340637, "_step": 1, "test/loss": 0.46994638442993164, "test/origin_acc": 0.8075471520423889, "test/new_acc": 0.7899371385574341, "test/f1_macro": 0.7528492212295532, "test/wqKappa": 0.9001244306564331, "test/cnt_diff": 108.0, "test/cnt_correct_diff": 38.0, "epoch": 8, "trainer/global_step": 0, "_wandb": {"runtime": 95}}