{"test/conf_matrix": {"_type": "image-file", "sha256": "ad64123156d0fb532c91645da15d4d703eb101e3018df4273032c7ccf91d60e4", "size": 26358, "path": "media/images/test/conf_matrix_0_ad64123156d0fb532c91.png", "format": "png", "width": 1000, "height": 1000}, "_timestamp": 1661344526.058542, "_runtime": 359.63201212882996, "_step": 1, "test/loss": 0.3830234110355377, "test/origin_acc": 0.8283019065856934, "test/new_acc": 0.8276730179786682, "test/f1_macro": 0.7707538604736328, "test/wqKappa": 0.9210068583488464, "test/cnt_diff": 6.0, "test/cnt_correct_diff": 1.0, "epoch": 15, "trainer/global_step": 0, "_wandb": {"runtime": 359}}