{"test/conf_matrix": {"_type": "image-file", "sha256": "8b25fa559d661c0027c532c36ea057c4235b13c287a7041cf798562c232c1244", "size": 27501, "path": "media/images/test/conf_matrix_0_8b25fa559d661c0027c5.png", "format": "png", "width": 1000, "height": 1000}, "_timestamp": 1661488225.3654504, "_runtime": 125.58755445480347, "_step": 1, "test/loss": 0.6395517587661743, "test/origin_acc": 0.8155339956283569, "test/new_acc": 0.8155339956283569, "test/f1_macro": 0.6243500709533691, "test/wqKappa": 0.760861873626709, "test/cnt_diff": 11.0, "test/cnt_correct_diff": 4.0, "epoch": 11, "trainer/global_step": 0, "_wandb": {"runtime": 125}}