{"test/conf_matrix": {"_type": "image-file", "sha256": "cd4eab62289a23e10b8e368667c380b900c3d99babdfce95ffb9fecdfd511a62", "size": 28752, "path": "media/images/test/conf_matrix_0_cd4eab62289a23e10b8e.png", "format": "png", "width": 1000, "height": 1000}, "_timestamp": 1661325462.31925, "_runtime": 78.72638511657715, "_step": 1, "test/loss": 0.5756698250770569, "test/origin_acc": 0.7811321020126343, "test/new_acc": 0.6157233119010925, "test/f1_macro": 0.581709086894989, "test/wqKappa": 0.7156232595443726, "test/cnt_diff": 442.0, "test/cnt_correct_diff": 73.0, "epoch": 8, "trainer/global_step": 0, "_wandb": {"runtime": 78}}