{"test/conf_matrix": {"_type": "image-file", "sha256": "7a9604fa1aaafe7e4b3f2bcc12d46372cb311420f3e0af29dbbc132508260256", "size": 26753, "path": "media/images/test/conf_matrix_0_7a9604fa1aaafe7e4b3f.png", "format": "png", "width": 1000, "height": 1000}, "_timestamp": 1661487788.0477943, "_runtime": 121.16583943367004, "_step": 1, "test/loss": 0.6395517587661743, "test/origin_acc": 0.8155339956283569, "test/new_acc": 0.818932056427002, "test/f1_macro": 0.6276980638504028, "test/wqKappa": 0.769095242023468, "test/cnt_diff": 32.0, "test/cnt_correct_diff": 16.0, "epoch": 11, "trainer/global_step": 0, "_wandb": {"runtime": 120}}