{"test/conf_matrix": {"_type": "image-file", "sha256": "3f4115fc9df5583b2ade146849cecad13a0efdae3a2d525f07c51408243c753a", "size": 26852, "path": "media/images/test/conf_matrix_0_3f4115fc9df5583b2ade.png", "format": "png", "width": 1000, "height": 1000}, "_timestamp": 1661355610.761098, "_runtime": 404.35321593284607, "_step": 1, "test/loss": 0.3092154264450073, "test/origin_acc": 0.8753148317337036, "test/new_acc": 0.8759445548057556, "test/f1_macro": 0.8407365083694458, "test/wqKappa": 0.9401760101318359, "test/cnt_diff": 2.0, "test/cnt_correct_diff": 1.0, "epoch": 11, "trainer/global_step": 0, "_wandb": {"runtime": 404}}