{"test/conf_matrix": {"_type": "image-file", "sha256": "7befd71cb40fe888f868abd8351d35ed85460794c2b5b784ef51bfe9ea89225a", "size": 27422, "path": "media/images/test/conf_matrix_0_7befd71cb40fe888f868.png", "format": "png", "width": 1000, "height": 1000}, "_timestamp": 1661348539.6237867, "_runtime": 415.95025062561035, "_step": 1, "test/loss": 0.31416085362434387, "test/origin_acc": 0.8702771067619324, "test/new_acc": 0.8702771067619324, "test/f1_macro": 0.8316155672073364, "test/wqKappa": 0.9394457936286926, "test/cnt_diff": 0.0, "test/cnt_correct_diff": 0.0, "epoch": 5, "trainer/global_step": 0, "_wandb": {"runtime": 415}}