{"test/conf_matrix": {"_type": "image-file", "sha256": "dd322854847537f011823fc939b2e9e4ad5bf8fb90f38462fd1a77924279fcfa", "size": 27513, "path": "media/images/test/conf_matrix_0_dd322854847537f01182.png", "format": "png", "width": 1000, "height": 1000}, "_timestamp": 1658866812, "_runtime": 327, "_step": 1, "test/loss": 0.6044451594352722, "test/origin_acc": 0.8281553983688354, "test/new_acc": 0.8286407589912415, "test/f1_macro": 0.6245351433753967, "test/wqKappa": 0.7625612616539001, "test/cnt_diff": 5.0, "test/cnt_correct_diff": 2.0, "epoch": 7, "trainer/global_step": 0, "_wandb": {"runtime": 328}}