{"test/conf_matrix": {"_type": "image-file", "sha256": "df280642ab9bc0d5966d8946194bf4f8ec0e8c986eec3f7918252e06293c2d83", "size": 30481, "path": "media/images/test/conf_matrix_0_df280642ab9bc0d5966d.png", "format": "png", "width": 1000, "height": 1000}, "_timestamp": 1661462265.643911, "_runtime": 119.52706980705261, "_step": 1, "test/loss": 0.7218735218048096, "test/origin_acc": 0.6959188580513, "test/new_acc": 0.6940315961837769, "test/f1_macro": 0.6096700429916382, "test/wqKappa": 0.6184908151626587, "test/cnt_diff": 416.0, "test/cnt_correct_diff": 196.0, "epoch": 7, "trainer/global_step": 0, "_wandb": {"runtime": 119}}