{"test/conf_matrix": {"_type": "image-file", "sha256": "6eadb2f5efbda32c6db2f0d5610e2fde01e890dee17f80e127c74839b3f6cf1b", "size": 30677, "path": "media/images/test/conf_matrix_0_6eadb2f5efbda32c6db2.png", "format": "png", "width": 1000, "height": 1000}, "_timestamp": 1661444417.3350298, "_runtime": 131.54866576194763, "_step": 1, "test/loss": 2.0962419509887695, "test/origin_acc": 0.4666246771812439, "test/new_acc": 0.4628463387489319, "test/f1_macro": 0.2892519235610962, "test/wqKappa": 0.10781824588775635, "test/cnt_diff": 97.0, "test/cnt_correct_diff": 22.0, "epoch": 3, "trainer/global_step": 0, "_wandb": {"runtime": 132}}