{"test/conf_matrix": {"_type": "image-file", "sha256": "d0b83d6d52d7ff7428e645fc139e8fac66b88ebfd4eb3acd6b2970e03d67f8db", "size": 30218, "path": "media/images/test/conf_matrix_0_d0b83d6d52d7ff7428e6.png", "format": "png", "width": 1000, "height": 1000}, "_timestamp": 1661451420.1012146, "_runtime": 363.0609395503998, "_step": 1, "test/loss": 0.663868248462677, "test/origin_acc": 0.7158367037773132, "test/new_acc": 0.6997875571250916, "test/f1_macro": 0.6268352270126343, "test/wqKappa": 0.6261904239654541, "test/cnt_diff": 512.0, "test/cnt_correct_diff": 207.0, "epoch": 3, "trainer/global_step": 0, "_wandb": {"runtime": 362}}