{"test/conf_matrix": {"_type": "image-file", "sha256": "1a6293da661fb8f80583f651be92f27567c5928dbaf8e866f0898c0448c31b11", "size": 25700, "path": "media/images/test/conf_matrix_0_1a6293da661fb8f80583.png", "format": "png", "width": 1000, "height": 1000}, "_timestamp": 1662527523.7350776, "_runtime": 187.9524006843567, "_step": 1, "test/loss": 0.3087417483329773, "test/origin_acc": 0.8916876316070557, "test/new_acc": 0.8935768008232117, "test/f1_macro": 0.8580191135406494, "test/wqKappa": 0.9498818516731262, "test/cnt_diff": 8.0, "test/cnt_correct_diff": 5.0, "epoch": 8, "trainer/global_step": 0, "_wandb": {"runtime": 188}}