{"test/conf_matrix": {"_type": "image-file", "sha256": "1f7efd1b71c8d5c280a8f7e514745a914417d3c755beb436f40b512ef7c04b64", "size": 27250, "path": "media/images/test/conf_matrix_0_1f7efd1b71c8d5c280a8.png", "format": "png", "width": 1000, "height": 1000}, "_timestamp": 1660138301.1177742, "_runtime": 250.69021725654602, "_step": 1, "test/loss": 0.3087417483329773, "test/origin_acc": 0.8916876316070557, "test/new_acc": 0.8620907068252563, "test/f1_macro": 0.8005415201187134, "test/wqKappa": 0.9322493076324463, "test/cnt_diff": 102.0, "test/cnt_correct_diff": 25.0, "epoch": 8, "trainer/global_step": 0, "_wandb": {"runtime": 252}}