{"test/conf_matrix": {"_type": "image-file", "sha256": "75a4a8af365e1481b46a156befe0c3fe653f803e194b85f89098223fc99caff4", "size": 28316, "path": "media/images/test/conf_matrix_0_75a4a8af365e1481b46a.png", "format": "png", "width": 1000, "height": 1000}, "_timestamp": 1660718100.796628, "_runtime": 198.42110204696655, "_step": 1, "test/loss": 0.5653321146965027, "test/origin_acc": 0.8330907821655273, "test/new_acc": 0.8364871740341187, "test/f1_macro": 0.6327728033065796, "test/wqKappa": 0.7760875225067139, "test/cnt_diff": 25.0, "test/cnt_correct_diff": 14.0, "epoch": 12, "trainer/global_step": 0, "_wandb": {"runtime": 199}}