{"test/conf_matrix": {"_type": "image-file", "sha256": "c492c1e59aa1616234fd30c50dc49908427d05955af7bc69630b6b79051e01e6", "size": 27209, "path": "media/images/test/conf_matrix_0_c492c1e59aa1616234fd.png", "format": "png", "width": 1000, "height": 1000}, "_timestamp": 1660296343.5006025, "_runtime": 235.66537356376648, "_step": 1, "test/loss": 0.6062291860580444, "test/origin_acc": 0.8277535438537598, "test/new_acc": 0.8267831206321716, "test/f1_macro": 0.6222116947174072, "test/wqKappa": 0.7603455781936646, "test/cnt_diff": 7.0, "test/cnt_correct_diff": 2.0, "epoch": 7, "trainer/global_step": 0, "_wandb": {"runtime": 235}}