{"test/conf_matrix": {"_type": "image-file", "sha256": "d4d57fd44be4ca6c236324ba60b2b39a9e962f8e3f8a34fdd8adcf32d4e475bc", "size": 27312, "path": "media/images/test/conf_matrix_0_d4d57fd44be4ca6c2363.png", "format": "png", "width": 1000, "height": 1000}, "_timestamp": 1660298237.2582724, "_runtime": 179.60195350646973, "_step": 1, "test/loss": 0.6062291860580444, "test/origin_acc": 0.8277535438537598, "test/new_acc": 0.8248423337936401, "test/f1_macro": 0.6210464239120483, "test/wqKappa": 0.7580656409263611, "test/cnt_diff": 13.0, "test/cnt_correct_diff": 3.0, "epoch": 7, "trainer/global_step": 0, "_wandb": {"runtime": 182}}