{"test/conf_matrix": {"_type": "image-file", "sha256": "fea19a9e5bf323c047059870f27fda80e4a6ef5666edfffc72a49ad76325772d", "size": 27711, "path": "media/images/test/conf_matrix_0_fea19a9e5bf323c04705.png", "format": "png", "width": 1000, "height": 1000}, "_timestamp": 1660645379.5225444, "_runtime": 205.9922595024109, "_step": 1, "test/loss": 0.6062291860580444, "test/origin_acc": 0.8277535438537598, "test/new_acc": 0.8272683620452881, "test/f1_macro": 0.6218823194503784, "test/wqKappa": 0.7628960609436035, "test/cnt_diff": 7.0, "test/cnt_correct_diff": 2.0, "epoch": 7, "trainer/global_step": 0, "_wandb": {"runtime": 205}}