{"test/conf_matrix": {"_type": "image-file", "sha256": "bed649b7abc8df65a2a1a765138a8c364062d155fa508c2bc85308bb83a00fe2", "size": 31875, "path": "media/images/test/conf_matrix_0_bed649b7abc8df65a2a1.png", "format": "png", "width": 1000, "height": 1000}, "_timestamp": 1660071258.5859783, "_runtime": 710.0066592693329, "_step": 1, "test/loss": 0.6168479919433594, "test/origin_acc": 0.7463871836662292, "test/new_acc": 0.7389233112335205, "test/f1_macro": 0.7052625417709351, "test/wqKappa": 0.6912800073623657, "test/cnt_diff": 428.0, "test/cnt_correct_diff": 182.0, "epoch": 5, "trainer/global_step": 0, "_wandb": {"runtime": 709}}