{"test/conf_matrix": {"_type": "image-file", "sha256": "89ec6134eed43af2e2f4fe16ff38ca3489bbf16ef540c0e7489136b37930fb87", "size": 30789, "path": "media/images/test/conf_matrix_0_89ec6134eed43af2e2f4.png", "format": "png", "width": 1000, "height": 1000}, "_timestamp": 1661462554.5624027, "_runtime": 121.62754774093628, "_step": 1, "test/loss": 0.7218735218048096, "test/origin_acc": 0.6959188580513, "test/new_acc": 0.6916725635528564, "test/f1_macro": 0.6070777177810669, "test/wqKappa": 0.6217848658561707, "test/cnt_diff": 463.0, "test/cnt_correct_diff": 214.0, "epoch": 7, "trainer/global_step": 0, "_wandb": {"runtime": 121}}