{"test/conf_matrix": {"_type": "image-file", "sha256": "b0631e2d6614c2535bc3a53bf93696a7c965bad2d3be38f05e7678f60cd55d29", "size": 29023, "path": "media/images/test/conf_matrix_0_b0631e2d6614c2535bc3.png", "format": "png", "width": 1000, "height": 1000}, "_timestamp": 1661332013.4120665, "_runtime": 141.68998551368713, "_step": 1, "test/loss": 0.46994638442993164, "test/origin_acc": 0.8075471520423889, "test/new_acc": 0.6811320781707764, "test/f1_macro": 0.6568769216537476, "test/wqKappa": 0.8468119502067566, "test/cnt_diff": 328.0, "test/cnt_correct_diff": 60.0, "epoch": 8, "trainer/global_step": 0, "_wandb": {"runtime": 142}}