{"test/conf_matrix": {"_type": "image-file", "sha256": "9186569e1bb5d60a3c34b4e4ae4ec957d600f728b6c86f86316e7fb06f39925f", "size": 30267, "path": "media/images/test/conf_matrix_0_9186569e1bb5d60a3c34.png", "format": "png", "width": 1000, "height": 1000}, "_timestamp": 1660653488.855134, "_runtime": 545.557028055191, "_step": 1, "test/loss": 0.8469946980476379, "test/origin_acc": 0.6934151649475098, "test/new_acc": 0.6938871741294861, "test/f1_macro": 0.6265912055969238, "test/wqKappa": 0.6214361786842346, "test/cnt_diff": 5.0, "test/cnt_correct_diff": 3.0, "epoch": 7, "trainer/global_step": 0, "_wandb": {"runtime": 545}}