{"test/conf_matrix": {"_type": "image-file", "sha256": "5d5231d2b7fd1d155071b4917faf5326499bbff77aaa24f65fc923064a7f6496", "size": 28132, "path": "media/images/test/conf_matrix_0_5d5231d2b7fd1d155071.png", "format": "png", "width": 1000, "height": 1000}, "_timestamp": 1661403642.5127904, "_runtime": 115.64937949180603, "_step": 1, "test/loss": 0.5979331135749817, "test/origin_acc": 0.8136826753616333, "test/new_acc": 0.8073750734329224, "test/f1_macro": 0.6090719103813171, "test/wqKappa": 0.7425112724304199, "test/cnt_diff": 41.0, "test/cnt_correct_diff": 9.0, "epoch": 15, "trainer/global_step": 0, "_wandb": {"runtime": 115}}