{"test/conf_matrix": {"_type": "image-file", "sha256": "a8970f38cd6347176d497e29c2262e8f09f75fdbe8afa09d9a7640f2ef5165d6", "size": 26841, "path": "media/images/test/conf_matrix_0_a8970f38cd6347176d49.png", "format": "png", "width": 1000, "height": 1000}, "_timestamp": 1660662008.2433748, "_runtime": 264.233286857605, "_step": 1, "test/loss": 0.3087417483329773, "test/origin_acc": 0.8916876316070557, "test/new_acc": 0.8778337240219116, "test/f1_macro": 0.828223705291748, "test/wqKappa": 0.9400205016136169, "test/cnt_diff": 68.0, "test/cnt_correct_diff": 21.0, "epoch": 8, "trainer/global_step": 0, "_wandb": {"runtime": 264}}