{"test/conf_matrix": {"_type": "image-file", "sha256": "53f3989f448339a99853d3543db11081980b7aa5f3822a7707604ee544a4cf55", "size": 27854, "path": "media/images/test/conf_matrix_0_53f3989f448339a99853.png", "format": "png", "width": 1000, "height": 1000}, "_timestamp": 1661930064.0533237, "_runtime": 306.06410574913025, "_step": 1, "test/loss": 0.31758856773376465, "test/origin_acc": 0.8759445548057556, "test/new_acc": 0.6914357542991638, "test/f1_macro": 0.6493765711784363, "test/wqKappa": 0.8642392158508301, "test/cnt_diff": 437.0, "test/cnt_correct_diff": 60.0, "epoch": 4, "trainer/global_step": 0, "_wandb": {"runtime": 306}}