{"test/conf_matrix": {"_type": "image-file", "sha256": "c3d012b6d8cb7a50a9c6dc421eb716f40c0cd0861e21c3203b64c2d3ad419539", "size": 27567, "path": "media/images/test/conf_matrix_0_c3d012b6d8cb7a50a9c6.png", "format": "png", "width": 1000, "height": 1000}, "_timestamp": 1661411201.567072, "_runtime": 485.6910779476166, "_step": 1, "test/loss": 0.5895299315452576, "test/origin_acc": 0.8214459419250488, "test/new_acc": 0.819990336894989, "test/f1_macro": 0.6031252145767212, "test/wqKappa": 0.7254888415336609, "test/cnt_diff": 27.0, "test/cnt_correct_diff": 9.0, "epoch": 11, "trainer/global_step": 0, "_wandb": {"runtime": 486}}