{"test/conf_matrix": {"_type": "image-file", "sha256": "e86fc0e51252339143c5491a614741ef2a7e734cd284783436a1fd9f0e7c5f9c", "size": 30302, "path": "media/images/test/conf_matrix_0_e86fc0e51252339143c5.png", "format": "png", "width": 1000, "height": 1000}, "_timestamp": 1661428228.1368597, "_runtime": 161.39731168746948, "_step": 1, "test/loss": 1.9362478256225586, "test/origin_acc": 0.5440806150436401, "test/new_acc": 0.5358942151069641, "test/f1_macro": 0.3623376488685608, "test/wqKappa": 0.5495994687080383, "test/cnt_diff": 45.0, "test/cnt_correct_diff": 7.0, "epoch": 11, "trainer/global_step": 0, "_wandb": {"runtime": 161}}