{"test/conf_matrix": {"_type": "image-file", "sha256": "35a05751df8d0efc4ae099514451ebb1903309288e4da85e1d43816c9982c1e7", "size": 27747, "path": "media/images/test/conf_matrix_0_35a05751df8d0efc4ae0.png", "format": "png", "width": 1000, "height": 1000}, "_timestamp": 1661505756.4715471, "_runtime": 79.73386406898499, "_step": 1, "test/loss": 0.373489111661911, "test/origin_acc": 0.8482367992401123, "test/new_acc": 0.8482367992401123, "test/f1_macro": 0.8138672113418579, "test/wqKappa": 0.9305019974708557, "test/cnt_diff": 0.0, "test/cnt_correct_diff": 0.0, "epoch": 7, "trainer/global_step": 0, "_wandb": {"runtime": 79}}