{"test/conf_matrix": {"_type": "image-file", "sha256": "132bc025ae76185e856a13018f1ec0c10ea5fce8285f3cd0e4a55a715db4cd19", "size": 28029, "path": "media/images/test/conf_matrix_0_132bc025ae76185e856a.png", "format": "png", "width": 1000, "height": 1000}, "_timestamp": 1661420235.3741968, "_runtime": 169.21707677841187, "_step": 1, "test/loss": 0.5568793416023254, "test/origin_acc": 0.8282387256622314, "test/new_acc": 0.8262979388237, "test/f1_macro": 0.6213231086730957, "test/wqKappa": 0.7726156115531921, "test/cnt_diff": 54.0, "test/cnt_correct_diff": 22.0, "epoch": 8, "trainer/global_step": 0, "_wandb": {"runtime": 168}}