{"test/conf_matrix": {"_type": "image-file", "sha256": "ec50ec2c815102d66f6fa3bbdc5b191182e29729aa2b1c697b5f16afe36e85de", "size": 30062, "path": "media/images/test/conf_matrix_0_ec50ec2c815102d66f6f.png", "format": "png", "width": 1000, "height": 1000}, "_timestamp": 1661438680.4516802, "_runtime": 140.4613811969757, "_step": 1, "test/loss": 2.1597023010253906, "test/origin_acc": 0.49370276927948, "test/new_acc": 0.5264483690261841, "test/f1_macro": 0.37063246965408325, "test/wqKappa": 0.5411045551300049, "test/cnt_diff": 113.0, "test/cnt_correct_diff": 72.0, "epoch": 10, "trainer/global_step": 0, "_wandb": {"runtime": 140}}