{"test/conf_matrix": {"_type": "image-file", "sha256": "edc17370512ae1dd9cbc5d6292549ebbe7575bbe181ab19abb4eeaa4c2f8204f", "size": 31402, "path": "media/images/test/conf_matrix_0_edc17370512ae1dd9cbc.png", "format": "png", "width": 1000, "height": 1000}, "_timestamp": 1660718829.595173, "_runtime": 398.5229067802429, "_step": 1, "test/loss": 0.7761930823326111, "test/acc": 0.7463871836662292, "test/acc_compare": 0.7259012460708618, "test/f1_macro": 0.7009913325309753, "test/wqKappa": 0.6844139099121094, "epoch": 5, "trainer/global_step": 0, "_wandb": {"runtime": 398}}