{"test/conf_matrix": {"_type": "image-file", "sha256": "c072e7c21c63e030cd29d9df9c7d4a811888374cdd8c9f9eb68535e41eda2830", "size": 27193, "path": "media/images/test/conf_matrix_0_c072e7c21c63e030cd29.png", "format": "png", "width": 1000, "height": 1000}, "_timestamp": 1660208612.0678344, "_runtime": 116.20859432220459, "_step": 1, "test/loss": 0.3087417483329773, "test/origin_acc": 0.8916876316070557, "test/new_acc": 0.8658690452575684, "test/f1_macro": 0.8064237833023071, "test/wqKappa": 0.9345242977142334, "test/cnt_diff": 95.0, "test/cnt_correct_diff": 25.0, "epoch": 8, "trainer/global_step": 0, "_wandb": {"runtime": 116}}