{"test/conf_matrix": {"_type": "image-file", "sha256": "2f229b44e22fc7f4e0035fbd2ec9486a226b16c12067f4d1167841a368a68970", "size": 35023, "path": "media/images/test/conf_matrix_0_2f229b44e22fc7f4e003.png", "format": "png", "width": 1000, "height": 1000}, "_timestamp": 1659468130, "_runtime": 17202, "_step": 1, "test/loss": 0.7571995258331299, "test/origin_acc": 0.7108793258666992, "test/new_acc": 0.7102439999580383, "test/f1_macro": 0.6804823279380798, "test/wqKappa": 0.8353942632675171, "test/cnt_diff": 2381.0, "test/cnt_correct_diff": 920.0, "epoch": 8, "trainer/global_step": 0, "_wandb": {"runtime": 17203}}