{"test/conf_matrix": {"_type": "image-file", "sha256": "255651bcfaba20dd07f22b62a1952da315eb6edecb3aafa6291e84a3610f29a5", "size": 30233, "path": "media/images/test/conf_matrix_0_255651bcfaba20dd07f2.png", "format": "png", "width": 1000, "height": 1000}, "_timestamp": 1658738255, "_runtime": 1209, "_step": 1, "test/loss": 0.7740350365638733, "test/origin_acc": 0.6854648590087891, "test/new_acc": 0.6859367489814758, "test/f1_macro": 0.6065621376037598, "test/wqKappa": 0.5761892795562744, "epoch": 4, "trainer/global_step": 0, "_wandb": {"runtime": 1210}}