{"test/conf_matrix": {"_type": "image-file", "sha256": "de36acce00b138622fe6ee33094954e1ba436510a7a1bb2100612ac4835fc33c", "size": 27065, "path": "media/images/test/conf_matrix_0_de36acce00b138622fe6.png", "format": "png", "width": 1000, "height": 1000}, "_timestamp": 1661489276.1203344, "_runtime": 130.28280234336853, "_step": 1, "test/loss": 0.6395517587661743, "test/origin_acc": 0.8155339956283569, "test/new_acc": 0.8237864375114441, "test/f1_macro": 0.6292074918746948, "test/wqKappa": 0.7718786597251892, "test/cnt_diff": 44.0, "test/cnt_correct_diff": 28.0, "epoch": 11, "trainer/global_step": 0, "_wandb": {"runtime": 130}}