{"test/conf_matrix": {"_type": "image-file", "sha256": "4e5b24ce32102f3cdea4072281ac6e275d6813e1af1d251a1a563d9cd193bc2b", "size": 31394, "path": "media/images/test/conf_matrix_0_4e5b24ce32102f3cdea4.png", "format": "png", "width": 1000, "height": 1000}, "_timestamp": 1660306543.343895, "_runtime": 487.21347284317017, "_step": 1, "test/loss": 0.6168479919433594, "test/origin_acc": 0.7463871836662292, "test/new_acc": 0.7360647916793823, "test/f1_macro": 0.6970468759536743, "test/wqKappa": 0.6813536286354065, "test/cnt_diff": 333.0, "test/cnt_correct_diff": 128.0, "epoch": 5, "trainer/global_step": 0, "_wandb": {"runtime": 487}}