{"test/conf_matrix": {"_type": "image-file", "sha256": "934d3f47c0b68fc57f65adced38333191a93284141e0e3d28645794e09581bf9", "size": 30281, "path": "media/images/test/conf_matrix_0_934d3f47c0b68fc57f65.png", "format": "png", "width": 1000, "height": 1000}, "_timestamp": 1661448516.1320717, "_runtime": 463.10674262046814, "_step": 1, "test/loss": 0.663868248462677, "test/origin_acc": 0.7158367037773132, "test/new_acc": 0.6953032612800598, "test/f1_macro": 0.6235988140106201, "test/wqKappa": 0.6245202422142029, "test/cnt_diff": 537.0, "test/cnt_correct_diff": 210.0, "epoch": 3, "trainer/global_step": 0, "_wandb": {"runtime": 462}}