{"test/conf_matrix": {"_type": "image-file", "sha256": "57e02613762afb5e0ed001528412b50f3c286d484cc43fc1aee1a488e1110717", "size": 30657, "path": "media/images/test/conf_matrix_0_57e02613762afb5e0ed0.png", "format": "png", "width": 1000, "height": 1000}, "_timestamp": 1661455989.6950133, "_runtime": 142.8688771724701, "_step": 1, "test/loss": 0.8598936796188354, "test/origin_acc": 0.5937721133232117, "test/new_acc": 0.6157112717628479, "test/f1_macro": 0.5364779233932495, "test/wqKappa": 0.5434244871139526, "test/cnt_diff": 1175.0, "test/cnt_correct_diff": 566.0, "epoch": 1, "trainer/global_step": 0, "_wandb": {"runtime": 142}}