{"test/conf_matrix": {"_type": "image-file", "sha256": "b622a80afd21c7c47397429fd268ffb6d26166c13dcf88ade8d6eab223653fdb", "size": 27486, "path": "media/images/test/conf_matrix_0_b622a80afd21c7c47397.png", "format": "png", "width": 1000, "height": 1000}, "_timestamp": 1661326753.050028, "_runtime": 120.5308620929718, "_step": 1, "test/loss": 0.31017082929611206, "test/origin_acc": 0.8753148317337036, "test/new_acc": 0.8482367992401123, "test/f1_macro": 0.8134351968765259, "test/wqKappa": 0.9298765063285828, "test/cnt_diff": 111.0, "test/cnt_correct_diff": 34.0, "epoch": 7, "trainer/global_step": 0, "_wandb": {"runtime": 120}}