{"test/conf_matrix": {"_type": "image-file", "sha256": "cc1f241ee7e00dd6d8cbd54a49e90fe1a55b85b8f56ec593cec8f34f88ccd448", "size": 30136, "path": "media/images/test/conf_matrix_0_cc1f241ee7e00dd6d8cb.png", "format": "png", "width": 1000, "height": 1000}, "_timestamp": 1661433421.3808968, "_runtime": 132.87832689285278, "_step": 1, "test/loss": 2.1597023010253906, "test/origin_acc": 0.49370276927948, "test/new_acc": 0.5340050458908081, "test/f1_macro": 0.3809490203857422, "test/wqKappa": 0.5504485368728638, "test/cnt_diff": 127.0, "test/cnt_correct_diff": 85.0, "epoch": 10, "trainer/global_step": 0, "_wandb": {"runtime": 133}}