{"test/conf_matrix": {"_type": "image-file", "sha256": "9ac58d9674af78701dfd694f0d15a3d755f15862ea52f846ddf11581fc96daf6", "size": 27193, "path": "media/images/test/conf_matrix_0_9ac58d9674af78701dfd.png", "format": "png", "width": 1000, "height": 1000}, "_timestamp": 1661336588.3113418, "_runtime": 73.98973870277405, "_step": 1, "test/loss": 0.36290663480758667, "test/origin_acc": 0.8465409278869629, "test/new_acc": 0.8371069431304932, "test/f1_macro": 0.7988710403442383, "test/wqKappa": 0.9232409000396729, "test/cnt_diff": 94.0, "test/cnt_correct_diff": 39.0, "epoch": 7, "trainer/global_step": 0, "_wandb": {"runtime": 73}}