{"test/conf_matrix": {"_type": "image-file", "sha256": "8cea9f4c510f9cc9d3b8e9c681f8de27aaacd8b741a597aa9e9bc892d6f437cd", "size": 28508, "path": "media/images/test/conf_matrix_0_8cea9f4c510f9cc9d3b8.png", "format": "png", "width": 1000, "height": 1000}, "_timestamp": 1661326277.3593104, "_runtime": 76.32200741767883, "_step": 1, "test/loss": 0.5756698250770569, "test/origin_acc": 0.7811321020126343, "test/new_acc": 0.738993763923645, "test/f1_macro": 0.7058176398277283, "test/wqKappa": 0.8067371845245361, "test/cnt_diff": 175.0, "test/cnt_correct_diff": 40.0, "epoch": 8, "trainer/global_step": 0, "_wandb": {"runtime": 75}}