{"test/conf_matrix": {"_type": "image-file", "sha256": "6e25ef1c100b9d25157096d6c12c3f1aebb36ec038f5253bb49a02120a1d6dee", "size": 30764, "path": "media/images/test/conf_matrix_0_6e25ef1c100b9d251570.png", "format": "png", "width": 1000, "height": 1000}, "_timestamp": 1661459505.4286964, "_runtime": 130.43795442581177, "_step": 1, "test/loss": 0.7218735218048096, "test/origin_acc": 0.6959188580513, "test/new_acc": 0.6914366483688354, "test/f1_macro": 0.6068474054336548, "test/wqKappa": 0.6217490434646606, "test/cnt_diff": 464.0, "test/cnt_correct_diff": 214.0, "epoch": 7, "trainer/global_step": 0, "_wandb": {"runtime": 130}}