{"test/conf_matrix": {"_type": "image-file", "sha256": "6692a64f728c83d5cc6725dcd7c6834e048374754ef181a9acd90db435e565b2", "size": 33989, "path": "media/images/test/conf_matrix_0_6692a64f728c83d5cc67.png", "format": "png", "width": 1000, "height": 1000}, "_timestamp": 1659517473, "_runtime": 17616, "_step": 1, "test/loss": 0.7571995258331299, "test/origin_acc": 0.7108793258666992, "test/new_acc": 0.7111062407493591, "test/f1_macro": 0.6806610822677612, "test/wqKappa": 0.834295392036438, "test/cnt_diff": 1980.0, "test/cnt_correct_diff": 857.0, "epoch": 8, "trainer/global_step": 0, "_wandb": {"runtime": 17619}}