{"test/conf_matrix": {"_type": "image-file", "sha256": "bc0d1198033dbd5925b10ff29585c1a9a468fea0551c89b861b1b213de70bad7", "size": 26680, "path": "media/images/test/conf_matrix_0_bc0d1198033dbd5925b1.png", "format": "png", "width": 1000, "height": 1000}, "_timestamp": 1661480794.2131066, "_runtime": 151.5709366798401, "_step": 1, "test/loss": 0.5793511271476746, "test/origin_acc": 0.832524299621582, "test/new_acc": 0.8233009576797485, "test/f1_macro": 0.6205675601959229, "test/wqKappa": 0.7836483716964722, "test/cnt_diff": 66.0, "test/cnt_correct_diff": 18.0, "epoch": 11, "trainer/global_step": 0, "_wandb": {"runtime": 151}}