{"test/conf_matrix": {"_type": "image-file", "sha256": "c363770c1d22a2710356fa3306b9746781467d96dd5cb4a372a51d248d312afd", "size": 27926, "path": "media/images/test/conf_matrix_0_c363770c1d22a2710356.png", "format": "png", "width": 1000, "height": 1000}, "_timestamp": 1661407175.0640283, "_runtime": 105.36233925819397, "_step": 1, "test/loss": 0.5978809595108032, "test/origin_acc": 0.8170791268348694, "test/new_acc": 0.803978681564331, "test/f1_macro": 0.6012735366821289, "test/wqKappa": 0.7489001154899597, "test/cnt_diff": 57.0, "test/cnt_correct_diff": 8.0, "epoch": 12, "trainer/global_step": 0, "_wandb": {"runtime": 105}}