{"test/conf_matrix": {"_type": "image-file", "sha256": "4d7005b220f308575b3c7577096e439e597bf1239cd940588da7e218e0905778", "size": 29028, "path": "media/images/test/conf_matrix_0_4d7005b220f308575b3c.png", "format": "png", "width": 1000, "height": 1000}, "_timestamp": 1661409219.760685, "_runtime": 314.76544284820557, "_step": 1, "test/loss": 0.6313098073005676, "test/origin_acc": 0.7738962173461914, "test/new_acc": 0.7210092544555664, "test/f1_macro": 0.518483579158783, "test/wqKappa": 0.6373823881149292, "test/cnt_diff": 257.0, "test/cnt_correct_diff": 58.0, "epoch": 2, "trainer/global_step": 0, "_wandb": {"runtime": 314}}