{"test/conf_matrix": {"_type": "image-file", "sha256": "9229355b4967a967e27d4e0470724b5cbf7507bd50009a5000afac6dcc059b7e", "size": 30692, "path": "media/images/test/conf_matrix_0_9229355b4967a967e27d.png", "format": "png", "width": 1000, "height": 1000}, "_timestamp": 1661452907.2413087, "_runtime": 143.37165665626526, "_step": 1, "test/loss": 0.8180785775184631, "test/origin_acc": 0.6161831021308899, "test/new_acc": 0.5989620685577393, "test/f1_macro": 0.5436623096466064, "test/wqKappa": 0.5162163972854614, "test/cnt_diff": 684.0, "test/cnt_correct_diff": 266.0, "epoch": 5, "trainer/global_step": 0, "_wandb": {"runtime": 143}}