{"test/conf_matrix": {"_type": "image-file", "sha256": "ecb4f0252cf53ca8a0e5e6c6c1588265eed2ee999a94754089342d0743956bef", "size": 28456, "path": "media/images/test/conf_matrix_0_ecb4f0252cf53ca8a0e5.png", "format": "png", "width": 1000, "height": 1000}, "_timestamp": 1661406794.1457634, "_runtime": 89.78980851173401, "_step": 1, "test/loss": 0.5978809595108032, "test/origin_acc": 0.8170791268348694, "test/new_acc": 0.8093158602714539, "test/f1_macro": 0.6039096117019653, "test/wqKappa": 0.7586228251457214, "test/cnt_diff": 116.0, "test/cnt_correct_diff": 41.0, "epoch": 12, "trainer/global_step": 0, "_wandb": {"runtime": 89}}