{"test/conf_matrix": {"_type": "image-file", "sha256": "3c0f35e3d1f87390a90ad5d8675c8b6be551a32cb8496d3127417389f33cba22", "size": 27613, "path": "media/images/test/conf_matrix_0_3c0f35e3d1f87390a90a.png", "format": "png", "width": 1000, "height": 1000}, "_timestamp": 1661937344.1042159, "_runtime": 500.1132688522339, "_step": 1, "test/loss": 0.31690359115600586, "test/origin_acc": 0.8740554451942444, "test/new_acc": 0.6057934761047363, "test/f1_macro": 0.5579159259796143, "test/wqKappa": 0.839390754699707, "test/cnt_diff": 557.0, "test/cnt_correct_diff": 50.0, "epoch": 8, "trainer/global_step": 0, "_wandb": {"runtime": 500}}