{"test/conf_matrix": {"_type": "image-file", "sha256": "edc1f74f35b88575c93520881fda63fb34f9d8259c514865ceb63f5199cd35d3", "size": 27769, "path": "media/images/test/conf_matrix_0_edc1f74f35b88575c935.png", "format": "png", "width": 1000, "height": 1000}, "_timestamp": 1661413051.3699563, "_runtime": 267.5444061756134, "_step": 1, "test/loss": 0.6313098073005676, "test/origin_acc": 0.7738962173461914, "test/new_acc": 0.751091718673706, "test/f1_macro": 0.5510779619216919, "test/wqKappa": 0.6640174388885498, "test/cnt_diff": 152.0, "test/cnt_correct_diff": 42.0, "epoch": 2, "trainer/global_step": 0, "_wandb": {"runtime": 267}}