{"test/conf_matrix": {"_type": "image-file", "sha256": "ca647f61222eec7935cd7e7ff3fff83ac4d6ada7837049c939ed5e549c3ed928", "size": 29592, "path": "media/images/test/conf_matrix_0_ca647f61222eec7935cd.png", "format": "png", "width": 1000, "height": 1000}, "_timestamp": 1661436778.0482717, "_runtime": 445.4967906475067, "_step": 1, "test/loss": 0.6964133977890015, "test/origin_acc": 0.6936511397361755, "test/new_acc": 0.6728817820549011, "test/f1_macro": 0.6012158393859863, "test/wqKappa": 0.6105799674987793, "test/cnt_diff": 728.0, "test/cnt_correct_diff": 306.0, "epoch": 8, "trainer/global_step": 0, "_wandb": {"runtime": 446}}