{"test/conf_matrix": {"_type": "image-file", "sha256": "f0c9b468789ea3e82bf0912d7dc843b39233f0d3c20a50209269ff9abeff85a0", "size": 27595, "path": "media/images/test/conf_matrix_0_f0c9b468789ea3e82bf0.png", "format": "png", "width": 1000, "height": 1000}, "_timestamp": 1661347319.7051609, "_runtime": 288.1255979537964, "_step": 1, "test/loss": 0.3830234110355377, "test/origin_acc": 0.8283019065856934, "test/new_acc": 0.7805031538009644, "test/f1_macro": 0.7495096921920776, "test/wqKappa": 0.9038211703300476, "test/cnt_diff": 211.0, "test/cnt_correct_diff": 65.0, "epoch": 15, "trainer/global_step": 0, "_wandb": {"runtime": 287}}