{"test/conf_matrix": {"_type": "image-file", "sha256": "16a671b5ac902d3c774c8a37821c14183a7afde37990289893159c47f886a96e", "size": 28455, "path": "media/images/test/conf_matrix_0_16a671b5ac902d3c774c.png", "format": "png", "width": 1000, "height": 1000}, "_timestamp": 1661408244.6716678, "_runtime": 138.91022181510925, "_step": 1, "test/loss": 0.5978809595108032, "test/origin_acc": 0.8170791268348694, "test/new_acc": 0.8127123117446899, "test/f1_macro": 0.60589998960495, "test/wqKappa": 0.75025475025177, "test/cnt_diff": 87.0, "test/cnt_correct_diff": 34.0, "epoch": 12, "trainer/global_step": 0, "_wandb": {"runtime": 138}}