{"test/conf_matrix": {"_type": "image-file", "sha256": "8a0568be710b140a96c4c9475310abb5acacde8283097e91fb4ae98a893801ba", "size": 29063, "path": "media/images/test/conf_matrix_0_8a0568be710b140a96c4.png", "format": "png", "width": 1000, "height": 1000}, "_timestamp": 1661413798.157858, "_runtime": 223.64564490318298, "_step": 1, "test/loss": 0.6313098073005676, "test/origin_acc": 0.7738962173461914, "test/new_acc": 0.7345948815345764, "test/f1_macro": 0.5343561172485352, "test/wqKappa": 0.6502953767776489, "test/cnt_diff": 215.0, "test/cnt_correct_diff": 52.0, "epoch": 2, "trainer/global_step": 0, "_wandb": {"runtime": 223}}