{"test/conf_matrix": {"_type": "image-file", "sha256": "bbff7323048c3e9db335557cf0c11ad1c7f64dcf501125190d8e39bebcba7653", "size": 26907, "path": "media/images/test/conf_matrix_0_bbff7323048c3e9db335.png", "format": "png", "width": 1000, "height": 1000}, "_timestamp": 1661882916.5684938, "_runtime": 334.8788619041443, "_step": 1, "test/loss": 0.33733710646629333, "test/origin_acc": 0.8570529222488403, "test/new_acc": 0.8526448607444763, "test/f1_macro": 0.7990179061889648, "test/wqKappa": 0.9296820163726807, "test/cnt_diff": 74.0, "test/cnt_correct_diff": 33.0, "epoch": 2, "trainer/global_step": 0, "_wandb": {"runtime": 334}}