{"test/conf_matrix": {"_type": "image-file", "sha256": "43be543b8cb9bf0278e1a40f96af316333e756c66cfc925c3b7fdef8c837ab56", "size": 27742, "path": "media/images/test/conf_matrix_0_43be543b8cb9bf0278e1.png", "format": "png", "width": 1000, "height": 1000}, "_timestamp": 1661400417.7617192, "_runtime": 146.97554516792297, "_step": 1, "test/loss": 0.6740458607673645, "test/origin_acc": 0.7850558757781982, "test/new_acc": 0.7899078130722046, "test/f1_macro": 0.57696932554245, "test/wqKappa": 0.7051498889923096, "test/cnt_diff": 53.0, "test/cnt_correct_diff": 29.0, "epoch": 10, "trainer/global_step": 0, "_wandb": {"runtime": 146}}