{"test/conf_matrix": {"_type": "image-file", "sha256": "14fe6da13469255a4d673f341d79cce4d1d2e51add4549346e614f9f06a014e8", "size": 26851, "path": "media/images/test/conf_matrix_0_14fe6da13469255a4d67.png", "format": "png", "width": 1000, "height": 1000}, "_timestamp": 1661479301.0910997, "_runtime": 163.52930283546448, "_step": 1, "test/loss": 0.5137186646461487, "test/origin_acc": 0.8466019630432129, "test/new_acc": 0.8475728034973145, "test/f1_macro": 0.6360933184623718, "test/wqKappa": 0.805780291557312, "test/cnt_diff": 3.0, "test/cnt_correct_diff": 2.0, "epoch": 10, "trainer/global_step": 0, "_wandb": {"runtime": 163}}