{"test/conf_matrix": {"_type": "image-file", "sha256": "4a513766030e63b6919d944a127354f632401d6911db4dc42c9061c71520eb04", "size": 26973, "path": "media/images/test/conf_matrix_0_4a513766030e63b6919d.png", "format": "png", "width": 1000, "height": 1000}, "_timestamp": 1661885848.4574137, "_runtime": 765.557131767273, "_step": 1, "test/loss": 0.33733710646629333, "test/origin_acc": 0.8570529222488403, "test/new_acc": 0.8482367992401123, "test/f1_macro": 0.7896299958229065, "test/wqKappa": 0.9281611442565918, "test/cnt_diff": 89.0, "test/cnt_correct_diff": 36.0, "epoch": 2, "trainer/global_step": 0, "_wandb": {"runtime": 764}}