{"test/conf_matrix": {"_type": "image-file", "sha256": "a99438e52798afe749e5c6f9e82c7982beb5c338fe2395b682807eec70efd4dc", "size": 27613, "path": "media/images/test/conf_matrix_0_a99438e52798afe749e5.png", "format": "png", "width": 1000, "height": 1000}, "_timestamp": 1658874083, "_runtime": 330, "_step": 1, "test/loss": 0.6044451594352722, "test/origin_acc": 0.8281553983688354, "test/new_acc": 0.8271844983100891, "test/f1_macro": 0.6214479804039001, "test/wqKappa": 0.7600303888320923, "test/cnt_diff": 8.0, "test/cnt_correct_diff": 2.0, "epoch": 7, "trainer/global_step": 0, "_wandb": {"runtime": 332}}