{"test/conf_matrix": {"_type": "image-file", "sha256": "50c894ad6aacc3f56e4e0268eb2b93aec63cfb4768485ef0b297e276a95620b4", "size": 26951, "path": "media/images/test/conf_matrix_0_50c894ad6aacc3f56e4e.png", "format": "png", "width": 1000, "height": 1000}, "_timestamp": 1661906850.9128647, "_runtime": 407.2627477645874, "_step": 1, "test/loss": 0.30694741010665894, "test/origin_acc": 0.8765742778778076, "test/new_acc": 0.8778337240219116, "test/f1_macro": 0.8373144268989563, "test/wqKappa": 0.9420848488807678, "test/cnt_diff": 18.0, "test/cnt_correct_diff": 10.0, "epoch": 6, "trainer/global_step": 0, "_wandb": {"runtime": 407}}