{"test/conf_matrix": {"_type": "image-file", "sha256": "014c7c1d72cc6dfdbc3d52e50efebf23114838033fde55edb1adbc3bfe6c126f", "size": 30630, "path": "media/images/test/conf_matrix_0_014c7c1d72cc6dfdbc3d.png", "format": "png", "width": 1000, "height": 1000}, "_timestamp": 1661454468.5544467, "_runtime": 230.084885597229, "_step": 1, "test/loss": 0.663868248462677, "test/origin_acc": 0.7158367037773132, "test/new_acc": 0.7215010523796082, "test/f1_macro": 0.6409295797348022, "test/wqKappa": 0.636076807975769, "test/cnt_diff": 96.0, "test/cnt_correct_diff": 54.0, "epoch": 3, "trainer/global_step": 0, "_wandb": {"runtime": 229}}