{"test/conf_matrix": {"_type": "image-file", "sha256": "40e1bfa97ad214383daa7fdf12a11766520921228cd55e458331653e52840e3a", "size": 27426, "path": "media/images/test/conf_matrix_0_40e1bfa97ad214383daa.png", "format": "png", "width": 1000, "height": 1000}, "_timestamp": 1660647139.6710997, "_runtime": 238.1639437675476, "_step": 1, "test/loss": 0.4327978789806366, "test/origin_acc": 0.8091939687728882, "test/new_acc": 0.8117128610610962, "test/f1_macro": 0.7630630135536194, "test/wqKappa": 0.9110344648361206, "test/cnt_diff": 6.0, "test/cnt_correct_diff": 5.0, "epoch": 1, "trainer/global_step": 0, "_wandb": {"runtime": 237}}