{"test/conf_matrix": {"_type": "image-file", "sha256": "d11c418b8205866ceecb14a01f31b955d02287e34acde42c362cdff8ce6c00fe", "size": 28353, "path": "media/images/test/conf_matrix_0_d11c418b8205866ceecb.png", "format": "png", "width": 1000, "height": 1000}, "_timestamp": 1661336294.7871437, "_runtime": 75.94658279418945, "_step": 1, "test/loss": 0.36475446820259094, "test/origin_acc": 0.8339622616767883, "test/new_acc": 0.8213836550712585, "test/f1_macro": 0.792594313621521, "test/wqKappa": 0.9156060218811035, "test/cnt_diff": 125.0, "test/cnt_correct_diff": 52.0, "epoch": 7, "trainer/global_step": 0, "_wandb": {"runtime": 75}}