{"test/conf_matrix": {"_type": "image-file", "sha256": "cab0f5f99b325e6c242de1a78a9353344bc4ea45b451981b979a74c98ba23abb", "size": 28223, "path": "media/images/test/conf_matrix_0_cab0f5f99b325e6c242d.png", "format": "png", "width": 1000, "height": 1000}, "_timestamp": 1661479546.415488, "_runtime": 168.2365279197693, "_step": 1, "test/loss": 0.5617218017578125, "test/origin_acc": 0.8286407589912415, "test/new_acc": 0.829126238822937, "test/f1_macro": 0.6218906044960022, "test/wqKappa": 0.7645076513290405, "test/cnt_diff": 10.0, "test/cnt_correct_diff": 5.0, "epoch": 10, "trainer/global_step": 0, "_wandb": {"runtime": 168}}