{"test/conf_matrix": {"_type": "image-file", "sha256": "d29045479d3ceed15d7d98a250ef17fbd72a81ddc216d01d9d38c06b4dab9b0a", "size": 27585, "path": "media/images/test/conf_matrix_0_d29045479d3ceed15d7d.png", "format": "png", "width": 1000, "height": 1000}, "_timestamp": 1661341577.914153, "_runtime": 324.0046591758728, "_step": 1, "test/loss": 0.3830234110355377, "test/origin_acc": 0.8283019065856934, "test/new_acc": 0.7849056720733643, "test/f1_macro": 0.7524716258049011, "test/wqKappa": 0.9054061770439148, "test/cnt_diff": 198.0, "test/cnt_correct_diff": 62.0, "epoch": 15, "trainer/global_step": 0, "_wandb": {"runtime": 325}}