{"test/conf_matrix": {"_type": "image-file", "sha256": "6b5b9d4c646cda22ce5b05d25b91913df9ed5927bfdd1625642933d63348b03f", "size": 27796, "path": "media/images/test/conf_matrix_0_6b5b9d4c646cda22ce5b.png", "format": "png", "width": 1000, "height": 1000}, "_timestamp": 1661489275.4845314, "_runtime": 132.05644345283508, "_step": 1, "test/loss": 0.567625880241394, "test/origin_acc": 0.825728178024292, "test/new_acc": 0.8271844387054443, "test/f1_macro": 0.6307259798049927, "test/wqKappa": 0.7819288372993469, "test/cnt_diff": 70.0, "test/cnt_correct_diff": 34.0, "epoch": 5, "trainer/global_step": 0, "_wandb": {"runtime": 131}}