{"test/conf_matrix": {"_type": "image-file", "sha256": "3d641c9e7bcc605e8e22010aa8cf01acfabb560be007016570c416cae81a9b8d", "size": 29880, "path": "media/images/test/conf_matrix_0_3d641c9e7bcc605e8e22.png", "format": "png", "width": 1000, "height": 1000}, "_timestamp": 1660072662.560842, "_runtime": 762.9959740638733, "_step": 1, "test/loss": 0.34628796577453613, "test/origin_acc": 0.8710532188415527, "test/new_acc": 0.8571980595588684, "test/f1_macro": 0.7816376686096191, "test/wqKappa": 0.9238057136535645, "test/cnt_diff": 827.0, "test/cnt_correct_diff": 275.0, "epoch": 1, "trainer/global_step": 0, "_wandb": {"runtime": 763}}