{"test/conf_matrix": {"_type": "image-file", "sha256": "fa9c0845152c4580280f7534e3d02066caf97f89c7df756a3e0a3474da667b0c", "size": 28810, "path": "media/images/test/conf_matrix_0_fa9c0845152c4580280f.png", "format": "png", "width": 1000, "height": 1000}, "_timestamp": 1661326600.3702173, "_runtime": 84.16057825088501, "_step": 1, "test/loss": 0.5756698250770569, "test/origin_acc": 0.7811321020126343, "test/new_acc": 0.6597484946250916, "test/f1_macro": 0.6348947286605835, "test/wqKappa": 0.7526580095291138, "test/cnt_diff": 374.0, "test/cnt_correct_diff": 74.0, "epoch": 8, "trainer/global_step": 0, "_wandb": {"runtime": 83}}