{"test/conf_matrix": {"_type": "image-file", "sha256": "a54318c14d964de304ce7531a5f3a9d785ba0b6b22cbefe7266c64212bb6f557", "size": 26590, "path": "media/images/test/conf_matrix_0_a54318c14d964de304ce.png", "format": "png", "width": 1000, "height": 1000}, "_timestamp": 1661926341.0022275, "_runtime": 151.88963866233826, "_step": 1, "test/loss": 0.31758856773376465, "test/origin_acc": 0.8759445548057556, "test/new_acc": 0.8696473836898804, "test/f1_macro": 0.8281458616256714, "test/wqKappa": 0.9370885491371155, "test/cnt_diff": 47.0, "test/cnt_correct_diff": 18.0, "epoch": 4, "trainer/global_step": 0, "_wandb": {"runtime": 152}}