{"test/conf_matrix": {"_type": "image-file", "sha256": "738aa69a42807a9d3aced054be5186e6038565bcc0c03bcba678bbf922d8f98e", "size": 31093, "path": "media/images/test/conf_matrix_0_738aa69a42807a9d3ace.png", "format": "png", "width": 1000, "height": 1000}, "_timestamp": 1661458714.6605651, "_runtime": 147.96638202667236, "_step": 1, "test/loss": 0.8598936796188354, "test/origin_acc": 0.5937721133232117, "test/new_acc": 0.6083981990814209, "test/f1_macro": 0.5181039571762085, "test/wqKappa": 0.5328754186630249, "test/cnt_diff": 1248.0, "test/cnt_correct_diff": 587.0, "epoch": 1, "trainer/global_step": 0, "_wandb": {"runtime": 147}}