{"test/conf_matrix": {"_type": "image-file", "sha256": "5ad964ed612dcab9e1b1a33717816d3a352191f46df0cdaf1cc3e7879c62df94", "size": 27569, "path": "media/images/test/conf_matrix_0_5ad964ed612dcab9e1b1.png", "format": "png", "width": 1000, "height": 1000}, "_timestamp": 1661330151.5447536, "_runtime": 168.21178245544434, "_step": 1, "test/loss": 0.35823777318000793, "test/origin_acc": 0.8526448607444763, "test/new_acc": 0.8035264611244202, "test/f1_macro": 0.777662456035614, "test/wqKappa": 0.9087895750999451, "test/cnt_diff": 202.0, "test/cnt_correct_diff": 61.0, "epoch": 5, "trainer/global_step": 0, "_wandb": {"runtime": 168}}