{"test/conf_matrix": {"_type": "image-file", "sha256": "979dd73df454852c273b6ceca48a0796214865c5bcd3cf4b862d95761311c9ae", "size": 30420, "path": "media/images/test/conf_matrix_0_979dd73df454852c273b.png", "format": "png", "width": 1000, "height": 1000}, "_timestamp": 1661441368.0824676, "_runtime": 356.12506651878357, "_step": 1, "test/loss": 0.714397668838501, "test/origin_acc": 0.6908189654350281, "test/new_acc": 0.6884588003158569, "test/f1_macro": 0.5673298239707947, "test/wqKappa": 0.5652952790260315, "test/cnt_diff": 50.0, "test/cnt_correct_diff": 13.0, "epoch": 3, "trainer/global_step": 0, "_wandb": {"runtime": 356}}