{"test/conf_matrix": {"_type": "image-file", "sha256": "3b21bffc20442d3aae5d18cc90496d4d5f4e4d9dd7704f433cc7cbd3b4141276", "size": 27317, "path": "media/images/test/conf_matrix_0_3b21bffc20442d3aae5d.png", "format": "png", "width": 1000, "height": 1000}, "_timestamp": 1661334394.9793136, "_runtime": 110.43315267562866, "_step": 1, "test/loss": 0.2952144742012024, "test/origin_acc": 0.8797228932380676, "test/new_acc": 0.8835012316703796, "test/f1_macro": 0.848171591758728, "test/wqKappa": 0.9449108839035034, "test/cnt_diff": 67.0, "test/cnt_correct_diff": 36.0, "epoch": 12, "trainer/global_step": 0, "_wandb": {"runtime": 109}}