{"test/conf_matrix": {"_type": "image-file", "sha256": "eeeb76cabec2c7034b6e7596c9598f12d242f8f39b4d50e9eab2ec6a56d0e8da", "size": 30730, "path": "media/images/test/conf_matrix_0_eeeb76cabec2c7034b6e.png", "format": "png", "width": 1000, "height": 1000}, "_timestamp": 1661442333.2613564, "_runtime": 151.30444025993347, "_step": 1, "test/loss": 2.620410442352295, "test/origin_acc": 0.250629723072052, "test/new_acc": 0.29471033811569214, "test/f1_macro": 0.255214124917984, "test/wqKappa": -0.3608137369155884, "test/cnt_diff": 679.0, "test/cnt_correct_diff": 183.0, "epoch": 0, "trainer/global_step": 0, "_wandb": {"runtime": 152}}