{"test/conf_matrix": {"_type": "image-file", "sha256": "39f1e775c8be6ffde876c2bb3cc3bfab20802e27019b69142dde972ab08853ee", "size": 27850, "path": "media/images/test/conf_matrix_0_39f1e775c8be6ffde876.png", "format": "png", "width": 1000, "height": 1000}, "_timestamp": 1661334856.854369, "_runtime": 73.2724928855896, "_step": 1, "test/loss": 0.36475446820259094, "test/origin_acc": 0.8339622616767883, "test/new_acc": 0.8383647799491882, "test/f1_macro": 0.8027276992797852, "test/wqKappa": 0.9225980639457703, "test/cnt_diff": 16.0, "test/cnt_correct_diff": 11.0, "epoch": 7, "trainer/global_step": 0, "_wandb": {"runtime": 72}}