{"test/conf_matrix": {"_type": "image-file", "sha256": "0cafdbb20fc5071a67f7a8907ae64ee1dcbff5c67390b73507bc285a9727a1e0", "size": 29945, "path": "media/images/test/conf_matrix_0_0cafdbb20fc5071a67f7.png", "format": "png", "width": 1000, "height": 1000}, "_timestamp": 1661409301.6378803, "_runtime": 486.577100276947, "_step": 1, "test/loss": 2.093094825744629, "test/origin_acc": 0.5560453534126282, "test/new_acc": 0.5346347689628601, "test/f1_macro": 0.3788580596446991, "test/wqKappa": 0.4949970245361328, "test/cnt_diff": 571.0, "test/cnt_correct_diff": 207.0, "epoch": 11, "trainer/global_step": 0, "_wandb": {"runtime": 487}}