{"test/conf_matrix": {"_type": "image-file", "sha256": "f8c7ac7320396b2463a16194567b1255767edd7e99e3eb60b0208b0dfe93ec52", "size": 27405, "path": "media/images/test/conf_matrix_0_f8c7ac7320396b2463a1.png", "format": "png", "width": 1000, "height": 1000}, "_timestamp": 1661326653.339434, "_runtime": 96.82333397865295, "_step": 1, "test/loss": 0.35823777318000793, "test/origin_acc": 0.8526448607444763, "test/new_acc": 0.8079345226287842, "test/f1_macro": 0.7819811701774597, "test/wqKappa": 0.9104827642440796, "test/cnt_diff": 193.0, "test/cnt_correct_diff": 60.0, "epoch": 5, "trainer/global_step": 0, "_wandb": {"runtime": 96}}