{"test/conf_matrix": {"_type": "image-file", "sha256": "205a514d9c27514f7c4dd0d6736f13e4baca3d44b2d94fb29cc9904d98895855", "size": 26555, "path": "media/images/test/conf_matrix_0_205a514d9c27514f7c4d.png", "format": "png", "width": 1000, "height": 1000}, "_timestamp": 1661934077.2453437, "_runtime": 130.0859715938568, "_step": 1, "test/loss": 0.31690359115600586, "test/origin_acc": 0.8740554451942444, "test/new_acc": 0.8734257221221924, "test/f1_macro": 0.839838981628418, "test/wqKappa": 0.9395943284034729, "test/cnt_diff": 4.0, "test/cnt_correct_diff": 1.0, "epoch": 8, "trainer/global_step": 0, "_wandb": {"runtime": 130}}