{"test/conf_matrix": {"_type": "image-file", "sha256": "239a95d182ba9be9e8bee6d88ce612ab40686e54fc9bf5f2d1b1d6c6c1b25129", "size": 27559, "path": "media/images/test/conf_matrix_0_239a95d182ba9be9e8be.png", "format": "png", "width": 1000, "height": 1000}, "_timestamp": 1661330273.157315, "_runtime": 174.3234510421753, "_step": 1, "test/loss": 0.31017082929611206, "test/origin_acc": 0.8753148317337036, "test/new_acc": 0.8494962453842163, "test/f1_macro": 0.8155713677406311, "test/wqKappa": 0.930382490158081, "test/cnt_diff": 109.0, "test/cnt_correct_diff": 34.0, "epoch": 7, "trainer/global_step": 0, "_wandb": {"runtime": 173}}