{"test/conf_matrix": {"_type": "image-file", "sha256": "4f938f0eeeaa9e7ff9af25e88ff570c251c601da9d1cf2408844fb8179dbfb0f", "size": 26827, "path": "media/images/test/conf_matrix_0_4f938f0eeeaa9e7ff9af.png", "format": "png", "width": 1000, "height": 1000}, "_timestamp": 1661481751.7277606, "_runtime": 125.04474449157715, "_step": 1, "test/loss": 0.557793915271759, "test/origin_acc": 0.8131067752838135, "test/new_acc": 0.791262149810791, "test/f1_macro": 0.5853952765464783, "test/wqKappa": 0.740548849105835, "test/cnt_diff": 132.0, "test/cnt_correct_diff": 39.0, "epoch": 2, "trainer/global_step": 0, "_wandb": {"runtime": 124}}