{"test/conf_matrix": {"_type": "image-file", "sha256": "0a1a3f9c33f72ca130b03fe65c8ffbf537795712d0d884a3b9fc638c4b8c5130", "size": 30264, "path": "media/images/test/conf_matrix_0_0a1a3f9c33f72ca130b0.png", "format": "png", "width": 1000, "height": 1000}, "_timestamp": 1661420098.9335737, "_runtime": 424.2401156425476, "_step": 1, "test/loss": 1.5902985334396362, "test/origin_acc": 0.6070529222488403, "test/new_acc": 0.5440806150436401, "test/f1_macro": 0.3839951753616333, "test/wqKappa": 0.445506751537323, "test/cnt_diff": 286.0, "test/cnt_correct_diff": 56.0, "epoch": 5, "trainer/global_step": 0, "_wandb": {"runtime": 424}}