{"test/conf_matrix": {"_type": "image-file", "sha256": "cba46725ad9d279ec1a626a12499234c33db957e566c9c71a0365d0def353aa6", "size": 30135, "path": "media/images/test/conf_matrix_0_cba46725ad9d279ec1a6.png", "format": "png", "width": 1000, "height": 1000}, "_timestamp": 1660654563.5079951, "_runtime": 457.00033020973206, "_step": 1, "test/loss": 0.8469946980476379, "test/origin_acc": 0.6934151649475098, "test/new_acc": 0.6901109218597412, "test/f1_macro": 0.6241570711135864, "test/wqKappa": 0.6201392412185669, "test/cnt_diff": 61.0, "test/cnt_correct_diff": 21.0, "epoch": 7, "trainer/global_step": 0, "_wandb": {"runtime": 457}}