{"test/conf_matrix": {"_type": "image-file", "sha256": "e5b0a2de69b1658fa14ff9b0d718adb06d482e8d6b5590b2139dab0497a531fc", "size": 26263, "path": "media/images/test/conf_matrix_0_e5b0a2de69b1658fa14f.png", "format": "png", "width": 1000, "height": 1000}, "_timestamp": 1661369111.951315, "_runtime": 194.5718388557434, "_step": 1, "test/loss": 0.3109378218650818, "test/origin_acc": 0.8709068298339844, "test/new_acc": 0.8715365529060364, "test/f1_macro": 0.824209451675415, "test/wqKappa": 0.9402468800544739, "test/cnt_diff": 1.0, "test/cnt_correct_diff": 1.0, "epoch": 5, "trainer/global_step": 0, "_wandb": {"runtime": 195}}