{"test/conf_matrix": {"_type": "image-file", "sha256": "46acb6bb542bcb02935ab8b80ae5b1798f3689b8c5e1f9cdcb3544d384e212cb", "size": 30940, "path": "media/images/test/conf_matrix_0_46acb6bb542bcb02935a.png", "format": "png", "width": 1000, "height": 1000}, "_timestamp": 1661421716.8129625, "_runtime": 384.1166355609894, "_step": 1, "test/loss": 1.5902985334396362, "test/origin_acc": 0.6070529222488403, "test/new_acc": 0.50629723072052, "test/f1_macro": 0.40040910243988037, "test/wqKappa": 0.4235004782676697, "test/cnt_diff": 454.0, "test/cnt_correct_diff": 93.0, "epoch": 5, "trainer/global_step": 0, "_wandb": {"runtime": 383}}