{"test/conf_matrix": {"_type": "image-file", "sha256": "a44b2a7deb717383204f0665f554432886b5f5c41d658834deea971eea8dd74e", "size": 26803, "path": "media/images/test/conf_matrix_0_a44b2a7deb717383204f.png", "format": "png", "width": 1000, "height": 1000}, "_timestamp": 1661334618.1148329, "_runtime": 95.90998888015747, "_step": 1, "test/loss": 0.32888326048851013, "test/origin_acc": 0.8652393221855164, "test/new_acc": 0.8375315070152283, "test/f1_macro": 0.7978931665420532, "test/wqKappa": 0.927018404006958, "test/cnt_diff": 136.0, "test/cnt_correct_diff": 45.0, "epoch": 4, "trainer/global_step": 0, "_wandb": {"runtime": 95}}