{"test/conf_matrix": {"_type": "image-file", "sha256": "4476b85733d763e430dc84509b62874a7cd6dd13222447fc0c1611df090ba078", "size": 29833, "path": "media/images/test/conf_matrix_0_4476b85733d763e430dc.png", "format": "png", "width": 1000, "height": 1000}, "_timestamp": 1661434445.7769754, "_runtime": 133.12932634353638, "_step": 1, "test/loss": 2.1025230884552, "test/origin_acc": 0.5195214152336121, "test/new_acc": 0.5478589534759521, "test/f1_macro": 0.36934593319892883, "test/wqKappa": 0.5690569281578064, "test/cnt_diff": 118.0, "test/cnt_correct_diff": 68.0, "epoch": 8, "trainer/global_step": 0, "_wandb": {"runtime": 134}}