{"test/conf_matrix": {"_type": "image-file", "sha256": "2b9a6651b6931da8322c512f0df74904ad65d3afa7e67e1df33bfc3d8bb4bada", "size": 28783, "path": "media/images/test/conf_matrix_0_2b9a6651b6931da8322c.png", "format": "png", "width": 1000, "height": 1000}, "_timestamp": 1661324849.1301794, "_runtime": 77.70523428916931, "_step": 1, "test/loss": 0.5756698250770569, "test/origin_acc": 0.7811321020126343, "test/new_acc": 0.5283018946647644, "test/f1_macro": 0.48548611998558044, "test/wqKappa": 0.6637002229690552, "test/cnt_diff": 599.0, "test/cnt_correct_diff": 82.0, "epoch": 8, "trainer/global_step": 0, "_wandb": {"runtime": 77}}