{"test/conf_matrix": {"_type": "image-file", "sha256": "f81721e83e340928d1fd229f5389928878c9431d9846fab8a30e30de80c7835c", "size": 27414, "path": "media/images/test/conf_matrix_0_f81721e83e340928d1fd.png", "format": "png", "width": 1000, "height": 1000}, "_timestamp": 1661337619.4684849, "_runtime": 103.6929178237915, "_step": 1, "test/loss": 0.3532443344593048, "test/origin_acc": 0.8658690452575684, "test/new_acc": 0.8520151376724243, "test/f1_macro": 0.8213903903961182, "test/wqKappa": 0.9287035465240479, "test/cnt_diff": 82.0, "test/cnt_correct_diff": 29.0, "epoch": 17, "trainer/global_step": 0, "_wandb": {"runtime": 103}}