{"test/conf_matrix": {"_type": "image-file", "sha256": "b363738418bb983a1a1451e6ce1c0747b789912a001f949d6168b99378f35e36", "size": 27717, "path": "media/images/test/conf_matrix_0_b363738418bb983a1a14.png", "format": "png", "width": 1000, "height": 1000}, "_timestamp": 1661923609.766077, "_runtime": 305.4824481010437, "_step": 1, "test/loss": 0.31758856773376465, "test/origin_acc": 0.8759445548057556, "test/new_acc": 0.6738035082817078, "test/f1_macro": 0.6320905089378357, "test/wqKappa": 0.8575950860977173, "test/cnt_diff": 468.0, "test/cnt_correct_diff": 60.0, "epoch": 4, "trainer/global_step": 0, "_wandb": {"runtime": 306}}