{"test/conf_matrix": {"_type": "image-file", "sha256": "cbdff981c28aef89c408e0db5ecd4f0abbb6db0508af00f8b59119f0bbddc628", "size": 28149, "path": "media/images/test/conf_matrix_0_cbdff981c28aef89c408.png", "format": "png", "width": 1000, "height": 1000}, "_timestamp": 1661936793.9586055, "_runtime": 293.2631595134735, "_step": 1, "test/loss": 0.31690359115600586, "test/origin_acc": 0.8740554451942444, "test/new_acc": 0.7858942151069641, "test/f1_macro": 0.7278060913085938, "test/wqKappa": 0.8960671424865723, "test/cnt_diff": 230.0, "test/cnt_correct_diff": 36.0, "epoch": 8, "trainer/global_step": 0, "_wandb": {"runtime": 293}}