{"test/conf_matrix": {"_type": "image-file", "sha256": "4b9307eae8c5c5a3b1a067d9781bce58347ec6b8e530b607dcceb2be093a70b7", "size": 30572, "path": "media/images/test/conf_matrix_0_4b9307eae8c5c5a3b1a0.png", "format": "png", "width": 1000, "height": 1000}, "_timestamp": 1661425233.072871, "_runtime": 260.9367470741272, "_step": 1, "test/loss": 2.3457894325256348, "test/origin_acc": 0.4401763081550598, "test/new_acc": 0.4414357542991638, "test/f1_macro": 0.27713504433631897, "test/wqKappa": 0.30782419443130493, "test/cnt_diff": 102.0, "test/cnt_correct_diff": 37.0, "epoch": 2, "trainer/global_step": 0, "_wandb": {"runtime": 261}}