{"test/conf_matrix": {"_type": "image-file", "sha256": "0d3f64100c712f8293123d40eff1d161560b9e9463aa84533b1fd69193985a8f", "size": 29115, "path": "media/images/test/conf_matrix_0_0d3f64100c712f829312.png", "format": "png", "width": 1000, "height": 1000}, "_timestamp": 1660309527.4039896, "_runtime": 504.1544096469879, "_step": 1, "test/loss": 0.3462877571582794, "test/origin_acc": 0.8710532188415527, "test/new_acc": 0.8639876246452332, "test/f1_macro": 0.7855223417282104, "test/wqKappa": 0.9259311556816101, "test/cnt_diff": 477.0, "test/cnt_correct_diff": 166.0, "epoch": 1, "trainer/global_step": 0, "_wandb": {"runtime": 505}}