{"test/conf_matrix": {"_type": "image-file", "sha256": "d28fbbf3b0e1e1f87cee7ce8b73f6e8b20f3f8b14bf7ca15f2af4e8bec210d60", "size": 27756, "path": "media/images/test/conf_matrix_0_d28fbbf3b0e1e1f87cee.png", "format": "png", "width": 1000, "height": 1000}, "_timestamp": 1661408610.527528, "_runtime": 155.73602104187012, "_step": 1, "test/loss": 0.5978809595108032, "test/origin_acc": 0.8170791268348694, "test/new_acc": 0.8098011016845703, "test/f1_macro": 0.6044842004776001, "test/wqKappa": 0.7544196844100952, "test/cnt_diff": 114.0, "test/cnt_correct_diff": 42.0, "epoch": 12, "trainer/global_step": 0, "_wandb": {"runtime": 155}}