{"test/conf_matrix": {"_type": "image-file", "sha256": "8150634becff14eeb62c31eba8899cf112a53119d203a43263ac90b603232c32", "size": 31138, "path": "media/images/test/conf_matrix_0_8150634becff14eeb62c.png", "format": "png", "width": 1000, "height": 1000}, "_timestamp": 1661455664.2330863, "_runtime": 142.9317274093628, "_step": 1, "test/loss": 0.8598936796188354, "test/origin_acc": 0.5937721133232117, "test/new_acc": 0.6114649772644043, "test/f1_macro": 0.5224515199661255, "test/wqKappa": 0.5368343591690063, "test/cnt_diff": 1233.0, "test/cnt_correct_diff": 586.0, "epoch": 1, "trainer/global_step": 0, "_wandb": {"runtime": 142}}