{"test/conf_matrix": {"_type": "image-file", "sha256": "e231e7777a25c12e8d9cdd31070555c9ecd22921db62da534b61bde03148ee26", "size": 31253, "path": "media/images/test/conf_matrix_0_e231e7777a25c12e8d9c.png", "format": "png", "width": 1000, "height": 1000}, "_timestamp": 1661413907.405165, "_runtime": 371.9068410396576, "_step": 1, "test/loss": 1.5902985334396362, "test/origin_acc": 0.6070529222488403, "test/new_acc": 0.5, "test/f1_macro": 0.40097418427467346, "test/wqKappa": 0.42392271757125854, "test/cnt_diff": 479.0, "test/cnt_correct_diff": 98.0, "epoch": 5, "trainer/global_step": 0, "_wandb": {"runtime": 365}}