{"test/conf_matrix": {"_type": "image-file", "sha256": "a30d63a17b72cc496aff6c0053e000a9f62d06ce698db3dcdf9e2d5103c97393", "size": 28078, "path": "media/images/test/conf_matrix_0_a30d63a17b72cc496aff.png", "format": "png", "width": 1000, "height": 1000}, "_timestamp": 1661476961.2130475, "_runtime": 151.77001547813416, "_step": 1, "test/loss": 0.5617218017578125, "test/origin_acc": 0.8286407589912415, "test/new_acc": 0.8286407589912415, "test/f1_macro": 0.6245090961456299, "test/wqKappa": 0.7663002610206604, "test/cnt_diff": 19.0, "test/cnt_correct_diff": 9.0, "epoch": 10, "trainer/global_step": 0, "_wandb": {"runtime": 152}}