{"test/conf_matrix": {"_type": "image-file", "sha256": "b93e569ce412245a9fc72b07d27671dca9a3d6abf62182c625d8e38a9f686ff0", "size": 31300, "path": "media/images/test/conf_matrix_0_b93e569ce412245a9fc7.png", "format": "png", "width": 1000, "height": 1000}, "_timestamp": 1660655668.6975172, "_runtime": 690.0246112346649, "_step": 1, "test/loss": 0.6168479919433594, "test/origin_acc": 0.7463871836662292, "test/new_acc": 0.7438462972640991, "test/f1_macro": 0.6985335350036621, "test/wqKappa": 0.6818371415138245, "test/cnt_diff": 39.0, "test/cnt_correct_diff": 9.0, "epoch": 5, "trainer/global_step": 0, "_wandb": {"runtime": 689}}