{"test/conf_matrix": {"_type": "image-file", "sha256": "244ef3fa4e115664191098d99ab3bea1287579b7d196fe21c0d306b7904fb95b", "size": 30199, "path": "media/images/test/conf_matrix_0_244ef3fa4e1156641910.png", "format": "png", "width": 1000, "height": 1000}, "_timestamp": 1661460950.0443907, "_runtime": 140.91472268104553, "_step": 1, "test/loss": 0.7218735218048096, "test/origin_acc": 0.6959188580513, "test/new_acc": 0.6970983743667603, "test/f1_macro": 0.5981079339981079, "test/wqKappa": 0.6053317785263062, "test/cnt_diff": 131.0, "test/cnt_correct_diff": 62.0, "epoch": 7, "trainer/global_step": 0, "_wandb": {"runtime": 140}}