{"test/conf_matrix": {"_type": "image-file", "sha256": "b60ba4000f53b9cb3f96ce0ce78624929464802babf0769e476819aa85d30503", "size": 27668, "path": "media/images/test/conf_matrix_0_b60ba4000f53b9cb3f96.png", "format": "png", "width": 1000, "height": 1000}, "_timestamp": 1658873323, "_runtime": 265, "_step": 1, "test/loss": 0.6044451594352722, "test/origin_acc": 0.8281553983688354, "test/new_acc": 0.8286407589912415, "test/f1_macro": 0.6241949200630188, "test/wqKappa": 0.7633653879165649, "test/cnt_diff": 7.0, "test/cnt_correct_diff": 4.0, "epoch": 7, "trainer/global_step": 0, "_wandb": {"runtime": 265}}