{"test/conf_matrix": {"_type": "image-file", "sha256": "9c34206a46b0e7ca92854e324fd424685f1ba231202595811b3436b9bd77c8bc", "size": 29633, "path": "media/images/test/conf_matrix_0_9c34206a46b0e7ca9285.png", "format": "png", "width": 1000, "height": 1000}, "_timestamp": 1661441699.6236508, "_runtime": 354.3023798465729, "_step": 1, "test/loss": 0.6964133977890015, "test/origin_acc": 0.6936511397361755, "test/new_acc": 0.6955392956733704, "test/f1_macro": 0.5957372784614563, "test/wqKappa": 0.5933883190155029, "test/cnt_diff": 45.0, "test/cnt_correct_diff": 24.0, "epoch": 8, "trainer/global_step": 0, "_wandb": {"runtime": 354}}