{"test/conf_matrix": {"_type": "image-file", "sha256": "1ac4ca548557fa85dc102e38a3946dd597908e9dd63c2ddfe24149ecd40f1653", "size": 27619, "path": "media/images/test/conf_matrix_0_1ac4ca548557fa85dc10.png", "format": "png", "width": 1000, "height": 1000}, "_timestamp": 1660726964.7971785, "_runtime": 247.47366642951965, "_step": 1, "test/loss": 0.5653321146965027, "test/origin_acc": 0.8330907821655273, "test/new_acc": 0.8326055407524109, "test/f1_macro": 0.6313838958740234, "test/wqKappa": 0.7765989303588867, "test/cnt_diff": 2.0, "test/cnt_correct_diff": 0.0, "epoch": 12, "trainer/global_step": 0, "_wandb": {"runtime": 248}}