{"test/conf_matrix": {"_type": "image-file", "sha256": "6dc6983cc5c85a3c194517e48fd855d29e947ad15640a4ccd08eca26d6487d16", "size": 27723, "path": "media/images/test/conf_matrix_0_6dc6983cc5c85a3c1945.png", "format": "png", "width": 1000, "height": 1000}, "_timestamp": 1661402625.099265, "_runtime": 136.59636807441711, "_step": 1, "test/loss": 0.5979331135749817, "test/origin_acc": 0.8136826753616333, "test/new_acc": 0.7971858382225037, "test/f1_macro": 0.5907073020935059, "test/wqKappa": 0.7314323782920837, "test/cnt_diff": 151.0, "test/cnt_correct_diff": 50.0, "epoch": 15, "trainer/global_step": 0, "_wandb": {"runtime": 136}}