{"test/conf_matrix": {"_type": "image-file", "sha256": "7d3c83a88c697f09f3a2aa32f3f97ee18cc0400979fae1d72598ab3fd22bcbd5", "size": 26182, "path": "media/images/test/conf_matrix_0_7d3c83a88c697f09f3a2.png", "format": "png", "width": 1000, "height": 1000}, "_timestamp": 1661884165.578159, "_runtime": 243.25473713874817, "_step": 1, "test/loss": 0.37694475054740906, "test/origin_acc": 0.8394206762313843, "test/new_acc": 0.8274559378623962, "test/f1_macro": 0.7882152795791626, "test/wqKappa": 0.9196879863739014, "test/cnt_diff": 69.0, "test/cnt_correct_diff": 25.0, "epoch": 2, "trainer/global_step": 0, "_wandb": {"runtime": 243}}