{"test/conf_matrix": {"_type": "image-file", "sha256": "2d82bbc19898fcffc8ea7bfcf1428e7aa2885dd34a0690d3a1c05f3f4ee1dc7a", "size": 28147, "path": "media/images/test/conf_matrix_0_2d82bbc19898fcffc8ea.png", "format": "png", "width": 1000, "height": 1000}, "_timestamp": 1661401204.6980357, "_runtime": 144.35140562057495, "_step": 1, "test/loss": 0.6740458607673645, "test/origin_acc": 0.7850558757781982, "test/new_acc": 0.7884522080421448, "test/f1_macro": 0.5755288600921631, "test/wqKappa": 0.7037407159805298, "test/cnt_diff": 50.0, "test/cnt_correct_diff": 26.0, "epoch": 10, "trainer/global_step": 0, "_wandb": {"runtime": 144}}