{"test/conf_matrix": {"_type": "image-file", "sha256": "d228bdbef00d4e9daa6f231d71fd69901a85f4ce935e3e14868137bb77703fca", "size": 30086, "path": "media/images/test/conf_matrix_0_d228bdbef00d4e9daa6f.png", "format": "png", "width": 1000, "height": 1000}, "_timestamp": 1658781844, "_runtime": 748, "_step": 1, "test/loss": 0.7740350365638733, "test/origin_acc": 0.6854648590087891, "test/new_acc": 0.6852288842201233, "test/f1_macro": 0.6019985675811768, "test/wqKappa": 0.5703650712966919, "epoch": 4, "trainer/global_step": 0, "_wandb": {"runtime": 748}}