{"test/conf_matrix": {"_type": "image-file", "sha256": "04a17f344e6650f6dee95d64c539b90912481dca3823f53914f5718a7508dd20", "size": 26954, "path": "media/images/test/conf_matrix_0_04a17f344e6650f6dee9.png", "format": "png", "width": 1000, "height": 1000}, "_timestamp": 1661479740.2384799, "_runtime": 160.2444999217987, "_step": 1, "test/loss": 0.557793915271759, "test/origin_acc": 0.8131067752838135, "test/new_acc": 0.8072815537452698, "test/f1_macro": 0.6175236701965332, "test/wqKappa": 0.7683900594711304, "test/cnt_diff": 31.0, "test/cnt_correct_diff": 6.0, "epoch": 2, "trainer/global_step": 0, "_wandb": {"runtime": 160}}