{"test/conf_matrix": {"_type": "image-file", "sha256": "14d3d1ac9315ace960c6f99b6abd65559d45918d2787a2ddff6c98041d181308", "size": 27607, "path": "media/images/test/conf_matrix_0_14d3d1ac9315ace960c6.png", "format": "png", "width": 1000, "height": 1000}, "_timestamp": 1661403051.8608384, "_runtime": 176.7732253074646, "_step": 1, "test/loss": 0.6740458607673645, "test/origin_acc": 0.7850558757781982, "test/new_acc": 0.7826298475265503, "test/f1_macro": 0.5712966322898865, "test/wqKappa": 0.6929399967193604, "test/cnt_diff": 8.0, "test/cnt_correct_diff": 1.0, "epoch": 10, "trainer/global_step": 0, "_wandb": {"runtime": 175}}