{"test/conf_matrix": {"_type": "image-file", "sha256": "3db447ae207e7d2cd887184b062cecba94c36bd829ba71fe41f7f976d2624249", "size": 27326, "path": "media/images/test/conf_matrix_0_3db447ae207e7d2cd887.png", "format": "png", "width": 1000, "height": 1000}, "_timestamp": 1661404871.7060232, "_runtime": 99.59753632545471, "_step": 1, "test/loss": 0.5979331135749817, "test/origin_acc": 0.8136826753616333, "test/new_acc": 0.8034934401512146, "test/f1_macro": 0.6018561720848083, "test/wqKappa": 0.7365891933441162, "test/cnt_diff": 128.0, "test/cnt_correct_diff": 47.0, "epoch": 15, "trainer/global_step": 0, "_wandb": {"runtime": 99}}