{"test/conf_matrix": {"_type": "image-file", "sha256": "7820768aa1b59277c912c611028cb873c46153f186d6d04acf8e59a3bac194fd", "size": 28707, "path": "media/images/test/conf_matrix_0_7820768aa1b59277c912.png", "format": "png", "width": 1000, "height": 1000}, "_timestamp": 1660308981.2814796, "_runtime": 497.80757451057434, "_step": 1, "test/loss": 0.3462877571582794, "test/origin_acc": 0.8710532188415527, "test/new_acc": 0.8639324307441711, "test/f1_macro": 0.7811281681060791, "test/wqKappa": 0.9259915947914124, "test/cnt_diff": 599.0, "test/cnt_correct_diff": 226.0, "epoch": 1, "trainer/global_step": 0, "_wandb": {"runtime": 498}}