{"test/conf_matrix": {"_type": "image-file", "sha256": "8c7bfd21cfdafe0a205e15c71e05817c754d5c51227c0c434846220b12fc8513", "size": 27460, "path": "media/images/test/conf_matrix_0_8c7bfd21cfdafe0a205e.png", "format": "png", "width": 1000, "height": 1000}, "_timestamp": 1661909323.859487, "_runtime": 602.1432609558105, "_step": 1, "test/loss": 0.5303965210914612, "test/origin_acc": 0.7884131073951721, "test/new_acc": 0.4641057848930359, "test/f1_macro": 0.45336711406707764, "test/wqKappa": 0.7341957092285156, "test/cnt_diff": 884.0, "test/cnt_correct_diff": 132.0, "epoch": 8, "trainer/global_step": 0, "_wandb": {"runtime": 602}}