{"test/conf_matrix": {"_type": "image-file", "sha256": "ca2bae1c4cf59e68bd1f68f3b6ccadcb494580f0c482c5b9348bc3e3d4f30a1e", "size": 30352, "path": "media/images/test/conf_matrix_0_ca2bae1c4cf59e68bd1f.png", "format": "png", "width": 1000, "height": 1000}, "_timestamp": 1661444329.051445, "_runtime": 133.4948489665985, "_step": 1, "test/loss": 2.620410442352295, "test/origin_acc": 0.250629723072052, "test/new_acc": 0.27078086137771606, "test/f1_macro": 0.23240534961223602, "test/wqKappa": -0.29539668560028076, "test/cnt_diff": 159.0, "test/cnt_correct_diff": 53.0, "epoch": 0, "trainer/global_step": 0, "_wandb": {"runtime": 133}}