{"test/conf_matrix": {"_type": "image-file", "sha256": "fa878b4a2980f819fc509f1b1ebf3bdfbd6cd20de48b8fa6742e7a92fd8269d8", "size": 31337, "path": "media/images/test/conf_matrix_0_fa878b4a2980f819fc50.png", "format": "png", "width": 1000, "height": 1000}, "_timestamp": 1661411723.80191, "_runtime": 512.8301539421082, "_step": 1, "test/loss": 1.5902985334396362, "test/origin_acc": 0.6070529222488403, "test/new_acc": 0.48236775398254395, "test/f1_macro": 0.4069150686264038, "test/wqKappa": 0.4371095895767212, "test/cnt_diff": 564.0, "test/cnt_correct_diff": 123.0, "epoch": 5, "trainer/global_step": 0, "_wandb": {"runtime": 512}}