{"test/conf_matrix": {"_type": "image-file", "sha256": "034e15bed1ff4b03407ccbd9403b5ed0fe1f43899f4e3d248a356b77ad87baad", "size": 27360, "path": "media/images/test/conf_matrix_0_034e15bed1ff4b03407c.png", "format": "png", "width": 1000, "height": 1000}, "_timestamp": 1661328601.710047, "_runtime": 113.66693305969238, "_step": 1, "test/loss": 0.35823777318000793, "test/origin_acc": 0.8526448607444763, "test/new_acc": 0.8551637530326843, "test/f1_macro": 0.8218008279800415, "test/wqKappa": 0.9319159984588623, "test/cnt_diff": 9.0, "test/cnt_correct_diff": 6.0, "epoch": 5, "trainer/global_step": 0, "_wandb": {"runtime": 113}}