{"test/conf_matrix": {"_type": "image-file", "sha256": "3d567e46a96a942dc7c4aeb6d816f02de38e2d863785f8a680a9abd41c11648a", "size": 30273, "path": "media/images/test/conf_matrix_0_3d567e46a96a942dc7c4.png", "format": "png", "width": 1000, "height": 1000}, "_timestamp": 1661456637.3012207, "_runtime": 276.4080855846405, "_step": 1, "test/loss": 0.663868248462677, "test/origin_acc": 0.7158367037773132, "test/new_acc": 0.6967193484306335, "test/f1_macro": 0.6249456405639648, "test/wqKappa": 0.625216543674469, "test/cnt_diff": 531.0, "test/cnt_correct_diff": 210.0, "epoch": 3, "trainer/global_step": 0, "_wandb": {"runtime": 276}}