{"test/conf_matrix": {"_type": "image-file", "sha256": "4f667a6c71d17d43372489d16529ec58ff93f2b9c538e114aa9ca6a4dfd68465", "size": 27861, "path": "media/images/test/conf_matrix_0_4f667a6c71d17d433724.png", "format": "png", "width": 1000, "height": 1000}, "_timestamp": 1661335620.719335, "_runtime": 72.22156119346619, "_step": 1, "test/loss": 0.36475446820259094, "test/origin_acc": 0.8339622616767883, "test/new_acc": 0.8352201581001282, "test/f1_macro": 0.8037983775138855, "test/wqKappa": 0.9219204783439636, "test/cnt_diff": 77.0, "test/cnt_correct_diff": 39.0, "epoch": 7, "trainer/global_step": 0, "_wandb": {"runtime": 71}}