{"test/conf_matrix": {"_type": "image-file", "sha256": "f75ca4e165f8ff1f5b8ea9decd6b3ae84fcac07ac80e7bbdcc1c8082a4813ca3", "size": 26855, "path": "media/images/test/conf_matrix_0_f75ca4e165f8ff1f5b8e.png", "format": "png", "width": 1000, "height": 1000}, "_timestamp": 1661337921.7724032, "_runtime": 73.85577416419983, "_step": 1, "test/loss": 0.36290663480758667, "test/origin_acc": 0.8465409278869629, "test/new_acc": 0.8446541428565979, "test/f1_macro": 0.8059924840927124, "test/wqKappa": 0.9272486567497253, "test/cnt_diff": 3.0, "test/cnt_correct_diff": 0.0, "epoch": 7, "trainer/global_step": 0, "_wandb": {"runtime": 73}}