{"test/conf_matrix": {"_type": "image-file", "sha256": "f09266ae7b2dd9fdc65476bba5d9a3be7ff01c440ab946496a75ae12aeead1f8", "size": 27283, "path": "media/images/test/conf_matrix_0_f09266ae7b2dd9fdc654.png", "format": "png", "width": 1000, "height": 1000}, "_timestamp": 1661328088.0840092, "_runtime": 104.09736919403076, "_step": 1, "test/loss": 0.35823777318000793, "test/origin_acc": 0.8526448607444763, "test/new_acc": 0.8589420914649963, "test/f1_macro": 0.8270031809806824, "test/wqKappa": 0.9324917793273926, "test/cnt_diff": 18.0, "test/cnt_correct_diff": 14.0, "epoch": 5, "trainer/global_step": 0, "_wandb": {"runtime": 103}}