{"test/conf_matrix": {"_type": "image-file", "sha256": "9fcc8fb4732c18f5459230174dd7023765d0c30cd76183b92d104bb225720e7e", "size": 28074, "path": "media/images/test/conf_matrix_0_9fcc8fb4732c18f54592.png", "format": "png", "width": 1000, "height": 1000}, "_timestamp": 1661418839.1091075, "_runtime": 212.75562357902527, "_step": 1, "test/loss": 0.5568793416023254, "test/origin_acc": 0.8282387256622314, "test/new_acc": 0.8267831206321716, "test/f1_macro": 0.6264530420303345, "test/wqKappa": 0.7757325172424316, "test/cnt_diff": 11.0, "test/cnt_correct_diff": 2.0, "epoch": 8, "trainer/global_step": 0, "_wandb": {"runtime": 212}}