{"test/conf_matrix": {"_type": "image-file", "sha256": "1bc38199933b10063ee0a93a5b7edc69bf909bd4872ebd4ce6243f806fdb4b1b", "size": 27530, "path": "media/images/test/conf_matrix_0_1bc38199933b10063ee0.png", "format": "png", "width": 1000, "height": 1000}, "_timestamp": 1661338166.2232673, "_runtime": 81.49708223342896, "_step": 1, "test/loss": 0.3532443344593048, "test/origin_acc": 0.8658690452575684, "test/new_acc": 0.8532745838165283, "test/f1_macro": 0.8228296637535095, "test/wqKappa": 0.9292020797729492, "test/cnt_diff": 80.0, "test/cnt_correct_diff": 29.0, "epoch": 17, "trainer/global_step": 0, "_wandb": {"runtime": 80}}