{"test/conf_matrix": {"_type": "image-file", "sha256": "ff397a621ff7780c53a865633e50940ce0478dbbbba311962dfe2291591fad21", "size": 27191, "path": "media/images/test/conf_matrix_0_ff397a621ff7780c53a8.png", "format": "png", "width": 1000, "height": 1000}, "_timestamp": 1660665858.2013538, "_runtime": 239.3959457874298, "_step": 1, "test/loss": 0.3087417483329773, "test/origin_acc": 0.8916876316070557, "test/new_acc": 0.8746851682662964, "test/f1_macro": 0.8203487396240234, "test/wqKappa": 0.9388160705566406, "test/cnt_diff": 75.0, "test/cnt_correct_diff": 22.0, "epoch": 8, "trainer/global_step": 0, "_wandb": {"runtime": 240}}