{"test/conf_matrix": {"_type": "image-file", "sha256": "e265694823afc9dc6f34f3c036be2b9c5204d69b4605e76da3b8fd14d1819c0d", "size": 31119, "path": "media/images/test/conf_matrix_0_e265694823afc9dc6f34.png", "format": "png", "width": 1000, "height": 1000}, "_timestamp": 1660302077.1773086, "_runtime": 374.15839552879333, "_step": 1, "test/loss": 0.6168479919433594, "test/origin_acc": 0.7463871836662292, "test/new_acc": 0.7393997311592102, "test/f1_macro": 0.6954807639122009, "test/wqKappa": 0.6798213124275208, "test/cnt_diff": 107.0, "test/cnt_correct_diff": 27.0, "epoch": 5, "trainer/global_step": 0, "_wandb": {"runtime": 374}}