{"test/conf_matrix": {"_type": "image-file", "sha256": "4760bfb62106195282b59f2d5aa108981d3112377b90ea44c28478770774b269", "size": 30882, "path": "media/images/test/conf_matrix_0_4760bfb62106195282b5.png", "format": "png", "width": 1000, "height": 1000}, "_timestamp": 1661458964.0285757, "_runtime": 103.11848068237305, "_step": 1, "test/loss": 3.2831687927246094, "test/origin_acc": 0.372795969247818, "test/new_acc": 0.3413098156452179, "test/f1_macro": 0.2820645570755005, "test/wqKappa": 0.10019463300704956, "test/cnt_diff": 279.0, "test/cnt_correct_diff": 78.0, "epoch": 5, "trainer/global_step": 0, "_wandb": {"runtime": 102}}