{"test/conf_matrix": {"_type": "image-file", "sha256": "b74916303828fb553a9ef1bd52f81c2a4f0db361eda3e9902cf9b847d567b682", "size": 30410, "path": "media/images/test/conf_matrix_0_b74916303828fb553a9e.png", "format": "png", "width": 1000, "height": 1000}, "_timestamp": 1661440647.5718246, "_runtime": 366.2468686103821, "_step": 1, "test/loss": 0.9711070656776428, "test/origin_acc": 0.5501534342765808, "test/new_acc": 0.588860034942627, "test/f1_macro": 0.5433428287506104, "test/wqKappa": 0.5023932456970215, "test/cnt_diff": 957.0, "test/cnt_correct_diff": 357.0, "epoch": 2, "trainer/global_step": 0, "_wandb": {"runtime": 366}}