{"test/conf_matrix": {"_type": "image-file", "sha256": "f6fc45c48815031f1c2c8574b2c5c3cc908fa1d555a8774df6566ca059e55c7b", "size": 30528, "path": "media/images/test/conf_matrix_0_f6fc45c48815031f1c2c.png", "format": "png", "width": 1000, "height": 1000}, "_timestamp": 1661417941.2463543, "_runtime": 332.4369692802429, "_step": 1, "test/loss": 1.5902985334396362, "test/origin_acc": 0.6070529222488403, "test/new_acc": 0.5894206762313843, "test/f1_macro": 0.4095821976661682, "test/wqKappa": 0.545325517654419, "test/cnt_diff": 124.0, "test/cnt_correct_diff": 34.0, "epoch": 5, "trainer/global_step": 0, "_wandb": {"runtime": 332}}