{"test/conf_matrix": {"_type": "image-file", "sha256": "52e43945495ea2db798d6edb7537d54ceab58413779828d0a790278c511da2ef", "size": 30077, "path": "media/images/test/conf_matrix_0_52e43945495ea2db798d.png", "format": "png", "width": 1000, "height": 1000}, "_timestamp": 1661445212.762506, "_runtime": 146.7442009449005, "_step": 1, "test/loss": 2.0962419509887695, "test/origin_acc": 0.4666246771812439, "test/new_acc": 0.4596977233886719, "test/f1_macro": 0.29717138409614563, "test/wqKappa": 0.12636446952819824, "test/cnt_diff": 146.0, "test/cnt_correct_diff": 33.0, "epoch": 3, "trainer/global_step": 0, "_wandb": {"runtime": 147}}