{"test/conf_matrix": {"_type": "image-file", "sha256": "2a8e9e0db8d6c0f8c6f87a0a8d8048cb28a693b2c26afd9cb82689b46625ed17", "size": 26705, "path": "media/images/test/conf_matrix_0_2a8e9e0db8d6c0f8c6f8.png", "format": "png", "width": 1000, "height": 1000}, "_timestamp": 1661480285.5311544, "_runtime": 130.50753045082092, "_step": 1, "test/loss": 0.5793511271476746, "test/origin_acc": 0.832524299621582, "test/new_acc": 0.8252426981925964, "test/f1_macro": 0.6234647035598755, "test/wqKappa": 0.7839756011962891, "test/cnt_diff": 60.0, "test/cnt_correct_diff": 18.0, "epoch": 11, "trainer/global_step": 0, "_wandb": {"runtime": 130}}