{"test/conf_matrix": {"_type": "image-file", "sha256": "6294b1d177ac40a17284e8b82e99e8ed749e3a62f1e836d19fa7dfb4f6a60204", "size": 27903, "path": "media/images/test/conf_matrix_0_6294b1d177ac40a17284.png", "format": "png", "width": 1000, "height": 1000}, "_timestamp": 1661329402.2484884, "_runtime": 132.25745749473572, "_step": 1, "test/loss": 0.35823777318000793, "test/origin_acc": 0.8526448607444763, "test/new_acc": 0.8381612300872803, "test/f1_macro": 0.8106551766395569, "test/wqKappa": 0.9236850142478943, "test/cnt_diff": 129.0, "test/cnt_correct_diff": 52.0, "epoch": 5, "trainer/global_step": 0, "_wandb": {"runtime": 132}}