{"test/conf_matrix": {"_type": "image-file", "sha256": "59ff8f2cba4262d149d2c52b352c031d57da16743d54c001d60e0bae705e9ba8", "size": 26884, "path": "media/images/test/conf_matrix_0_59ff8f2cba4262d149d2.png", "format": "png", "width": 1000, "height": 1000}, "_timestamp": 1660139003.5964046, "_runtime": 234.28720450401306, "_step": 1, "test/loss": 0.3087417483329773, "test/origin_acc": 0.8916876316070557, "test/new_acc": 0.8759445548057556, "test/f1_macro": 0.8254398703575134, "test/wqKappa": 0.9398824572563171, "test/cnt_diff": 69.0, "test/cnt_correct_diff": 21.0, "epoch": 8, "trainer/global_step": 0, "_wandb": {"runtime": 237}}