{"test/conf_matrix": {"_type": "image-file", "sha256": "c614de84928723f3b88831721be10a1cc2e1302f72564ff41daac19c1fb2ac94", "size": 30073, "path": "media/images/test/conf_matrix_0_c614de84928723f3b888.png", "format": "png", "width": 1000, "height": 1000}, "_timestamp": 1661461257.091107, "_runtime": 120.70758390426636, "_step": 1, "test/loss": 0.7218735218048096, "test/origin_acc": 0.6959188580513, "test/new_acc": 0.6982778906822205, "test/f1_macro": 0.6069215536117554, "test/wqKappa": 0.6075916290283203, "test/cnt_diff": 62.0, "test/cnt_correct_diff": 31.0, "epoch": 7, "trainer/global_step": 0, "_wandb": {"runtime": 120}}