{"test/conf_matrix": {"_type": "image-file", "sha256": "60c73ce76c05334ae648303a94b8cf684eeab1cab8908b7abc18aa738910c264", "size": 30667, "path": "media/images/test/conf_matrix_0_60c73ce76c05334ae648.png", "format": "png", "width": 1000, "height": 1000}, "_timestamp": 1661459828.176414, "_runtime": 138.45967411994934, "_step": 1, "test/loss": 0.7218735218048096, "test/origin_acc": 0.6959188580513, "test/new_acc": 0.6921443939208984, "test/f1_macro": 0.606017529964447, "test/wqKappa": 0.6199463605880737, "test/cnt_diff": 449.0, "test/cnt_correct_diff": 208.0, "epoch": 7, "trainer/global_step": 0, "_wandb": {"runtime": 137}}