{"test/conf_matrix": {"_type": "image-file", "sha256": "afe0511c0d5138a0ed2b38e8e8fe9cff3c3dd568b63b27931973b93fee9bcf26", "size": 27170, "path": "media/images/test/conf_matrix_0_afe0511c0d5138a0ed2b.png", "format": "png", "width": 1000, "height": 1000}, "_timestamp": 1661505405.5491147, "_runtime": 80.45526766777039, "_step": 1, "test/loss": 0.373489111661911, "test/origin_acc": 0.8482367992401123, "test/new_acc": 0.8494962453842163, "test/f1_macro": 0.815415620803833, "test/wqKappa": 0.9318023324012756, "test/cnt_diff": 5.0, "test/cnt_correct_diff": 3.0, "epoch": 7, "trainer/global_step": 0, "_wandb": {"runtime": 81}}