{"test/conf_matrix": {"_type": "image-file", "sha256": "507854642797413ae505363e17471acbe304730c576f00342a9fda26bedf432e", "size": 28344, "path": "media/images/test/conf_matrix_0_507854642797413ae505.png", "format": "png", "width": 1000, "height": 1000}, "_timestamp": 1661406095.0640957, "_runtime": 98.62637972831726, "_step": 1, "test/loss": 0.5978809595108032, "test/origin_acc": 0.8170791268348694, "test/new_acc": 0.8054342865943909, "test/f1_macro": 0.6003561019897461, "test/wqKappa": 0.7568995356559753, "test/cnt_diff": 131.0, "test/cnt_correct_diff": 44.0, "epoch": 12, "trainer/global_step": 0, "_wandb": {"runtime": 97}}