{"test/conf_matrix": {"_type": "image-file", "sha256": "7ff0cdf5de25711066cbfb1a8b1800778db148b83fe708e0b0157ce315b34a86", "size": 28469, "path": "media/images/test/conf_matrix_0_7ff0cdf5de25711066cb.png", "format": "png", "width": 1000, "height": 1000}, "_timestamp": 1661425433.0791225, "_runtime": 266.30662965774536, "_step": 1, "test/loss": 0.5796024799346924, "test/origin_acc": 0.823871910572052, "test/new_acc": 0.8224163055419922, "test/f1_macro": 0.6071664094924927, "test/wqKappa": 0.7380935549736023, "test/cnt_diff": 8.0, "test/cnt_correct_diff": 1.0, "epoch": 8, "trainer/global_step": 0, "_wandb": {"runtime": 266}}