{"test/conf_matrix": {"_type": "image-file", "sha256": "974918e5e6e6222807810265d5cbf2eb8067abc880814f32953e2ca57a03146c", "size": 30181, "path": "media/images/test/conf_matrix_0_974918e5e6e622280781.png", "format": "png", "width": 1000, "height": 1000}, "_timestamp": 1660140770.5379434, "_runtime": 2531.438176393509, "_step": 1, "test/loss": 0.34628796577453613, "test/origin_acc": 0.8710532188415527, "test/new_acc": 0.8637668490409851, "test/f1_macro": 0.7806801199913025, "test/wqKappa": 0.9260945320129395, "test/cnt_diff": 672.0, "test/cnt_correct_diff": 261.0, "epoch": 1, "trainer/global_step": 0, "_wandb": {"runtime": 2528}}