{"test/conf_matrix": {"_type": "image-file", "sha256": "9bdfbfb2ba549a5368856f4a1915ed98af132310c73f3be6c77f3241c5ee7c5a", "size": 28154, "path": "media/images/test/conf_matrix_0_9bdfbfb2ba549a536885.png", "format": "png", "width": 1000, "height": 1000}, "_timestamp": 1661489431.807372, "_runtime": 131.26891207695007, "_step": 1, "test/loss": 0.567625880241394, "test/origin_acc": 0.825728178024292, "test/new_acc": 0.8266990184783936, "test/f1_macro": 0.6291905045509338, "test/wqKappa": 0.7813692092895508, "test/cnt_diff": 73.0, "test/cnt_correct_diff": 35.0, "epoch": 5, "trainer/global_step": 0, "_wandb": {"runtime": 131}}