{"test/conf_matrix": {"_type": "image-file", "sha256": "b7d61f98ecedc33703070ab35b7fe8199a0166632b335b72497fec6a4e606cbd", "size": 28858, "path": "media/images/test/conf_matrix_0_b7d61f98ecedc3370307.png", "format": "png", "width": 1000, "height": 1000}, "_timestamp": 1661415023.7481153, "_runtime": 239.41473627090454, "_step": 1, "test/loss": 0.6313098073005676, "test/origin_acc": 0.7738962173461914, "test/new_acc": 0.6652110815048218, "test/f1_macro": 0.49201536178588867, "test/wqKappa": 0.6049982309341431, "test/cnt_diff": 385.0, "test/cnt_correct_diff": 59.0, "epoch": 2, "trainer/global_step": 0, "_wandb": {"runtime": 239}}