{"test/loss": 0.8624541163444519, "test/acc": 0.749370276927948, "test/f1_macro": 0.44629210233688354, "test/wqKappa": 0.8656356930732727, "epoch": 24, "trainer/global_step": 0, "_timestamp": 1656337063, "_runtime": 97, "_step": 0, "_wandb": {"runtime": 98}}