{"test/conf_matrix": {"_type": "image-file", "sha256": "b863a23be2aef81ec7be878732e1fe12a8eed7889022e25b227b7d45bd4d7f83", "size": 29607, "path": "media/images/test/conf_matrix_0_b863a23be2aef81ec7be.png", "format": "png", "width": 1000, "height": 1000}, "_timestamp": 1661436311.620258, "_runtime": 130.95442008972168, "_step": 1, "test/loss": 2.1597023010253906, "test/origin_acc": 0.49370276927948, "test/new_acc": 0.494962215423584, "test/f1_macro": 0.32478833198547363, "test/wqKappa": 0.49819785356521606, "test/cnt_diff": 39.0, "test/cnt_correct_diff": 12.0, "epoch": 10, "trainer/global_step": 0, "_wandb": {"runtime": 130}}