{"test/conf_matrix": {"_type": "image-file", "sha256": "bd9eb28e2d0b1428e66fd3d7c0622700ca85d5182ce6b59ceae3f1a3c2b3864f", "size": 28627, "path": "media/images/test/conf_matrix_0_bd9eb28e2d0b1428e66f.png", "format": "png", "width": 1000, "height": 1000}, "_timestamp": 1659350882, "_runtime": 15936, "_step": 1, "test/loss": 1.3611701726913452, "test/origin_acc": 0.6884434223175049, "test/new_acc": 0.6896226406097412, "test/f1_macro": 0.5123093724250793, "test/wqKappa": 0.5684338808059692, "test/cnt_diff": 55.0, "test/cnt_correct_diff": 27.0, "epoch": 7, "trainer/global_step": 0, "_wandb": {"runtime": 15940}}