{"test/conf_matrix": {"_type": "image-file", "sha256": "77b3be329c203edf09137026fbe13e7a03c8d918d6332a64eb62026fa9a2a826", "size": 26274, "path": "media/images/test/conf_matrix_0_77b3be329c203edf0913.png", "format": "png", "width": 1000, "height": 1000}, "_timestamp": 1661880365.2511032, "_runtime": 321.97090911865234, "_step": 1, "test/loss": 0.37694475054740906, "test/origin_acc": 0.8394206762313843, "test/new_acc": 0.8268262147903442, "test/f1_macro": 0.7872217893600464, "test/wqKappa": 0.9194009304046631, "test/cnt_diff": 72.0, "test/cnt_correct_diff": 26.0, "epoch": 2, "trainer/global_step": 0, "_wandb": {"runtime": 321}}