{"test/conf_matrix": {"_type": "image-file", "sha256": "70ae6d1aa8e83b3d915af57ed4d5ca7065fac5f898d8c2fdea6e64c50385679f", "size": 26967, "path": "media/images/test/conf_matrix_0_70ae6d1aa8e83b3d915a.png", "format": "png", "width": 1000, "height": 1000}, "_timestamp": 1661404746.9886038, "_runtime": 111.29652786254883, "_step": 1, "test/loss": 0.5979331135749817, "test/origin_acc": 0.8136826753616333, "test/new_acc": 0.8054342865943909, "test/f1_macro": 0.6040763258934021, "test/wqKappa": 0.7363564372062683, "test/cnt_diff": 118.0, "test/cnt_correct_diff": 45.0, "epoch": 15, "trainer/global_step": 0, "_wandb": {"runtime": 110}}