{"test/conf_matrix": {"_type": "image-file", "sha256": "0a122b04a1a8a40cfdbb9dc5c02596afa54fa3946fc18319259a6c14b2330fa9", "size": 26994, "path": "media/images/test/conf_matrix_0_0a122b04a1a8a40cfdbb.png", "format": "png", "width": 1000, "height": 1000}, "_timestamp": 1661331001.3903308, "_runtime": 226.31489086151123, "_step": 1, "test/loss": 0.32888326048851013, "test/origin_acc": 0.8652393221855164, "test/new_acc": 0.8369017839431763, "test/f1_macro": 0.7972984313964844, "test/wqKappa": 0.9267795085906982, "test/cnt_diff": 139.0, "test/cnt_correct_diff": 46.0, "epoch": 4, "trainer/global_step": 0, "_wandb": {"runtime": 225}}