{"test/conf_matrix": {"_type": "image-file", "sha256": "4d9626206bce739165503849063ef2b89e09c9fce74d8d6f6854aaf72c243745", "size": 30543, "path": "media/images/test/conf_matrix_0_4d9626206bce73916550.png", "format": "png", "width": 1000, "height": 1000}, "_timestamp": 1658757768, "_runtime": 1695, "_step": 1, "test/loss": 0.7740350365638733, "test/origin_acc": 0.6854648590087891, "test/new_acc": 0.6864086985588074, "test/f1_macro": 0.60645592212677, "test/wqKappa": 0.5766713619232178, "epoch": 4, "trainer/global_step": 0, "_wandb": {"runtime": 1696}}