{"test/conf_matrix": {"_type": "image-file", "sha256": "172ad003de7a9eedd047e5eb63cf2276f5d4ab855148716cb833561ccfc7ec0e", "size": 27117, "path": "media/images/test/conf_matrix_0_172ad003de7a9eedd047.png", "format": "png", "width": 1000, "height": 1000}, "_timestamp": 1661341100.3108864, "_runtime": 228.55134534835815, "_step": 1, "test/loss": 0.3830234110355377, "test/origin_acc": 0.8283019065856934, "test/new_acc": 0.7729560136795044, "test/f1_macro": 0.7426995038986206, "test/wqKappa": 0.9009763598442078, "test/cnt_diff": 225.0, "test/cnt_correct_diff": 66.0, "epoch": 15, "trainer/global_step": 0, "_wandb": {"runtime": 228}}