{"test/conf_matrix": {"_type": "image-file", "sha256": "84480fb793375fd2877d9b968754fb79a34f3f3f4287298ec2db2524721fc5ca", "size": 31104, "path": "media/images/test/conf_matrix_0_84480fb793375fd2877d.png", "format": "png", "width": 1000, "height": 1000}, "_timestamp": 1661413499.8105533, "_runtime": 535.7673923969269, "_step": 1, "test/loss": 1.5902985334396362, "test/origin_acc": 0.6070529222488403, "test/new_acc": 0.498740553855896, "test/f1_macro": 0.4055187702178955, "test/wqKappa": 0.42691177129745483, "test/cnt_diff": 495.0, "test/cnt_correct_diff": 104.0, "epoch": 5, "trainer/global_step": 0, "_wandb": {"runtime": 536}}