{"test/conf_matrix": {"_type": "image-file", "sha256": "a4db3959346cb7a77c61207f558d96df36cca5e55a45d1a13141300d483ee294", "size": 31004, "path": "media/images/test/conf_matrix_0_a4db3959346cb7a77c61.png", "format": "png", "width": 1000, "height": 1000}, "_timestamp": 1661457908.3732545, "_runtime": 141.53977346420288, "_step": 1, "test/loss": 0.8598936796188354, "test/origin_acc": 0.5937721133232117, "test/new_acc": 0.6131163239479065, "test/f1_macro": 0.5363814234733582, "test/wqKappa": 0.5396020412445068, "test/cnt_diff": 1216.0, "test/cnt_correct_diff": 582.0, "epoch": 1, "trainer/global_step": 0, "_wandb": {"runtime": 140}}