{"test/conf_matrix": {"_type": "image-file", "sha256": "8135cda63b7ac6668c536a25117adfd5b9787067d5bb6185189134cc283ce1c6", "size": 26956, "path": "media/images/test/conf_matrix_0_8135cda63b7ac6668c53.png", "format": "png", "width": 1000, "height": 1000}, "_timestamp": 1661337067.7014177, "_runtime": 71.34005379676819, "_step": 1, "test/loss": 0.36290663480758667, "test/origin_acc": 0.8465409278869629, "test/new_acc": 0.8402515649795532, "test/f1_macro": 0.8033768534660339, "test/wqKappa": 0.924487292766571, "test/cnt_diff": 89.0, "test/cnt_correct_diff": 39.0, "epoch": 7, "trainer/global_step": 0, "_wandb": {"runtime": 70}}