{"test/conf_matrix": {"_type": "image-file", "sha256": "bef08e9073f1a77a824f28b32390d3dfd4accc408075c2948d59944fd53883c7", "size": 26764, "path": "media/images/test/conf_matrix_0_bef08e9073f1a77a824f.png", "format": "png", "width": 1000, "height": 1000}, "_timestamp": 1661477561.683022, "_runtime": 165.00427508354187, "_step": 1, "test/loss": 0.557793915271759, "test/origin_acc": 0.8131067752838135, "test/new_acc": 0.7907766699790955, "test/f1_macro": 0.5862827897071838, "test/wqKappa": 0.7408756613731384, "test/cnt_diff": 129.0, "test/cnt_correct_diff": 37.0, "epoch": 2, "trainer/global_step": 0, "_wandb": {"runtime": 164}}