{"test/conf_matrix": {"_type": "image-file", "sha256": "816ca38fd26e626f5ef2dec7a62eebdf5f4a1b7f37be3e008e3fb0203a6bf2df", "size": 27807, "path": "media/images/test/conf_matrix_0_816ca38fd26e626f5ef2.png", "format": "png", "width": 1000, "height": 1000}, "_timestamp": 1661342834.1293159, "_runtime": 503.383829832077, "_step": 1, "test/loss": 0.3532443344593048, "test/origin_acc": 0.8658690452575684, "test/new_acc": 0.8513854146003723, "test/f1_macro": 0.8207621574401855, "test/wqKappa": 0.9283707141876221, "test/cnt_diff": 83.0, "test/cnt_correct_diff": 29.0, "epoch": 17, "trainer/global_step": 0, "_wandb": {"runtime": 502}}