{"test/conf_matrix": {"_type": "image-file", "sha256": "20a8ebd7920db974b6b38bdcbd3f8f4cdcd702298ddf3fb3037ec74c3a1d8954", "size": 30075, "path": "media/images/test/conf_matrix_0_20a8ebd7920db974b6b3.png", "format": "png", "width": 1000, "height": 1000}, "_timestamp": 1661456087.7143807, "_runtime": 266.77270770072937, "_step": 1, "test/loss": 0.663868248462677, "test/origin_acc": 0.7158367037773132, "test/new_acc": 0.7004956603050232, "test/f1_macro": 0.6265043020248413, "test/wqKappa": 0.6252061724662781, "test/cnt_diff": 504.0, "test/cnt_correct_diff": 205.0, "epoch": 3, "trainer/global_step": 0, "_wandb": {"runtime": 266}}