{"test/conf_matrix": {"_type": "image-file", "sha256": "180f01bae389a4f24ee710c0ece2d8a7b18380095a4d9fadfe1106507e9bb8cd", "size": 30069, "path": "media/images/test/conf_matrix_0_180f01bae389a4f24ee7.png", "format": "png", "width": 1000, "height": 1000}, "_timestamp": 1661442219.572043, "_runtime": 149.32325100898743, "_step": 1, "test/loss": 2.0962419509887695, "test/origin_acc": 0.4666246771812439, "test/new_acc": 0.45717883110046387, "test/f1_macro": 0.29655006527900696, "test/wqKappa": 0.1279597282409668, "test/cnt_diff": 153.0, "test/cnt_correct_diff": 34.0, "epoch": 3, "trainer/global_step": 0, "_wandb": {"runtime": 149}}