{"test/conf_matrix": {"_type": "image-file", "sha256": "bf318ad468ad37fe0c75f64f7dc77941b8075c30a0eee6fbcf40528e877b8c5d", "size": 30480, "path": "media/images/test/conf_matrix_0_bf318ad468ad37fe0c75.png", "format": "png", "width": 1000, "height": 1000}, "_timestamp": 1658772665, "_runtime": 1647, "_step": 1, "test/loss": 0.7740350365638733, "test/origin_acc": 0.6854648590087891, "test/new_acc": 0.6849929094314575, "test/f1_macro": 0.6038728952407837, "test/wqKappa": 0.5746198892593384, "epoch": 4, "trainer/global_step": 0, "_wandb": {"runtime": 1648}}