{"test/conf_matrix": {"_type": "image-file", "sha256": "7f10266256cc6cf11ae737b3220af0ce2f6a11f8223be70cafc70014e06d5ee4", "size": 27315, "path": "media/images/test/conf_matrix_0_7f10266256cc6cf11ae7.png", "format": "png", "width": 1000, "height": 1000}, "_timestamp": 1661893339.3377523, "_runtime": 243.41810941696167, "_step": 1, "test/loss": 0.32275402545928955, "test/origin_acc": 0.8633501529693604, "test/new_acc": 0.8551637530326843, "test/f1_macro": 0.8237769603729248, "test/wqKappa": 0.9279687404632568, "test/cnt_diff": 66.0, "test/cnt_correct_diff": 26.0, "epoch": 3, "trainer/global_step": 0, "_wandb": {"runtime": 243}}