{"test/conf_matrix": {"_type": "image-file", "sha256": "459cec1c8e25bbcc651ebcb20e86aecfe7771a39857802dd87f66feb8be6cc16", "size": 27685, "path": "media/images/test/conf_matrix_0_459cec1c8e25bbcc651e.png", "format": "png", "width": 1000, "height": 1000}, "_timestamp": 1661327292.5545282, "_runtime": 119.84741520881653, "_step": 1, "test/loss": 0.31017082929611206, "test/origin_acc": 0.8753148317337036, "test/new_acc": 0.8539043068885803, "test/f1_macro": 0.8202050924301147, "test/wqKappa": 0.9321720600128174, "test/cnt_diff": 102.0, "test/cnt_correct_diff": 34.0, "epoch": 7, "trainer/global_step": 0, "_wandb": {"runtime": 119}}