{"test/conf_matrix": {"_type": "image-file", "sha256": "155c45bff2e3be9f351ef1eeed4ae5efbf713f08c8c81fdc2c9614d48d02ee56", "size": 29334, "path": "media/images/test/conf_matrix_0_155c45bff2e3be9f351e.png", "format": "png", "width": 1000, "height": 1000}, "_timestamp": 1661436216.946184, "_runtime": 134.91633582115173, "_step": 1, "test/loss": 2.1025230884552, "test/origin_acc": 0.5195214152336121, "test/new_acc": 0.5226700305938721, "test/f1_macro": 0.336031973361969, "test/wqKappa": 0.5295752286911011, "test/cnt_diff": 49.0, "test/cnt_correct_diff": 18.0, "epoch": 8, "trainer/global_step": 0, "_wandb": {"runtime": 134}}