{"test/conf_matrix": {"_type": "image-file", "sha256": "f7811f10ca3c12318d0d4b1412b5e91a0c68e600814ecc4e1bfda33495f69fca", "size": 27733, "path": "media/images/test/conf_matrix_0_f7811f10ca3c12318d0d.png", "format": "png", "width": 1000, "height": 1000}, "_timestamp": 1661334659.302079, "_runtime": 82.707603931427, "_step": 1, "test/loss": 0.36475446820259094, "test/origin_acc": 0.8339622616767883, "test/new_acc": 0.8389937281608582, "test/f1_macro": 0.807165265083313, "test/wqKappa": 0.9235810041427612, "test/cnt_diff": 61.0, "test/cnt_correct_diff": 34.0, "epoch": 7, "trainer/global_step": 0, "_wandb": {"runtime": 82}}