{"test/conf_matrix": {"_type": "image-file", "sha256": "7eaa53c74bb4ad571a03a53097a3f302d0d778f128484b83825668b97b2d2b86", "size": 26940, "path": "media/images/test/conf_matrix_0_7eaa53c74bb4ad571a03.png", "format": "png", "width": 1000, "height": 1000}, "_timestamp": 1661337536.81136, "_runtime": 71.11667990684509, "_step": 1, "test/loss": 0.36290663480758667, "test/origin_acc": 0.8465409278869629, "test/new_acc": 0.8465409278869629, "test/f1_macro": 0.80755615234375, "test/wqKappa": 0.9277682304382324, "test/cnt_diff": 18.0, "test/cnt_correct_diff": 9.0, "epoch": 7, "trainer/global_step": 0, "_wandb": {"runtime": 70}}