{"test/conf_matrix": {"_type": "image-file", "sha256": "ea0618f37eea88b23a9217037acbb2bb63a3e231359bbc2a30659f108fcd290d", "size": 30141, "path": "media/images/test/conf_matrix_0_ea0618f37eea88b23a92.png", "format": "png", "width": 1000, "height": 1000}, "_timestamp": 1661438076.2599695, "_runtime": 144.9058644771576, "_step": 1, "test/loss": 2.1597023010253906, "test/origin_acc": 0.49370276927948, "test/new_acc": 0.513853907585144, "test/f1_macro": 0.35605520009994507, "test/wqKappa": 0.5256701707839966, "test/cnt_diff": 91.0, "test/cnt_correct_diff": 51.0, "epoch": 10, "trainer/global_step": 0, "_wandb": {"runtime": 145}}