{"test/conf_matrix": {"_type": "image-file", "sha256": "8544c5d9e09f7bac5e6b2a8a73cb3802dd7384dd209c59e93cfd3095f0280ba8", "size": 26787, "path": "media/images/test/conf_matrix_0_8544c5d9e09f7bac5e6b.png", "format": "png", "width": 1000, "height": 1000}, "_timestamp": 1661355059.5592954, "_runtime": 370.8583023548126, "_step": 1, "test/loss": 0.3092154264450073, "test/origin_acc": 0.8753148317337036, "test/new_acc": 0.8759445548057556, "test/f1_macro": 0.8404744863510132, "test/wqKappa": 0.9401407241821289, "test/cnt_diff": 4.0, "test/cnt_correct_diff": 2.0, "epoch": 11, "trainer/global_step": 0, "_wandb": {"runtime": 370}}