{"test/conf_matrix": {"_type": "image-file", "sha256": "6319cb823151930a2beb16bcac150b5457af27d9917cb285724039b780ec022e", "size": 26950, "path": "media/images/test/conf_matrix_0_6319cb823151930a2beb.png", "format": "png", "width": 1000, "height": 1000}, "_timestamp": 1661330552.0055976, "_runtime": 148.393536567688, "_step": 1, "test/loss": 0.32888326048851013, "test/origin_acc": 0.8652393221855164, "test/new_acc": 0.8331234455108643, "test/f1_macro": 0.7939974665641785, "test/wqKappa": 0.925441563129425, "test/cnt_diff": 147.0, "test/cnt_correct_diff": 47.0, "epoch": 4, "trainer/global_step": 0, "_wandb": {"runtime": 147}}