{"test/conf_matrix": {"_type": "image-file", "sha256": "83f293fa0af205ed18ddc5919dc850579d6beb3bcc78c60a7613ce3597ed82ba", "size": 27697, "path": "media/images/test/conf_matrix_0_83f293fa0af205ed18dd.png", "format": "png", "width": 1000, "height": 1000}, "_timestamp": 1661334057.7754936, "_runtime": 92.46120071411133, "_step": 1, "test/loss": 0.36475446820259094, "test/origin_acc": 0.8339622616767883, "test/new_acc": 0.8257861733436584, "test/f1_macro": 0.796303927898407, "test/wqKappa": 0.9176859259605408, "test/cnt_diff": 112.0, "test/cnt_correct_diff": 49.0, "epoch": 7, "trainer/global_step": 0, "_wandb": {"runtime": 92}}