{"test/conf_matrix": {"_type": "image-file", "sha256": "8ecc9bcc7c6ba32a4bb901dd8e4191e930f273e743733e3a893f672e587b1d02", "size": 29078, "path": "media/images/test/conf_matrix_0_8ecc9bcc7c6ba32a4bb9.png", "format": "png", "width": 1000, "height": 1000}, "_timestamp": 1661437778.458709, "_runtime": 149.99560689926147, "_step": 1, "test/loss": 2.1025230884552, "test/origin_acc": 0.5195214152336121, "test/new_acc": 0.5340050458908081, "test/f1_macro": 0.3519057631492615, "test/wqKappa": 0.551884651184082, "test/cnt_diff": 89.0, "test/cnt_correct_diff": 43.0, "epoch": 8, "trainer/global_step": 0, "_wandb": {"runtime": 150}}