{"test/conf_matrix": {"_type": "image-file", "sha256": "685d77de744c324a7db8799e3bf8fd08e8b0f585a80453c2e20a1f2e0ea75296", "size": 30080, "path": "media/images/test/conf_matrix_0_685d77de744c324a7db8.png", "format": "png", "width": 1000, "height": 1000}, "_timestamp": 1661459065.056131, "_runtime": 80.35429382324219, "_step": 1, "test/loss": 3.2831687927246094, "test/origin_acc": 0.372795969247818, "test/new_acc": 0.3438287079334259, "test/f1_macro": 0.27408862113952637, "test/wqKappa": 0.07797771692276001, "test/cnt_diff": 210.0, "test/cnt_correct_diff": 53.0, "epoch": 5, "trainer/global_step": 0, "_wandb": {"runtime": 79}}