{"test/conf_matrix": {"_type": "image-file", "sha256": "692411c41d2c422136f5edd0242a2bf7f5865bd050641ba5ee7e5d7f0c15478e", "size": 31407, "path": "media/images/test/conf_matrix_0_692411c41d2c422136f5.png", "format": "png", "width": 1000, "height": 1000}, "_timestamp": 1661457585.0681593, "_runtime": 140.10131645202637, "_step": 1, "test/loss": 3.2831687927246094, "test/origin_acc": 0.372795969247818, "test/new_acc": 0.254408061504364, "test/f1_macro": 0.22913849353790283, "test/wqKappa": 0.030980348587036133, "test/cnt_diff": 853.0, "test/cnt_correct_diff": 175.0, "epoch": 5, "trainer/global_step": 0, "_wandb": {"runtime": 139}}