{"test/conf_matrix": {"_type": "image-file", "sha256": "3f8eb1d59f38719cad529adc48067028f43607b2b2edbfaed48621884f1ff3e1", "size": 28943, "path": "media/images/test/conf_matrix_0_3f8eb1d59f38719cad52.png", "format": "png", "width": 1000, "height": 1000}, "_timestamp": 1661436024.263955, "_runtime": 130.63550519943237, "_step": 1, "test/loss": 2.1025230884552, "test/origin_acc": 0.5195214152336121, "test/new_acc": 0.5251889228820801, "test/f1_macro": 0.3394460678100586, "test/wqKappa": 0.5348934531211853, "test/cnt_diff": 58.0, "test/cnt_correct_diff": 24.0, "epoch": 8, "trainer/global_step": 0, "_wandb": {"runtime": 130}}