{"test/conf_matrix": {"_type": "image-file", "sha256": "da03ce017cf6c03c8baeb8c98ec587fdc6eb46214ca57de03dac57d175f88e58", "size": 27283, "path": "media/images/test/conf_matrix_0_da03ce017cf6c03c8bae.png", "format": "png", "width": 1000, "height": 1000}, "_timestamp": 1661327195.2557213, "_runtime": 107.49429631233215, "_step": 1, "test/loss": 0.35823777318000793, "test/origin_acc": 0.8526448607444763, "test/new_acc": 0.8274559378623962, "test/f1_macro": 0.800872266292572, "test/wqKappa": 0.9190486073493958, "test/cnt_diff": 160.0, "test/cnt_correct_diff": 59.0, "epoch": 5, "trainer/global_step": 0, "_wandb": {"runtime": 107}}