{"test/conf_matrix": {"_type": "image-file", "sha256": "037d97d9281bdf33c0cd199a5f57f0d31cb494e91cccfe9ad1d0391e13708122", "size": 30057, "path": "media/images/test/conf_matrix_0_037d97d9281bdf33c0cd.png", "format": "png", "width": 1000, "height": 1000}, "_timestamp": 1660152349.2349408, "_runtime": 620.6089208126068, "_step": 1, "test/loss": 0.34628796577453613, "test/origin_acc": 0.8710532188415527, "test/new_acc": 0.8705564141273499, "test/f1_macro": 0.7885048985481262, "test/wqKappa": 0.9280670285224915, "test/cnt_diff": 80.0, "test/cnt_correct_diff": 29.0, "epoch": 1, "trainer/global_step": 0, "_wandb": {"runtime": 621}}