{"test/conf_matrix": {"_type": "image-file", "sha256": "4dd3f370b342e52578151eb16f861cb1c7e28bfd639025117fe8fce81fbdad96", "size": 27312, "path": "media/images/test/conf_matrix_0_4dd3f370b342e5257815.png", "format": "png", "width": 1000, "height": 1000}, "_timestamp": 1661328441.7647383, "_runtime": 99.68821740150452, "_step": 1, "test/loss": 0.31017082929611206, "test/origin_acc": 0.8753148317337036, "test/new_acc": 0.8740554451942444, "test/f1_macro": 0.8401998281478882, "test/wqKappa": 0.9408663511276245, "test/cnt_diff": 4.0, "test/cnt_correct_diff": 1.0, "epoch": 7, "trainer/global_step": 0, "_wandb": {"runtime": 99}}