{"test/conf_matrix": {"_type": "image-file", "sha256": "12ec8b1daabe9c372c711d224808824d997c4bc6a6de4cc0cb1325b6341ae199", "size": 28462, "path": "media/images/test/conf_matrix_0_12ec8b1daabe9c372c71.png", "format": "png", "width": 1000, "height": 1000}, "_timestamp": 1661326175.886583, "_runtime": 79.33806300163269, "_step": 1, "test/loss": 0.5756698250770569, "test/origin_acc": 0.7811321020126343, "test/new_acc": 0.7584905624389648, "test/f1_macro": 0.7212881445884705, "test/wqKappa": 0.8151606321334839, "test/cnt_diff": 103.0, "test/cnt_correct_diff": 20.0, "epoch": 8, "trainer/global_step": 0, "_wandb": {"runtime": 79}}