{"test/conf_matrix": {"_type": "image-file", "sha256": "abe4d1f7f10d15ed2ea1f70c7b6981c91516fe35fe4fde5b6de793614fa7e896", "size": 31151, "path": "media/images/test/conf_matrix_0_abe4d1f7f10d15ed2ea1.png", "format": "png", "width": 1000, "height": 1000}, "_timestamp": 1660303167.6581583, "_runtime": 560.0980603694916, "_step": 1, "test/loss": 0.6168479919433594, "test/origin_acc": 0.7463871836662292, "test/new_acc": 0.7427346110343933, "test/f1_macro": 0.6972641348838806, "test/wqKappa": 0.681240439414978, "test/cnt_diff": 42.0, "test/cnt_correct_diff": 7.0, "epoch": 5, "trainer/global_step": 0, "_wandb": {"runtime": 561}}