{"test/conf_matrix": {"_type": "image-file", "sha256": "8a9c5a64cbd02b5f6c44a4f2a79bf9175ce48d2802c13820783bc41583f73e9e", "size": 28570, "path": "media/images/test/conf_matrix_0_8a9c5a64cbd02b5f6c44.png", "format": "png", "width": 1000, "height": 1000}, "_timestamp": 1661325259.5018468, "_runtime": 78.241201877594, "_step": 1, "test/loss": 0.5756698250770569, "test/origin_acc": 0.7811321020126343, "test/new_acc": 0.5798742175102234, "test/f1_macro": 0.5464109182357788, "test/wqKappa": 0.6958271861076355, "test/cnt_diff": 505.0, "test/cnt_correct_diff": 76.0, "epoch": 8, "trainer/global_step": 0, "_wandb": {"runtime": 77}}