{"test/conf_matrix": {"_type": "image-file", "sha256": "c476aaa6f4e607ea635abd0c8e778ee273853ce28d53bf515e8bd6df09ded6b6", "size": 30404, "path": "media/images/test/conf_matrix_0_c476aaa6f4e607ea635a.png", "format": "png", "width": 1000, "height": 1000}, "_timestamp": 1661443002.2264407, "_runtime": 431.80903363227844, "_step": 1, "test/loss": 0.9711070656776428, "test/origin_acc": 0.5501534342765808, "test/new_acc": 0.5817795395851135, "test/f1_macro": 0.5297143459320068, "test/wqKappa": 0.4845516085624695, "test/cnt_diff": 977.0, "test/cnt_correct_diff": 365.0, "epoch": 2, "trainer/global_step": 0, "_wandb": {"runtime": 432}}