{"test/conf_matrix": {"_type": "image-file", "sha256": "3bc995a89385e5649572cb4e66492fe915a3d85b1e10c71cc2af0e24f1749576", "size": 30077, "path": "media/images/test/conf_matrix_0_3bc995a89385e5649572.png", "format": "png", "width": 1000, "height": 1000}, "_timestamp": 1661424939.8670146, "_runtime": 286.66583275794983, "_step": 1, "test/loss": 2.3457894325256348, "test/origin_acc": 0.4401763081550598, "test/new_acc": 0.4408060312271118, "test/f1_macro": 0.2758982181549072, "test/wqKappa": 0.30509424209594727, "test/cnt_diff": 86.0, "test/cnt_correct_diff": 34.0, "epoch": 2, "trainer/global_step": 0, "_wandb": {"runtime": 287}}