{"test/conf_matrix": {"_type": "image-file", "sha256": "c9b77a683dd4a2fb618182bea4f145eefa86a1d8bfebb6cbe7e96240aa160710", "size": 29827, "path": "media/images/test/conf_matrix_0_c9b77a683dd4a2fb6181.png", "format": "png", "width": 1000, "height": 1000}, "_timestamp": 1661425868.6855896, "_runtime": 281.64178562164307, "_step": 1, "test/loss": 2.3457894325256348, "test/origin_acc": 0.4401763081550598, "test/new_acc": 0.42065492272377014, "test/f1_macro": 0.28386831283569336, "test/wqKappa": 0.3204282522201538, "test/cnt_diff": 328.0, "test/cnt_correct_diff": 102.0, "epoch": 2, "trainer/global_step": 0, "_wandb": {"runtime": 282}}