{"test/conf_matrix": {"_type": "image-file", "sha256": "94be43b22b926b425799ee1600c9f23ac6641c8bc025dfb0cc31ebf1a1dcb6c4", "size": 27791, "path": "media/images/test/conf_matrix_0_94be43b22b926b425799.png", "format": "png", "width": 1000, "height": 1000}, "_timestamp": 1661489117.9100277, "_runtime": 125.74378180503845, "_step": 1, "test/loss": 0.567625880241394, "test/origin_acc": 0.825728178024292, "test/new_acc": 0.8266990184783936, "test/f1_macro": 0.63123619556427, "test/wqKappa": 0.7818583250045776, "test/cnt_diff": 63.0, "test/cnt_correct_diff": 30.0, "epoch": 5, "trainer/global_step": 0, "_wandb": {"runtime": 125}}