{"test/conf_matrix": {"_type": "image-file", "sha256": "45f2c2c524a32a816bd44d922a6f31285d48302a3fa3de77efffd5d799ec2572", "size": 30011, "path": "media/images/test/conf_matrix_0_45f2c2c524a32a816bd4.png", "format": "png", "width": 1000, "height": 1000}, "_timestamp": 1661433410.623096, "_runtime": 138.42316794395447, "_step": 1, "test/loss": 2.1025230884552, "test/origin_acc": 0.5195214152336121, "test/new_acc": 0.5654911994934082, "test/f1_macro": 0.39404192566871643, "test/wqKappa": 0.589348554611206, "test/cnt_diff": 148.0, "test/cnt_correct_diff": 97.0, "epoch": 8, "trainer/global_step": 0, "_wandb": {"runtime": 138}}