{"test/conf_matrix": {"_type": "image-file", "sha256": "e45f96f8e27d7bf776a7bcddb09acbc91d8ad1c7987228c444285d1b7a0cc31c", "size": 30027, "path": "media/images/test/conf_matrix_0_e45f96f8e27d7bf776a7.png", "format": "png", "width": 1000, "height": 1000}, "_timestamp": 1661411079.030058, "_runtime": 426.1802589893341, "_step": 1, "test/loss": 2.093094825744629, "test/origin_acc": 0.5560453534126282, "test/new_acc": 0.5780856609344482, "test/f1_macro": 0.39185330271720886, "test/wqKappa": 0.5376132130622864, "test/cnt_diff": 344.0, "test/cnt_correct_diff": 148.0, "epoch": 11, "trainer/global_step": 0, "_wandb": {"runtime": 425}}