{"test/conf_matrix": {"_type": "image-file", "sha256": "bb1546594d60256624c5211562ad8342e9b8a3bafeba91b0e0e9c5106b3776bc", "size": 31116, "path": "media/images/test/conf_matrix_0_bb1546594d60256624c5.png", "format": "png", "width": 1000, "height": 1000}, "_timestamp": 1661457424.9437342, "_runtime": 137.93913316726685, "_step": 1, "test/loss": 3.2831687927246094, "test/origin_acc": 0.372795969247818, "test/new_acc": 0.24370276927947998, "test/f1_macro": 0.22001484036445618, "test/wqKappa": 0.013465464115142822, "test/cnt_diff": 902.0, "test/cnt_correct_diff": 176.0, "epoch": 5, "trainer/global_step": 0, "_wandb": {"runtime": 138}}