{"test/conf_matrix": {"_type": "image-file", "sha256": "48d60651d68b5c9da99b4f26723757f99badc34e512db592bbf8250abeb48b48", "size": 30186, "path": "media/images/test/conf_matrix_0_48d60651d68b5c9da99b.png", "format": "png", "width": 1000, "height": 1000}, "_timestamp": 1661455507.961976, "_runtime": 252.84675407409668, "_step": 1, "test/loss": 0.663868248462677, "test/origin_acc": 0.7158367037773132, "test/new_acc": 0.7040358781814575, "test/f1_macro": 0.6245018243789673, "test/wqKappa": 0.624930739402771, "test/cnt_diff": 453.0, "test/cnt_correct_diff": 187.0, "epoch": 3, "trainer/global_step": 0, "_wandb": {"runtime": 252}}