{"test/conf_matrix": {"_type": "image-file", "sha256": "077a96d5903ae09f6ba7306990bd55cfcbbc773a91b1d728deb6929a1ed54e39", "size": 29993, "path": "media/images/test/conf_matrix_0_077a96d5903ae09f6ba7.png", "format": "png", "width": 1000, "height": 1000}, "_timestamp": 1661429635.9762576, "_runtime": 105.67123460769653, "_step": 1, "test/loss": 1.9362478256225586, "test/origin_acc": 0.5440806150436401, "test/new_acc": 0.4760705232620239, "test/f1_macro": 0.41532811522483826, "test/wqKappa": 0.49438536167144775, "test/cnt_diff": 757.0, "test/cnt_correct_diff": 262.0, "epoch": 11, "trainer/global_step": 0, "_wandb": {"runtime": 105}}