{"test/conf_matrix": {"_type": "image-file", "sha256": "70f9079fca19a992af99d75889a5415905ab9f636a3e869e557bb5ed5c18ebf9", "size": 31334, "path": "media/images/test/conf_matrix_0_70f9079fca19a992af99.png", "format": "png", "width": 1000, "height": 1000}, "_timestamp": 1661458043.6178243, "_runtime": 134.06676530838013, "_step": 1, "test/loss": 3.2831687927246094, "test/origin_acc": 0.372795969247818, "test/new_acc": 0.2802267074584961, "test/f1_macro": 0.24977752566337585, "test/wqKappa": 0.0740002989768982, "test/cnt_diff": 702.0, "test/cnt_correct_diff": 162.0, "epoch": 5, "trainer/global_step": 0, "_wandb": {"runtime": 133}}