{"test/conf_matrix": {"_type": "image-file", "sha256": "a8ae65de615c9ee0f876c0b7595baa1dac372394f87c64255585652939e6e3ab", "size": 27056, "path": "media/images/test/conf_matrix_0_a8ae65de615c9ee0f876.png", "format": "png", "width": 1000, "height": 1000}, "_timestamp": 1661479154.5827746, "_runtime": 151.59371852874756, "_step": 1, "test/loss": 0.5793511271476746, "test/origin_acc": 0.832524299621582, "test/new_acc": 0.8276699185371399, "test/f1_macro": 0.627795934677124, "test/wqKappa": 0.7841542959213257, "test/cnt_diff": 19.0, "test/cnt_correct_diff": 1.0, "epoch": 11, "trainer/global_step": 0, "_wandb": {"runtime": 151}}