{"test/conf_matrix": {"_type": "image-file", "sha256": "0fbf44f2da2ceb3aec04dedab723fec8b9dd8482f594bd242df3c45af72b1886", "size": 26751, "path": "media/images/test/conf_matrix_0_0fbf44f2da2ceb3aec04.png", "format": "png", "width": 1000, "height": 1000}, "_timestamp": 1661332956.1602023, "_runtime": 108.01119637489319, "_step": 1, "test/loss": 0.32888326048851013, "test/origin_acc": 0.8652393221855164, "test/new_acc": 0.8690176606178284, "test/f1_macro": 0.8309856653213501, "test/wqKappa": 0.9387389421463013, "test/cnt_diff": 13.0, "test/cnt_correct_diff": 9.0, "epoch": 4, "trainer/global_step": 0, "_wandb": {"runtime": 108}}