{"test/conf_matrix": {"_type": "image-file", "sha256": "e2abb5223f383edb3aa26edf1d79859a098032144b9dce871d911f8343cd4217", "size": 28387, "path": "media/images/test/conf_matrix_0_e2abb5223f383edb3aa2.png", "format": "png", "width": 1000, "height": 1000}, "_timestamp": 1661408781.8497305, "_runtime": 140.80421137809753, "_step": 1, "test/loss": 0.5978809595108032, "test/origin_acc": 0.8170791268348694, "test/new_acc": 0.807860255241394, "test/f1_macro": 0.6031390428543091, "test/wqKappa": 0.7549864649772644, "test/cnt_diff": 122.0, "test/cnt_correct_diff": 43.0, "epoch": 12, "trainer/global_step": 0, "_wandb": {"runtime": 141}}