{"test/conf_matrix": {"_type": "image-file", "sha256": "6343612bae5f776be1fbad43ba7536239ad6d50368a17678038051e6aa66f4c2", "size": 27978, "path": "media/images/test/conf_matrix_0_6343612bae5f776be1fb.png", "format": "png", "width": 1000, "height": 1000}, "_timestamp": 1660713470.3719988, "_runtime": 163.36104369163513, "_step": 1, "test/loss": 0.5653321146965027, "test/origin_acc": 0.8330907821655273, "test/new_acc": 0.8364871740341187, "test/f1_macro": 0.6324119567871094, "test/wqKappa": 0.7751599550247192, "test/cnt_diff": 28.0, "test/cnt_correct_diff": 15.0, "epoch": 12, "trainer/global_step": 0, "_wandb": {"runtime": 163}}