{"test/conf_matrix": {"_type": "image-file", "sha256": "48d6ae705696e3548411182662dda0568b27b85ce0580fea1e6a07492abcf3d5", "size": 26699, "path": "media/images/test/conf_matrix_0_48d6ae705696e3548411.png", "format": "png", "width": 1000, "height": 1000}, "_timestamp": 1661481597.828452, "_runtime": 124.01602005958557, "_step": 1, "test/loss": 0.557793915271759, "test/origin_acc": 0.8131067752838135, "test/new_acc": 0.7917475700378418, "test/f1_macro": 0.5895567536354065, "test/wqKappa": 0.7432446479797363, "test/cnt_diff": 125.0, "test/cnt_correct_diff": 36.0, "epoch": 2, "trainer/global_step": 0, "_wandb": {"runtime": 123}}