{"test/conf_matrix": {"_type": "image-file", "sha256": "f48fd3b7ce03c939c73f39f7644fdd318b85e15f8cfe183ea162b6666a5645a5", "size": 28302, "path": "media/images/test/conf_matrix_0_f48fd3b7ce03c939c73f.png", "format": "png", "width": 1000, "height": 1000}, "_timestamp": 1661407594.0141504, "_runtime": 132.73299145698547, "_step": 1, "test/loss": 0.5978809595108032, "test/origin_acc": 0.8170791268348694, "test/new_acc": 0.8088306784629822, "test/f1_macro": 0.6061707735061646, "test/wqKappa": 0.7428396940231323, "test/cnt_diff": 28.0, "test/cnt_correct_diff": 2.0, "epoch": 12, "trainer/global_step": 0, "_wandb": {"runtime": 133}}