{"test/conf_matrix": {"_type": "image-file", "sha256": "a379b31d2e5e6f0b8fd383adb29ca8a94066f2baef548a69832bb1fc769ce675", "size": 29770, "path": "media/images/test/conf_matrix_0_a379b31d2e5e6f0b8fd3.png", "format": "png", "width": 1000, "height": 1000}, "_timestamp": 1661454029.4247587, "_runtime": 134.00450468063354, "_step": 1, "test/loss": 0.8180785775184631, "test/origin_acc": 0.6161831021308899, "test/new_acc": 0.584100067615509, "test/f1_macro": 0.48692426085472107, "test/wqKappa": 0.5014004707336426, "test/cnt_diff": 878.0, "test/cnt_correct_diff": 314.0, "epoch": 5, "trainer/global_step": 0, "_wandb": {"runtime": 134}}