{"test/conf_matrix": {"_type": "image-file", "sha256": "8b5c78713635fa4e337c7fc610372cd5ba0180a491f6201430e28dc84f94c20a", "size": 28701, "path": "media/images/test/conf_matrix_0_8b5c78713635fa4e337c.png", "format": "png", "width": 1000, "height": 1000}, "_timestamp": 1661406449.6786737, "_runtime": 99.28171968460083, "_step": 1, "test/loss": 0.5978809595108032, "test/origin_acc": 0.8170791268348694, "test/new_acc": 0.8059194684028625, "test/f1_macro": 0.6004769802093506, "test/wqKappa": 0.7552448511123657, "test/cnt_diff": 127.0, "test/cnt_correct_diff": 43.0, "epoch": 12, "trainer/global_step": 0, "_wandb": {"runtime": 98}}