{"test/conf_matrix": {"_type": "image-file", "sha256": "588c7d89ad423328728291f944876b4b84d0fd4d096027733cdbbe7c2fcc00d3", "size": 30212, "path": "media/images/test/conf_matrix_0_588c7d89ad4233287282.png", "format": "png", "width": 1000, "height": 1000}, "_timestamp": 1661461833.3609986, "_runtime": 117.68013072013855, "_step": 1, "test/loss": 0.7218735218048096, "test/origin_acc": 0.6959188580513, "test/new_acc": 0.6940315961837769, "test/f1_macro": 0.6042636632919312, "test/wqKappa": 0.609088659286499, "test/cnt_diff": 299.0, "test/cnt_correct_diff": 138.0, "epoch": 7, "trainer/global_step": 0, "_wandb": {"runtime": 117}}