{"test/conf_matrix": {"_type": "image-file", "sha256": "9e63cb8980061bff8305e6e714e164330375aefdd233a55323e6082b27dcabc4", "size": 27374, "path": "media/images/test/conf_matrix_0_9e63cb8980061bff8305.png", "format": "png", "width": 1000, "height": 1000}, "_timestamp": 1661928561.6850908, "_runtime": 187.2608127593994, "_step": 1, "test/loss": 0.31758856773376465, "test/origin_acc": 0.8759445548057556, "test/new_acc": 0.8639798760414124, "test/f1_macro": 0.8248641490936279, "test/wqKappa": 0.9350934624671936, "test/cnt_diff": 82.0, "test/cnt_correct_diff": 31.0, "epoch": 4, "trainer/global_step": 0, "_wandb": {"runtime": 184}}