{"test/conf_matrix": {"_type": "image-file", "sha256": "cd0ee227f244bb5a18758ba2bd10b02bb33ed5ebf6cfe82922d0baef30fb8d4b", "size": 28183, "path": "media/images/test/conf_matrix_0_cd0ee227f244bb5a1875.png", "format": "png", "width": 1000, "height": 1000}, "_timestamp": 1661480230.9715087, "_runtime": 139.8719778060913, "_step": 1, "test/loss": 0.557793915271759, "test/origin_acc": 0.8131067752838135, "test/new_acc": 0.8092232942581177, "test/f1_macro": 0.618782103061676, "test/wqKappa": 0.7662672400474548, "test/cnt_diff": 19.0, "test/cnt_correct_diff": 4.0, "epoch": 2, "trainer/global_step": 0, "_wandb": {"runtime": 139}}