{"test/conf_matrix": {"_type": "image-file", "sha256": "d9d46b6b18014c1ea3134e881441611754a392cfb44c33efbac75bd8cbd21789", "size": 29863, "path": "media/images/test/conf_matrix_0_d9d46b6b18014c1ea313.png", "format": "png", "width": 1000, "height": 1000}, "_timestamp": 1661424318.4758785, "_runtime": 232.60086154937744, "_step": 1, "test/loss": 2.3457894325256348, "test/origin_acc": 0.4401763081550598, "test/new_acc": 0.4370277225971222, "test/f1_macro": 0.2897337079048157, "test/wqKappa": 0.32093507051467896, "test/cnt_diff": 208.0, "test/cnt_correct_diff": 78.0, "epoch": 2, "trainer/global_step": 0, "_wandb": {"runtime": 232}}