{"test/conf_matrix": {"_type": "image-file", "sha256": "f807817606bd8231726b9c9d7d47b6bfc4f080955c9f161dbe5fb332ba2f97fe", "size": 27261, "path": "media/images/test/conf_matrix_0_f807817606bd8231726b.png", "format": "png", "width": 1000, "height": 1000}, "_timestamp": 1661338427.7217948, "_runtime": 91.56649494171143, "_step": 1, "test/loss": 0.36290663480758667, "test/origin_acc": 0.8465409278869629, "test/new_acc": 0.8396226167678833, "test/f1_macro": 0.8019868731498718, "test/wqKappa": 0.9249207973480225, "test/cnt_diff": 79.0, "test/cnt_correct_diff": 34.0, "epoch": 7, "trainer/global_step": 0, "_wandb": {"runtime": 91}}