{"test/conf_matrix": {"_type": "image-file", "sha256": "5aa6bfac481a49bfacc914d49e0e6a2e21c3257cad645d65387afb9bfc4cd0d2", "size": 30486, "path": "media/images/test/conf_matrix_0_5aa6bfac481a49bfacc9.png", "format": "png", "width": 1000, "height": 1000}, "_timestamp": 1660651287.172236, "_runtime": 555.7101829051971, "_step": 1, "test/loss": 0.8469946980476379, "test/origin_acc": 0.6934151649475098, "test/new_acc": 0.6929430961608887, "test/f1_macro": 0.6255395412445068, "test/wqKappa": 0.6196199655532837, "test/cnt_diff": 13.0, "test/cnt_correct_diff": 4.0, "epoch": 7, "trainer/global_step": 0, "_wandb": {"runtime": 555}}