{"test/conf_matrix": {"_type": "image-file", "sha256": "f8412f841e6d7c93be33be48fd52dc9ba5ab3f8c6cc4455f6437fd8f8392659e", "size": 29664, "path": "media/images/test/conf_matrix_0_f8412f841e6d7c93be33.png", "format": "png", "width": 1000, "height": 1000}, "_timestamp": 1661413365.7830615, "_runtime": 498.6041696071625, "_step": 1, "test/loss": 2.093094825744629, "test/origin_acc": 0.5560453534126282, "test/new_acc": 0.5881612300872803, "test/f1_macro": 0.39439553022384644, "test/wqKappa": 0.5870398283004761, "test/cnt_diff": 103.0, "test/cnt_correct_diff": 71.0, "epoch": 11, "trainer/global_step": 0, "_wandb": {"runtime": 498}}