{"test/conf_matrix": {"_type": "image-file", "sha256": "b96d3ce693c94d0b28708c4eafaf52cd6211b0f3191f1c6f6015a09510a03281", "size": 34879, "path": "media/images/test/conf_matrix_0_b96d3ce693c94d0b2870.png", "format": "png", "width": 1000, "height": 1000}, "_timestamp": 1660288059.005777, "_runtime": 2115.7718799114227, "_step": 1, "test/loss": 0.7762078642845154, "test/acc": 0.7009312510490417, "test/f1_macro": 0.6582579612731934, "test/wqKappa": 0.830857515335083, "epoch": 6, "trainer/global_step": 0, "_wandb": {"runtime": 2115}}