{"test/conf_matrix": {"_type": "image-file", "sha256": "225d7a2038c0b11e2162b6125a661e7ce1e7f25862ad7eb6514e870254f26d75", "size": 29429, "path": "media/images/test/conf_matrix_0_225d7a2038c0b11e2162.png", "format": "png", "width": 1000, "height": 1000}, "_timestamp": 1660313529.5928328, "_runtime": 440.6601917743683, "_step": 1, "test/loss": 0.3462877571582794, "test/origin_acc": 0.8710532188415527, "test/new_acc": 0.864374041557312, "test/f1_macro": 0.781490683555603, "test/wqKappa": 0.9261641502380371, "test/cnt_diff": 591.0, "test/cnt_correct_diff": 226.0, "epoch": 1, "trainer/global_step": 0, "_wandb": {"runtime": 440}}