{"test/conf_matrix": {"_type": "image-file", "sha256": "c930bf01f6fbd4be1b97dc3d0c3b45c34d58c54590e606f1f155a53cc51e9156", "size": 31452, "path": "media/images/test/conf_matrix_0_c930bf01f6fbd4be1b97.png", "format": "png", "width": 1000, "height": 1000}, "_timestamp": 1661460463.2490034, "_runtime": 130.5368664264679, "_step": 1, "test/loss": 3.2831687927246094, "test/origin_acc": 0.372795969247818, "test/new_acc": 0.29596978425979614, "test/f1_macro": 0.2565891742706299, "test/wqKappa": 0.09837794303894043, "test/cnt_diff": 526.0, "test/cnt_correct_diff": 126.0, "epoch": 5, "trainer/global_step": 0, "_wandb": {"runtime": 130}}