{"test/conf_matrix": {"_type": "image-file", "sha256": "40dec99df1046651500f08d5caa97d187048d2c1c78d8af17042887371164b4c", "size": 27091, "path": "media/images/test/conf_matrix_0_40dec99df1046651500f.png", "format": "png", "width": 1000, "height": 1000}, "_timestamp": 1661479084.125309, "_runtime": 163.66494989395142, "_step": 1, "test/loss": 0.5137186646461487, "test/origin_acc": 0.8466019630432129, "test/new_acc": 0.8470873832702637, "test/f1_macro": 0.6351219415664673, "test/wqKappa": 0.8032797574996948, "test/cnt_diff": 1.0, "test/cnt_correct_diff": 1.0, "epoch": 10, "trainer/global_step": 0, "_wandb": {"runtime": 164}}