{"test/conf_matrix": {"_type": "image-file", "sha256": "e15c427eefcc457f87a2fc296e58b1d67e5a829c224dea2ba5c4464702eea42e", "size": 27673, "path": "media/images/test/conf_matrix_0_e15c427eefcc457f87a2.png", "format": "png", "width": 1000, "height": 1000}, "_timestamp": 1658901433, "_runtime": 440, "_step": 1, "test/loss": 0.6044451594352722, "test/origin_acc": 0.8281553983688354, "test/new_acc": 0.8296117186546326, "test/f1_macro": 0.6257120370864868, "test/wqKappa": 0.7671170830726624, "test/cnt_diff": 18.0, "test/cnt_correct_diff": 9.0, "epoch": 7, "trainer/global_step": 0, "_wandb": {"runtime": 441}}