{"test/conf_matrix": {"_type": "image-file", "sha256": "035dc1f50e34037a288205cd6c4fb3431dc0a59dde876410b8da726a8947c773", "size": 26731, "path": "media/images/test/conf_matrix_0_035dc1f50e34037a2882.png", "format": "png", "width": 1000, "height": 1000}, "_timestamp": 1661328218.6365411, "_runtime": 102.17978405952454, "_step": 1, "test/loss": 0.35823777318000793, "test/origin_acc": 0.8526448607444763, "test/new_acc": 0.8583123683929443, "test/f1_macro": 0.8262998461723328, "test/wqKappa": 0.9322271943092346, "test/cnt_diff": 15.0, "test/cnt_correct_diff": 12.0, "epoch": 5, "trainer/global_step": 0, "_wandb": {"runtime": 101}}