{"test/conf_matrix": {"_type": "image-file", "sha256": "92e43a59a49ff6984fd1a8b4e0d3c1b56af45d56dd02d7214039d0032d8ba513", "size": 26848, "path": "media/images/test/conf_matrix_0_92e43a59a49ff6984fd1.png", "format": "png", "width": 1000, "height": 1000}, "_timestamp": 1661477180.1460078, "_runtime": 175.8323347568512, "_step": 1, "test/loss": 0.557793915271759, "test/origin_acc": 0.8131067752838135, "test/new_acc": 0.7907766699790955, "test/f1_macro": 0.584240734577179, "test/wqKappa": 0.7396574020385742, "test/cnt_diff": 133.0, "test/cnt_correct_diff": 39.0, "epoch": 2, "trainer/global_step": 0, "_wandb": {"runtime": 175}}