{"test/conf_matrix": {"_type": "image-file", "sha256": "d0517518a741680dfb3e7173e0f57e159267d1f717481e3732f91a49b3111d8a", "size": 27207, "path": "media/images/test/conf_matrix_0_d0517518a741680dfb3e.png", "format": "png", "width": 1000, "height": 1000}, "_timestamp": 1661338312.6121068, "_runtime": 84.58978486061096, "_step": 1, "test/loss": 0.36290663480758667, "test/origin_acc": 0.8465409278869629, "test/new_acc": 0.8408805131912231, "test/f1_macro": 0.8035818934440613, "test/wqKappa": 0.9255589246749878, "test/cnt_diff": 69.0, "test/cnt_correct_diff": 30.0, "epoch": 7, "trainer/global_step": 0, "_wandb": {"runtime": 84}}