{"test/conf_matrix": {"_type": "image-file", "sha256": "5fd9edc8449058bc29d459cad8bda9004386c1f51c554e29aa6ceaa89db93229", "size": 30535, "path": "media/images/test/conf_matrix_0_5fd9edc8449058bc29d4.png", "format": "png", "width": 1000, "height": 1000}, "_timestamp": 1660154358.5280426, "_runtime": 622.9461195468903, "_step": 1, "test/loss": 0.34628796577453613, "test/origin_acc": 0.8710532188415527, "test/new_acc": 0.8712188005447388, "test/f1_macro": 0.788813054561615, "test/wqKappa": 0.9283413887023926, "test/cnt_diff": 31.0, "test/cnt_correct_diff": 11.0, "epoch": 1, "trainer/global_step": 0, "_wandb": {"runtime": 622}}