{"test/conf_matrix": {"_type": "image-file", "sha256": "d99c9979eb1f1530a7de804f27ce311db9abeaca2f10ed020af1513af533c124", "size": 26622, "path": "media/images/test/conf_matrix_0_d99c9979eb1f1530a7de.png", "format": "png", "width": 1000, "height": 1000}, "_timestamp": 1661935631.1335866, "_runtime": 189.70288968086243, "_step": 1, "test/loss": 0.31690359115600586, "test/origin_acc": 0.8740554451942444, "test/new_acc": 0.8627204298973083, "test/f1_macro": 0.8328793048858643, "test/wqKappa": 0.9362338185310364, "test/cnt_diff": 67.0, "test/cnt_correct_diff": 24.0, "epoch": 8, "trainer/global_step": 0, "_wandb": {"runtime": 189}}