{"test/conf_matrix": {"_type": "image-file", "sha256": "b3ffd3d65669a74c2d26fc849f569baf86cfc48dddfa65f01370251b3e88c15a", "size": 27567, "path": "media/images/test/conf_matrix_0_b3ffd3d65669a74c2d26.png", "format": "png", "width": 1000, "height": 1000}, "_timestamp": 1658877167, "_runtime": 258, "_step": 1, "test/loss": 0.6044451594352722, "test/origin_acc": 0.8281553983688354, "test/new_acc": 0.8286407589912415, "test/f1_macro": 0.6241535544395447, "test/wqKappa": 0.7633674740791321, "test/cnt_diff": 3.0, "test/cnt_correct_diff": 2.0, "epoch": 7, "trainer/global_step": 0, "_wandb": {"runtime": 258}}