{"test/conf_matrix": {"_type": "image-file", "sha256": "e792b3249947a44e61cc0550c41aecd96d5b0c0556f81bdcccaf74d4b08ca944", "size": 30804, "path": "media/images/test/conf_matrix_0_e792b3249947a44e61cc.png", "format": "png", "width": 1000, "height": 1000}, "_timestamp": 1661459812.6947696, "_runtime": 120.87236666679382, "_step": 1, "test/loss": 3.2831687927246094, "test/origin_acc": 0.372795969247818, "test/new_acc": 0.35201510787010193, "test/f1_macro": 0.2748819887638092, "test/wqKappa": 0.0698390007019043, "test/cnt_diff": 161.0, "test/cnt_correct_diff": 41.0, "epoch": 5, "trainer/global_step": 0, "_wandb": {"runtime": 120}}