{"test/conf_matrix": {"_type": "image-file", "sha256": "cbcfc8daf644be7e422e472a173aa40bc4b3d3d90c81d91f2734449891412dda", "size": 28821, "path": "media/images/test/conf_matrix_0_cbcfc8daf644be7e422e.png", "format": "png", "width": 1000, "height": 1000}, "_timestamp": 1661325665.2943902, "_runtime": 78.18001914024353, "_step": 1, "test/loss": 0.5756698250770569, "test/origin_acc": 0.7811321020126343, "test/new_acc": 0.6559748649597168, "test/f1_macro": 0.6173211336135864, "test/wqKappa": 0.7414611577987671, "test/cnt_diff": 339.0, "test/cnt_correct_diff": 54.0, "epoch": 8, "trainer/global_step": 0, "_wandb": {"runtime": 77}}