{"test/conf_matrix": {"_type": "image-file", "sha256": "ab14d1ba17e4b09f468ffff5c27bf300e1b947c1f9495c2456b5a75caaf8a645", "size": 30863, "path": "media/images/test/conf_matrix_0_ab14d1ba17e4b09f468f.png", "format": "png", "width": 1000, "height": 1000}, "_timestamp": 1661457255.6855004, "_runtime": 138.7062633037567, "_step": 1, "test/loss": 0.8598936796188354, "test/origin_acc": 0.5937721133232117, "test/new_acc": 0.6237320303916931, "test/f1_macro": 0.5563735365867615, "test/wqKappa": 0.5532718896865845, "test/cnt_diff": 796.0, "test/cnt_correct_diff": 405.0, "epoch": 1, "trainer/global_step": 0, "_wandb": {"runtime": 138}}