{"test/conf_matrix": {"_type": "image-file", "sha256": "cf48d37926c9baba01b8c27f6b1b0063995a6c65b15772c585d275ebbbf3ea62", "size": 30090, "path": "media/images/test/conf_matrix_0_cf48d37926c9baba01b8.png", "format": "png", "width": 1000, "height": 1000}, "_timestamp": 1661440111.585192, "_runtime": 275.53732800483704, "_step": 1, "test/loss": 0.6964133977890015, "test/origin_acc": 0.6936511397361755, "test/new_acc": 0.691999077796936, "test/f1_macro": 0.5926758050918579, "test/wqKappa": 0.5880376100540161, "test/cnt_diff": 70.0, "test/cnt_correct_diff": 23.0, "epoch": 8, "trainer/global_step": 0, "_wandb": {"runtime": 275}}