{"test/conf_matrix": {"_type": "image-file", "sha256": "6b8a9945d02048f733b49ecaabfff03996c989cf4d2f6dadf91914b352c6cb1a", "size": 26886, "path": "media/images/test/conf_matrix_0_6b8a9945d02048f733b4.png", "format": "png", "width": 1000, "height": 1000}, "_timestamp": 1661478293.5807173, "_runtime": 158.30316042900085, "_step": 1, "test/loss": 0.5793511271476746, "test/origin_acc": 0.832524299621582, "test/new_acc": 0.8237864375114441, "test/f1_macro": 0.6218600273132324, "test/wqKappa": 0.7820624113082886, "test/cnt_diff": 57.0, "test/cnt_correct_diff": 15.0, "epoch": 11, "trainer/global_step": 0, "_wandb": {"runtime": 158}}