{"test/conf_matrix": {"_type": "image-file", "sha256": "41ef2b74e2e5bc8fe03f12f2ca6f340e18c5023387e1704a64a065b32231cdcc", "size": 27837, "path": "media/images/test/conf_matrix_0_41ef2b74e2e5bc8fe03f.png", "format": "png", "width": 1000, "height": 1000}, "_timestamp": 1661334764.1625237, "_runtime": 85.658029794693, "_step": 1, "test/loss": 0.36475446820259094, "test/origin_acc": 0.8339622616767883, "test/new_acc": 0.8408805131912231, "test/f1_macro": 0.8063182830810547, "test/wqKappa": 0.9240261912345886, "test/cnt_diff": 32.0, "test/cnt_correct_diff": 21.0, "epoch": 7, "trainer/global_step": 0, "_wandb": {"runtime": 85}}