{"test/conf_matrix": {"_type": "image-file", "sha256": "a96d5555eab73d6fb1ed494b59184ba0b819d95b21b09087e4524c5c88896b46", "size": 27364, "path": "media/images/test/conf_matrix_0_a96d5555eab73d6fb1ed.png", "format": "png", "width": 1000, "height": 1000}, "_timestamp": 1661347767.6820686, "_runtime": 345.34108662605286, "_step": 1, "test/loss": 0.3830234110355377, "test/origin_acc": 0.8283019065856934, "test/new_acc": 0.7679245471954346, "test/f1_macro": 0.7390734553337097, "test/wqKappa": 0.8991524577140808, "test/cnt_diff": 239.0, "test/cnt_correct_diff": 69.0, "epoch": 15, "trainer/global_step": 0, "_wandb": {"runtime": 345}}