{"test/conf_matrix": {"_type": "image-file", "sha256": "72d4384df33c0485e9f949507dc8a75b86d4200f19edf99f142b95da28ae17c2", "size": 29992, "path": "media/images/test/conf_matrix_0_72d4384df33c0485e9f9.png", "format": "png", "width": 1000, "height": 1000}, "_timestamp": 1661461978.8622274, "_runtime": 122.0936644077301, "_step": 1, "test/loss": 0.7218735218048096, "test/origin_acc": 0.6959188580513, "test/new_acc": 0.6945034265518188, "test/f1_macro": 0.6091872453689575, "test/wqKappa": 0.6120568513870239, "test/cnt_diff": 352.0, "test/cnt_correct_diff": 165.0, "epoch": 7, "trainer/global_step": 0, "_wandb": {"runtime": 121}}