{"test/conf_matrix": {"_type": "image-file", "sha256": "3a652aa183899e6cca2f05f49003538463bffdf9d50f15b00bd4a2c5184b4787", "size": 25799, "path": "media/images/test/conf_matrix_0_3a652aa183899e6cca2f.png", "format": "png", "width": 1000, "height": 1000}, "_timestamp": 1661509386.8958514, "_runtime": 79.14531826972961, "_step": 1, "test/loss": 0.31992873549461365, "test/origin_acc": 0.8715365529060364, "test/new_acc": 0.8709068298339844, "test/f1_macro": 0.8377164602279663, "test/wqKappa": 0.9360129833221436, "test/cnt_diff": 4.0, "test/cnt_correct_diff": 1.0, "epoch": 6, "trainer/global_step": 0, "_wandb": {"runtime": 79}}