{"test/conf_matrix": {"_type": "image-file", "sha256": "9c89413c44aadac3a7f42bbe009f89f25ecd8a302104a938a369ab95f44d5602", "size": 25750, "path": "media/images/test/conf_matrix_0_9c89413c44aadac3a7f4.png", "format": "png", "width": 1000, "height": 1000}, "_timestamp": 1661407794.5696447, "_runtime": 199.8382647037506, "_step": 1, "test/loss": 0.28993910551071167, "test/origin_acc": 0.8929470777511597, "test/new_acc": 0.8860201239585876, "test/f1_macro": 0.8531375527381897, "test/wqKappa": 0.9452685117721558, "test/cnt_diff": 35.0, "test/cnt_correct_diff": 12.0, "epoch": 6, "trainer/global_step": 0, "_wandb": {"runtime": 201}}