{"test/conf_matrix": {"_type": "image-file", "sha256": "0e26bc6eeba523c9f8194931bd60482ea3fd4df9c15261c583e056d42436dec6", "size": 30963, "path": "media/images/test/conf_matrix_0_0e26bc6eeba523c9f819.png", "format": "png", "width": 1000, "height": 1000}, "_timestamp": 1661456304.7754302, "_runtime": 143.15051531791687, "_step": 1, "test/loss": 0.8598936796188354, "test/origin_acc": 0.5937721133232117, "test/new_acc": 0.6194857358932495, "test/f1_macro": 0.5443609952926636, "test/wqKappa": 0.5512427091598511, "test/cnt_diff": 1049.0, "test/cnt_correct_diff": 512.0, "epoch": 1, "trainer/global_step": 0, "_wandb": {"runtime": 143}}