{"test/conf_matrix": {"_type": "image-file", "sha256": "d1769bbda574481f16e2cbcd694825d30681d027de108941e0b5383bcfa8d491", "size": 30537, "path": "media/images/test/conf_matrix_0_d1769bbda574481f16e2.png", "format": "png", "width": 1000, "height": 1000}, "_timestamp": 1661419632.6972368, "_runtime": 460.26189374923706, "_step": 1, "test/loss": 1.5902985334396362, "test/origin_acc": 0.6070529222488403, "test/new_acc": 0.5743073225021362, "test/f1_macro": 0.40175729990005493, "test/wqKappa": 0.49877578020095825, "test/cnt_diff": 211.0, "test/cnt_correct_diff": 51.0, "epoch": 5, "trainer/global_step": 0, "_wandb": {"runtime": 459}}