{"test/conf_matrix": {"_type": "image-file", "sha256": "2d2d0d1220946623154191bacb383184de59cfa0525fd9b355765f7d6fbeacdd", "size": 28580, "path": "media/images/test/conf_matrix_0_2d2d0d12209466231541.png", "format": "png", "width": 1000, "height": 1000}, "_timestamp": 1661406683.6474166, "_runtime": 94.00856566429138, "_step": 1, "test/loss": 0.5978809595108032, "test/origin_acc": 0.8170791268348694, "test/new_acc": 0.8068898916244507, "test/f1_macro": 0.6015053987503052, "test/wqKappa": 0.7560904026031494, "test/cnt_diff": 125.0, "test/cnt_correct_diff": 43.0, "epoch": 12, "trainer/global_step": 0, "_wandb": {"runtime": 94}}