{"test/conf_matrix": {"_type": "image-file", "sha256": "1885b6b12c82aaaf36f4578756c6fc9a3046963e4894d5f43b0675e751427989", "size": 30420, "path": "media/images/test/conf_matrix_0_1885b6b12c82aaaf36f4.png", "format": "png", "width": 1000, "height": 1000}, "_timestamp": 1661428871.9929447, "_runtime": 110.5983636379242, "_step": 1, "test/loss": 1.9362478256225586, "test/origin_acc": 0.5440806150436401, "test/new_acc": 0.5214105844497681, "test/f1_macro": 0.37126508355140686, "test/wqKappa": 0.487936794757843, "test/cnt_diff": 280.0, "test/cnt_correct_diff": 90.0, "epoch": 11, "trainer/global_step": 0, "_wandb": {"runtime": 111}}