{"test/conf_matrix": {"_type": "image-file", "sha256": "95c5b23f198dda048fa68b98073b0ff3eeed0f5fd4ca41cdde7b1e6319601fcf", "size": 28046, "path": "media/images/test/conf_matrix_0_95c5b23f198dda048fa6.png", "format": "png", "width": 1000, "height": 1000}, "_timestamp": 1661488507.0191057, "_runtime": 124.37633466720581, "_step": 1, "test/loss": 0.567625880241394, "test/origin_acc": 0.825728178024292, "test/new_acc": 0.8237864375114441, "test/f1_macro": 0.629236102104187, "test/wqKappa": 0.7813737392425537, "test/cnt_diff": 19.0, "test/cnt_correct_diff": 5.0, "epoch": 5, "trainer/global_step": 0, "_wandb": {"runtime": 124}}