{"test/conf_matrix": {"_type": "image-file", "sha256": "cf10bac4f8fabd8b29f388989dc0e26a5391b8ecaaeda5cc5a65a36429b855eb", "size": 29219, "path": "media/images/test/conf_matrix_0_cf10bac4f8fabd8b29f3.png", "format": "png", "width": 1000, "height": 1000}, "_timestamp": 1661436400.291172, "_runtime": 132.3800609111786, "_step": 1, "test/loss": 2.1025230884552, "test/origin_acc": 0.5195214152336121, "test/new_acc": 0.5232997536659241, "test/f1_macro": 0.33587878942489624, "test/wqKappa": 0.5269224643707275, "test/cnt_diff": 43.0, "test/cnt_correct_diff": 17.0, "epoch": 8, "trainer/global_step": 0, "_wandb": {"runtime": 132}}