{"test/conf_matrix": {"_type": "image-file", "sha256": "785c9cc188c296929875bce938bc49aa14560ee52ee70c2ce49a6073ce11f78b", "size": 27581, "path": "media/images/test/conf_matrix_0_785c9cc188c296929875.png", "format": "png", "width": 1000, "height": 1000}, "_timestamp": 1661881256.009847, "_runtime": 223.8120939731598, "_step": 1, "test/loss": 0.33733710646629333, "test/origin_acc": 0.8570529222488403, "test/new_acc": 0.8595718145370483, "test/f1_macro": 0.806503176689148, "test/wqKappa": 0.9296453595161438, "test/cnt_diff": 14.0, "test/cnt_correct_diff": 9.0, "epoch": 2, "trainer/global_step": 0, "_wandb": {"runtime": 223}}