{"test/conf_matrix": {"_type": "image-file", "sha256": "96c9786000561bdc28df5846c76960e9cc14e974d756f3b48dd8949f05a6eaa9", "size": 29841, "path": "media/images/test/conf_matrix_0_96c9786000561bdc28df.png", "format": "png", "width": 1000, "height": 1000}, "_timestamp": 1661435444.0799725, "_runtime": 138.3810544013977, "_step": 1, "test/loss": 2.1025230884552, "test/origin_acc": 0.5195214152336121, "test/new_acc": 0.5365239381790161, "test/f1_macro": 0.35653233528137207, "test/wqKappa": 0.5540156960487366, "test/cnt_diff": 94.0, "test/cnt_correct_diff": 47.0, "epoch": 8, "trainer/global_step": 0, "_wandb": {"runtime": 137}}