{"test/conf_matrix": {"_type": "image-file", "sha256": "f49c2171efca66ec52bac002773148048e217120233bb58834d0873095a48335", "size": 27425, "path": "media/images/test/conf_matrix_0_f49c2171efca66ec52ba.png", "format": "png", "width": 1000, "height": 1000}, "_timestamp": 1661338457.5488584, "_runtime": 107.11654448509216, "_step": 1, "test/loss": 0.3532443344593048, "test/origin_acc": 0.8658690452575684, "test/new_acc": 0.8539043068885803, "test/f1_macro": 0.8239998817443848, "test/wqKappa": 0.9294207096099854, "test/cnt_diff": 77.0, "test/cnt_correct_diff": 28.0, "epoch": 17, "trainer/global_step": 0, "_wandb": {"runtime": 106}}