{"test/conf_matrix": {"_type": "image-file", "sha256": "6afc57bbae02a470550a289af7405e29096b324b945aa1f7aeb445033fcd9fd3", "size": 30257, "path": "media/images/test/conf_matrix_0_6afc57bbae02a470550a.png", "format": "png", "width": 1000, "height": 1000}, "_timestamp": 1661451882.9805708, "_runtime": 176.38527488708496, "_step": 1, "test/loss": 0.8180785775184631, "test/origin_acc": 0.6161831021308899, "test/new_acc": 0.6010851860046387, "test/f1_macro": 0.5441957712173462, "test/wqKappa": 0.521242618560791, "test/cnt_diff": 621.0, "test/cnt_correct_diff": 227.0, "epoch": 5, "trainer/global_step": 0, "_wandb": {"runtime": 175}}