{"test/conf_matrix": {"_type": "image-file", "sha256": "a9e197424f81ba0c137e2a46b5da8551913da8dcc298e0d004b62be0e72b74de", "size": 26962, "path": "media/images/test/conf_matrix_0_a9e197424f81ba0c137e.png", "format": "png", "width": 1000, "height": 1000}, "_timestamp": 1661902935.6116004, "_runtime": 192.62529039382935, "_step": 1, "test/loss": 0.30694741010665894, "test/origin_acc": 0.8765742778778076, "test/new_acc": 0.8778337240219116, "test/f1_macro": 0.8381889462471008, "test/wqKappa": 0.9420763254165649, "test/cnt_diff": 12.0, "test/cnt_correct_diff": 7.0, "epoch": 6, "trainer/global_step": 0, "_wandb": {"runtime": 192}}