{"test/conf_matrix": {"_type": "image-file", "sha256": "32a24ef58ffb147be38558214f26ba909d34ed8d8aef831ccc4ee08ca4922488", "size": 27344, "path": "media/images/test/conf_matrix_0_32a24ef58ffb147be385.png", "format": "png", "width": 1000, "height": 1000}, "_timestamp": 1661931492.9520657, "_runtime": 241.36716771125793, "_step": 1, "test/loss": 0.31690359115600586, "test/origin_acc": 0.8740554451942444, "test/new_acc": 0.8186398148536682, "test/f1_macro": 0.7778550982475281, "test/wqKappa": 0.9109908938407898, "test/cnt_diff": 171.0, "test/cnt_correct_diff": 35.0, "epoch": 8, "trainer/global_step": 0, "_wandb": {"runtime": 241}}