{"test/conf_matrix": {"_type": "image-file", "sha256": "bb8493d9c9e6bc3bfe9f5c897ec1f5b9671a2e732fbf247ae17cabbf3c40f037", "size": 26942, "path": "media/images/test/conf_matrix_0_bb8493d9c9e6bc3bfe9f.png", "format": "png", "width": 1000, "height": 1000}, "_timestamp": 1661337159.8909414, "_runtime": 69.62091636657715, "_step": 1, "test/loss": 0.36290663480758667, "test/origin_acc": 0.8465409278869629, "test/new_acc": 0.8408805131912231, "test/f1_macro": 0.8039609789848328, "test/wqKappa": 0.9247341156005859, "test/cnt_diff": 86.0, "test/cnt_correct_diff": 38.0, "epoch": 7, "trainer/global_step": 0, "_wandb": {"runtime": 69}}