{"test/conf_matrix": {"_type": "image-file", "sha256": "5db1b5d431802c131ac6a7017312b5e3f1a5ff7c72cb7a3ae3a665ed262a0c37", "size": 27301, "path": "media/images/test/conf_matrix_0_5db1b5d431802c131ac6.png", "format": "png", "width": 1000, "height": 1000}, "_timestamp": 1661925912.2442799, "_runtime": 198.5040819644928, "_step": 1, "test/loss": 0.31758856773376465, "test/origin_acc": 0.8759445548057556, "test/new_acc": 0.8513854146003723, "test/f1_macro": 0.8111287355422974, "test/wqKappa": 0.9295232892036438, "test/cnt_diff": 109.0, "test/cnt_correct_diff": 34.0, "epoch": 4, "trainer/global_step": 0, "_wandb": {"runtime": 198}}