{"test/conf_matrix": {"_type": "image-file", "sha256": "6257eab937473c7bcbe386ef368ec0b798f230ed56b27cb892a95306ee6a881d", "size": 27036, "path": "media/images/test/conf_matrix_0_6257eab937473c7bcbe3.png", "format": "png", "width": 1000, "height": 1000}, "_timestamp": 1661335050.339605, "_runtime": 76.68329310417175, "_step": 1, "test/loss": 0.36475446820259094, "test/origin_acc": 0.8339622616767883, "test/new_acc": 0.8371069431304932, "test/f1_macro": 0.8004251718521118, "test/wqKappa": 0.9230417013168335, "test/cnt_diff": 9.0, "test/cnt_correct_diff": 7.0, "epoch": 7, "trainer/global_step": 0, "_wandb": {"runtime": 75}}