{"test/conf_matrix": {"_type": "image-file", "sha256": "fd82c48e48c3106a55b9032244ce3345539903b937aa7e34a0a4ec421e5044cb", "size": 26884, "path": "media/images/test/conf_matrix_0_fd82c48e48c3106a55b9.png", "format": "png", "width": 1000, "height": 1000}, "_timestamp": 1661346161.5655203, "_runtime": 240.4122383594513, "_step": 1, "test/loss": 0.31416085362434387, "test/origin_acc": 0.8702771067619324, "test/new_acc": 0.8589420914649963, "test/f1_macro": 0.815964937210083, "test/wqKappa": 0.9340869188308716, "test/cnt_diff": 58.0, "test/cnt_correct_diff": 20.0, "epoch": 5, "trainer/global_step": 0, "_wandb": {"runtime": 240}}