{"test/conf_matrix": {"_type": "image-file", "sha256": "e4f5462e350036148a4939cecefa8feb2e60f92d828b14793c565702605b4cdd", "size": 30037, "path": "media/images/test/conf_matrix_0_e4f5462e350036148a49.png", "format": "png", "width": 1000, "height": 1000}, "_timestamp": 1661409849.873358, "_runtime": 478.7422831058502, "_step": 1, "test/loss": 2.093094825744629, "test/origin_acc": 0.5560453534126282, "test/new_acc": 0.5535264611244202, "test/f1_macro": 0.3892648220062256, "test/wqKappa": 0.5033400058746338, "test/cnt_diff": 521.0, "test/cnt_correct_diff": 198.0, "epoch": 11, "trainer/global_step": 0, "_wandb": {"runtime": 478}}