{"test/conf_matrix": {"_type": "image-file", "sha256": "467fa2adfc79add5f474b2b8d5c73fef6328b6fc422c3e9be8739a400085f62d", "size": 30925, "path": "media/images/test/conf_matrix_0_467fa2adfc79add5f474.png", "format": "png", "width": 1000, "height": 1000}, "_timestamp": 1661412326.5562925, "_runtime": 289.31708550453186, "_step": 1, "test/loss": 1.5902985334396362, "test/origin_acc": 0.6070529222488403, "test/new_acc": 0.491813600063324, "test/f1_macro": 0.4081881642341614, "test/wqKappa": 0.43137192726135254, "test/cnt_diff": 530.0, "test/cnt_correct_diff": 114.0, "epoch": 5, "trainer/global_step": 0, "_wandb": {"runtime": 289}}