{"test/conf_matrix": {"_type": "image-file", "sha256": "f163bd97d10569292e2e3df5894888f21d50cacbcceb126f4583c5e49edabc94", "size": 29923, "path": "media/images/test/conf_matrix_0_f163bd97d10569292e2e.png", "format": "png", "width": 1000, "height": 1000}, "_timestamp": 1661442039.90121, "_runtime": 402.28107714653015, "_step": 1, "test/loss": 0.9711070656776428, "test/origin_acc": 0.5501534342765808, "test/new_acc": 0.5730469822883606, "test/f1_macro": 0.5063846111297607, "test/wqKappa": 0.4422863721847534, "test/cnt_diff": 576.0, "test/cnt_correct_diff": 212.0, "epoch": 2, "trainer/global_step": 0, "_wandb": {"runtime": 402}}