{"test/conf_matrix": {"_type": "image-file", "sha256": "242fa7916bb35a057b6f61e8da5146d4ce0b0eb61d8fc4abaa2de6ea9fa593ba", "size": 26641, "path": "media/images/test/conf_matrix_0_242fa7916bb35a057b6f.png", "format": "png", "width": 1000, "height": 1000}, "_timestamp": 1661480622.2846396, "_runtime": 146.47187566757202, "_step": 1, "test/loss": 0.5793511271476746, "test/origin_acc": 0.832524299621582, "test/new_acc": 0.8247572779655457, "test/f1_macro": 0.6225088834762573, "test/wqKappa": 0.7831762433052063, "test/cnt_diff": 61.0, "test/cnt_correct_diff": 18.0, "epoch": 11, "trainer/global_step": 0, "_wandb": {"runtime": 146}}