{"test/conf_matrix": {"_type": "image-file", "sha256": "8950c807dc20f5d4eb43b318f03f6ab0bd15388f8247e793d845f7c9770b53fe", "size": 27510, "path": "media/images/test/conf_matrix_0_8950c807dc20f5d4eb43.png", "format": "png", "width": 1000, "height": 1000}, "_timestamp": 1661338995.8618877, "_runtime": 118.86383771896362, "_step": 1, "test/loss": 0.3532443344593048, "test/origin_acc": 0.8658690452575684, "test/new_acc": 0.8639798760414124, "test/f1_macro": 0.8298988342285156, "test/wqKappa": 0.932214617729187, "test/cnt_diff": 4.0, "test/cnt_correct_diff": 0.0, "epoch": 17, "trainer/global_step": 0, "_wandb": {"runtime": 119}}