{"test/conf_matrix": {"_type": "image-file", "sha256": "3b117b62613a93e89e8d465328e22f5e5cf1861cad9397a5a482519af0d1ba4c", "size": 28960, "path": "media/images/test/conf_matrix_0_3b117b62613a93e89e8d.png", "format": "png", "width": 1000, "height": 1000}, "_timestamp": 1661325058.0996122, "_runtime": 78.63169121742249, "_step": 1, "test/loss": 0.5756698250770569, "test/origin_acc": 0.7811321020126343, "test/new_acc": 0.547798752784729, "test/f1_macro": 0.5093530416488647, "test/wqKappa": 0.6755594611167908, "test/cnt_diff": 562.0, "test/cnt_correct_diff": 79.0, "epoch": 8, "trainer/global_step": 0, "_wandb": {"runtime": 78}}