{"test/conf_matrix": {"_type": "image-file", "sha256": "9c0cf710de249c6cdf38c08ea0df9536063c7950079ff0b8621b4aa8f01fa317", "size": 25682, "path": "media/images/test/conf_matrix_0_9c0cf710de249c6cdf38.png", "format": "png", "width": 1000, "height": 1000}, "_timestamp": 1662529307.3133092, "_runtime": 129.31203627586365, "_step": 1, "test/loss": 0.3087417483329773, "test/origin_acc": 0.8916876316070557, "test/new_acc": 0.8935768008232117, "test/f1_macro": 0.8574665784835815, "test/wqKappa": 0.9499189257621765, "test/cnt_diff": 4.0, "test/cnt_correct_diff": 3.0, "epoch": 8, "trainer/global_step": 0, "_wandb": {"runtime": 128}}