{"test/conf_matrix": {"_type": "image-file", "sha256": "87b62d129a66549cd412d23c35da9210507425bdb886e63284aaf431bd4d164f", "size": 27277, "path": "media/images/test/conf_matrix_0_87b62d129a66549cd412.png", "format": "png", "width": 1000, "height": 1000}, "_timestamp": 1661405030.2789888, "_runtime": 129.38332676887512, "_step": 1, "test/loss": 0.5979331135749817, "test/origin_acc": 0.8136826753616333, "test/new_acc": 0.8000970482826233, "test/f1_macro": 0.5956965684890747, "test/wqKappa": 0.7344009280204773, "test/cnt_diff": 144.0, "test/cnt_correct_diff": 50.0, "epoch": 15, "trainer/global_step": 0, "_wandb": {"runtime": 129}}