{"test/conf_matrix": {"_type": "image-file", "sha256": "b4cb6e4d430dd663585925fa3e09753e27b59fb5a939e3017c26397b67e30f87", "size": 30734, "path": "media/images/test/conf_matrix_0_b4cb6e4d430dd6635859.png", "format": "png", "width": 1000, "height": 1000}, "_timestamp": 1660145035.5927234, "_runtime": 334.1983664035797, "_step": 1, "test/loss": 0.6168479919433594, "test/origin_acc": 0.7463871836662292, "test/new_acc": 0.736223578453064, "test/f1_macro": 0.6981587409973145, "test/wqKappa": 0.6803125143051147, "test/cnt_diff": 220.0, "test/cnt_correct_diff": 72.0, "epoch": 5, "trainer/global_step": 0, "_wandb": {"runtime": 334}}