{"test/conf_matrix": {"_type": "image-file", "sha256": "849db092ef3a6661d6ca9b2fba612d950155d0b42200a24b5445f19e32de5b7e", "size": 28240, "path": "media/images/test/conf_matrix_0_849db092ef3a6661d6ca.png", "format": "png", "width": 1000, "height": 1000}, "_timestamp": 1660717583.9290707, "_runtime": 182.38352465629578, "_step": 1, "test/loss": 0.5653321146965027, "test/origin_acc": 0.8330907821655273, "test/new_acc": 0.836001992225647, "test/f1_macro": 0.6316921710968018, "test/wqKappa": 0.7747747898101807, "test/cnt_diff": 22.0, "test/cnt_correct_diff": 12.0, "epoch": 12, "trainer/global_step": 0, "_wandb": {"runtime": 182}}