{"test/conf_matrix": {"_type": "image-file", "sha256": "da2eb2d32f1d56114611a1b4edfe7c578e671b6abd0e047f674b9cde9893cb0d", "size": 26313, "path": "media/images/test/conf_matrix_0_da2eb2d32f1d56114611.png", "format": "png", "width": 1000, "height": 1000}, "_timestamp": 1661935400.9721715, "_runtime": 175.22533059120178, "_step": 1, "test/loss": 0.31690359115600586, "test/origin_acc": 0.8740554451942444, "test/new_acc": 0.8696473836898804, "test/f1_macro": 0.8406622409820557, "test/wqKappa": 0.9388542175292969, "test/cnt_diff": 52.0, "test/cnt_correct_diff": 22.0, "epoch": 8, "trainer/global_step": 0, "_wandb": {"runtime": 175}}