{"test/conf_matrix": {"_type": "image-file", "sha256": "cc5a18d7d1f6f6c0e57ffec2ffc851d870d03a2f829e496add1190abe91697d6", "size": 27379, "path": "media/images/test/conf_matrix_0_cc5a18d7d1f6f6c0e57f.png", "format": "png", "width": 1000, "height": 1000}, "_timestamp": 1661333218.774299, "_runtime": 110.81330895423889, "_step": 1, "test/loss": 0.32888326048851013, "test/origin_acc": 0.8652393221855164, "test/new_acc": 0.8671284914016724, "test/f1_macro": 0.829043984413147, "test/wqKappa": 0.9378611445426941, "test/cnt_diff": 8.0, "test/cnt_correct_diff": 5.0, "epoch": 4, "trainer/global_step": 0, "_wandb": {"runtime": 111}}