{"test/conf_matrix": {"_type": "image-file", "sha256": "0ae901e513cdf793514d8473524c4f3f3460de688d394b609f7ce5e765ac98c9", "size": 27713, "path": "media/images/test/conf_matrix_0_0ae901e513cdf793514d.png", "format": "png", "width": 1000, "height": 1000}, "_timestamp": 1661329332.0037956, "_runtime": 138.31112051010132, "_step": 1, "test/loss": 0.31017082929611206, "test/origin_acc": 0.8753148317337036, "test/new_acc": 0.8677582144737244, "test/f1_macro": 0.8345934152603149, "test/wqKappa": 0.9383698105812073, "test/cnt_diff": 62.0, "test/cnt_correct_diff": 25.0, "epoch": 7, "trainer/global_step": 0, "_wandb": {"runtime": 137}}