{"test/conf_matrix": {"_type": "image-file", "sha256": "2e0e48236c6b414e42e1ba7d24d8443331e2de19944b64e9ce865c0d1ea94582", "size": 26775, "path": "media/images/test/conf_matrix_0_2e0e48236c6b414e42e1.png", "format": "png", "width": 1000, "height": 1000}, "_timestamp": 1661327809.9543412, "_runtime": 105.86096215248108, "_step": 1, "test/loss": 0.31017082929611206, "test/origin_acc": 0.8753148317337036, "test/new_acc": 0.8646095991134644, "test/f1_macro": 0.8315023183822632, "test/wqKappa": 0.9368677139282227, "test/cnt_diff": 73.0, "test/cnt_correct_diff": 28.0, "epoch": 7, "trainer/global_step": 0, "_wandb": {"runtime": 105}}