{"test/conf_matrix": {"_type": "image-file", "sha256": "42b8348281d9e7087f140dae0810c73e914f1fb3739444600fc374f6d302992f", "size": 27896, "path": "media/images/test/conf_matrix_0_42b8348281d9e7087f14.png", "format": "png", "width": 1000, "height": 1000}, "_timestamp": 1661480210.7138414, "_runtime": 166.44998145103455, "_step": 1, "test/loss": 0.5617218017578125, "test/origin_acc": 0.8286407589912415, "test/new_acc": 0.8281553387641907, "test/f1_macro": 0.6226804256439209, "test/wqKappa": 0.7649665474891663, "test/cnt_diff": 16.0, "test/cnt_correct_diff": 7.0, "epoch": 10, "trainer/global_step": 0, "_wandb": {"runtime": 166}}