{"test/conf_matrix": {"_type": "image-file", "sha256": "f696ebb2829487660f2f02099d07d554a0b869adcd4142c07a6ae1af0f987239", "size": 29219, "path": "media/images/test/conf_matrix_0_f696ebb2829487660f2f.png", "format": "png", "width": 1000, "height": 1000}, "_timestamp": 1661424054.5566833, "_runtime": 204.79784536361694, "_step": 1, "test/loss": 2.3457894325256348, "test/origin_acc": 0.4401763081550598, "test/new_acc": 0.4389168620109558, "test/f1_macro": 0.29306191205978394, "test/wqKappa": 0.3443818688392639, "test/cnt_diff": 269.0, "test/cnt_correct_diff": 98.0, "epoch": 2, "trainer/global_step": 0, "_wandb": {"runtime": 205}}