{"test/conf_matrix": {"_type": "image-file", "sha256": "3041c4210d96a8d62e0ff97d9336a26738190ff136c643b9713ea84bfaefcec6", "size": 30100, "path": "media/images/test/conf_matrix_0_3041c4210d96a8d62e0f.png", "format": "png", "width": 1000, "height": 1000}, "_timestamp": 1661428140.5137098, "_runtime": 251.29227781295776, "_step": 1, "test/loss": 2.3457894325256348, "test/origin_acc": 0.4401763081550598, "test/new_acc": 0.3406800925731659, "test/f1_macro": 0.2522686719894409, "test/wqKappa": 0.32988715171813965, "test/cnt_diff": 1239.0, "test/cnt_correct_diff": 369.0, "epoch": 2, "trainer/global_step": 0, "_wandb": {"runtime": 251}}