{"test/conf_matrix": {"_type": "image-file", "sha256": "c058011524b1aa9f8e3ef66bcadb7552bb54554037d1d1349f58ab4e7c6b1a5e", "size": 34066, "path": "media/images/test/conf_matrix_0_c058011524b1aa9f8e3e.png", "format": "png", "width": 1000, "height": 1000}, "_timestamp": 1659499791, "_runtime": 16408, "_step": 1, "test/loss": 0.7571995258331299, "test/origin_acc": 0.7108793258666992, "test/new_acc": 0.7121682167053223, "test/f1_macro": 0.6801285147666931, "test/wqKappa": 0.8346890807151794, "test/cnt_diff": 903.0, "test/cnt_correct_diff": 428.0, "epoch": 8, "trainer/global_step": 0, "_wandb": {"runtime": 16414}}