{"test/conf_matrix": {"_type": "image-file", "sha256": "467cb7d9761bb32208fb04e5927fb0290c49050f1374ea3b201f23e792d4cd8c", "size": 28573, "path": "media/images/test/conf_matrix_0_467cb7d9761bb32208fb.png", "format": "png", "width": 1000, "height": 1000}, "_timestamp": 1661410962.9650416, "_runtime": 256.71299266815186, "_step": 1, "test/loss": 0.6313098073005676, "test/origin_acc": 0.7738962173461914, "test/new_acc": 0.7467249035835266, "test/f1_macro": 0.5417145490646362, "test/wqKappa": 0.6639739871025085, "test/cnt_diff": 166.0, "test/cnt_correct_diff": 41.0, "epoch": 2, "trainer/global_step": 0, "_wandb": {"runtime": 256}}