{"test/conf_matrix": {"_type": "image-file", "sha256": "46fd4141ab10f7e02ba33c5287417b4025b7f2315156fc309e83dcc5f3d20dca", "size": 26950, "path": "media/images/test/conf_matrix_0_46fd4141ab10f7e02ba3.png", "format": "png", "width": 1000, "height": 1000}, "_timestamp": 1661479034.9211707, "_runtime": 148.84512877464294, "_step": 1, "test/loss": 0.557793915271759, "test/origin_acc": 0.8131067752838135, "test/new_acc": 0.7975727915763855, "test/f1_macro": 0.6072136759757996, "test/wqKappa": 0.7567077875137329, "test/cnt_diff": 72.0, "test/cnt_correct_diff": 16.0, "epoch": 2, "trainer/global_step": 0, "_wandb": {"runtime": 149}}