{"test/conf_matrix": {"_type": "image-file", "sha256": "3e3cf0068db786e94ab5443b11cca724769797d06903325174af33a1b9c62f5e", "size": 28026, "path": "media/images/test/conf_matrix_0_3e3cf0068db786e94ab5.png", "format": "png", "width": 1000, "height": 1000}, "_timestamp": 1661404610.703958, "_runtime": 106.95740413665771, "_step": 1, "test/loss": 0.5979331135749817, "test/origin_acc": 0.8136826753616333, "test/new_acc": 0.8112567067146301, "test/f1_macro": 0.6118916869163513, "test/wqKappa": 0.7449220418930054, "test/cnt_diff": 100.0, "test/cnt_correct_diff": 42.0, "epoch": 15, "trainer/global_step": 0, "_wandb": {"runtime": 106}}