{"test/conf_matrix": {"_type": "image-file", "sha256": "5f0ff211f24300246da49304b522ca87042f5ccfbddfaccc6baacb14cc26b258", "size": 29678, "path": "media/images/test/conf_matrix_0_5f0ff211f24300246da4.png", "format": "png", "width": 1000, "height": 1000}, "_timestamp": 1661448555.7660275, "_runtime": 245.13004636764526, "_step": 1, "test/loss": 0.8180785775184631, "test/origin_acc": 0.6161831021308899, "test/new_acc": 0.5843359231948853, "test/f1_macro": 0.48947665095329285, "test/wqKappa": 0.5014761686325073, "test/cnt_diff": 876.0, "test/cnt_correct_diff": 314.0, "epoch": 5, "trainer/global_step": 0, "_wandb": {"runtime": 245}}