{"test/conf_matrix": {"_type": "image-file", "sha256": "6378886112c266d66bd978bd6d783745cf0efbebe275b54f76a9cc41096c3e0f", "size": 27908, "path": "media/images/test/conf_matrix_0_6378886112c266d66bd9.png", "format": "png", "width": 1000, "height": 1000}, "_timestamp": 1661419493.8056066, "_runtime": 235.24437952041626, "_step": 1, "test/loss": 0.5568793416023254, "test/origin_acc": 0.8282387256622314, "test/new_acc": 0.8262979388237, "test/f1_macro": 0.6227071285247803, "test/wqKappa": 0.7727067470550537, "test/cnt_diff": 34.0, "test/cnt_correct_diff": 13.0, "epoch": 8, "trainer/global_step": 0, "_wandb": {"runtime": 234}}