{"test/conf_matrix": {"_type": "image-file", "sha256": "d89c72eb4f52bc5efb94dccfae9bbf7180314dc3abc6261fd23a03b1302dd00a", "size": 26394, "path": "media/images/test/conf_matrix_0_d89c72eb4f52bc5efb94.png", "format": "png", "width": 1000, "height": 1000}, "_timestamp": 1660662547.0225923, "_runtime": 233.66536140441895, "_step": 1, "test/loss": 0.3087417483329773, "test/origin_acc": 0.8916876316070557, "test/new_acc": 0.8891687393188477, "test/f1_macro": 0.8507072329521179, "test/wqKappa": 0.9448340535163879, "test/cnt_diff": 18.0, "test/cnt_correct_diff": 6.0, "epoch": 8, "trainer/global_step": 0, "_wandb": {"runtime": 234}}