{"test/conf_matrix": {"_type": "image-file", "sha256": "228bb7f38b5ff04d71e2ee6a1a12047a36c9ca098ff1c08fa59a107a2852bd3a", "size": 26789, "path": "media/images/test/conf_matrix_0_228bb7f38b5ff04d71e2.png", "format": "png", "width": 1000, "height": 1000}, "_timestamp": 1660300180.3236063, "_runtime": 214.02429628372192, "_step": 1, "test/loss": 0.6062291860580444, "test/origin_acc": 0.8277535438537598, "test/new_acc": 0.8253275156021118, "test/f1_macro": 0.6211696863174438, "test/wqKappa": 0.7583591938018799, "test/cnt_diff": 14.0, "test/cnt_correct_diff": 4.0, "epoch": 7, "trainer/global_step": 0, "_wandb": {"runtime": 214}}