{"test/conf_matrix": {"_type": "image-file", "sha256": "95fd05e869269640767137797f94107a7163a7f3ad6cf1b0faa3645c8c519013", "size": 27906, "path": "media/images/test/conf_matrix_0_95fd05e8692696407671.png", "format": "png", "width": 1000, "height": 1000}, "_timestamp": 1660715382.3608756, "_runtime": 185.80066561698914, "_step": 1, "test/loss": 0.5258608460426331, "test/origin_acc": 0.8367546796798706, "test/new_acc": 0.8387096524238586, "test/f1_macro": 0.6325271129608154, "test/wqKappa": 0.776028037071228, "test/cnt_diff": 20.0, "test/cnt_correct_diff": 10.0, "epoch": 12, "trainer/global_step": 0, "_wandb": {"runtime": 187}}