{"test/conf_matrix": {"_type": "image-file", "sha256": "c5db1288d75a7d0201cbff8578f384d3ceb2cd0efa23f9d0aa384d807cae8222", "size": 26653, "path": "media/images/test/conf_matrix_0_c5db1288d75a7d0201cb.png", "format": "png", "width": 1000, "height": 1000}, "_timestamp": 1660648724.3871279, "_runtime": 258.8198139667511, "_step": 1, "test/loss": 0.4327978789806366, "test/origin_acc": 0.8091939687728882, "test/new_acc": 0.8129723072052002, "test/f1_macro": 0.757525622844696, "test/wqKappa": 0.9130663871765137, "test/cnt_diff": 43.0, "test/cnt_correct_diff": 24.0, "epoch": 1, "trainer/global_step": 0, "_wandb": {"runtime": 258}}