{"test/conf_matrix": {"_type": "image-file", "sha256": "29ab15c26ecb2d5f603798a0ea91346a53fcda2caced1b1ddaa693e34e5e66b8", "size": 27467, "path": "media/images/test/conf_matrix_0_29ab15c26ecb2d5f6037.png", "format": "png", "width": 1000, "height": 1000}, "_timestamp": 1661936451.6965365, "_runtime": 261.02982544898987, "_step": 1, "test/loss": 0.31690359115600586, "test/origin_acc": 0.8740554451942444, "test/new_acc": 0.8268262147903442, "test/f1_macro": 0.785144031047821, "test/wqKappa": 0.9135798811912537, "test/cnt_diff": 152.0, "test/cnt_correct_diff": 32.0, "epoch": 8, "trainer/global_step": 0, "_wandb": {"runtime": 259}}