{"test/conf_matrix": {"_type": "image-file", "sha256": "09b6132efeed1f770273950f06c62aa7bf0e2a1ffd5dfa1bc70bbcfe52acbaf5", "size": 28123, "path": "media/images/test/conf_matrix_0_09b6132efeed1f770273.png", "format": "png", "width": 1000, "height": 1000}, "_timestamp": 1661325870.0866768, "_runtime": 75.99144577980042, "_step": 1, "test/loss": 0.5756698250770569, "test/origin_acc": 0.7811321020126343, "test/new_acc": 0.6805031895637512, "test/f1_macro": 0.6406036615371704, "test/wqKappa": 0.7564296126365662, "test/cnt_diff": 238.0, "test/cnt_correct_diff": 23.0, "epoch": 8, "trainer/global_step": 0, "_wandb": {"runtime": 75}}