{"test/conf_matrix": {"_type": "image-file", "sha256": "0dfdad7d3c4c4fe7cdb842215169031e6a1cd48039828eebc925cd43db9fd3bd", "size": 28444, "path": "media/images/test/conf_matrix_0_0dfdad7d3c4c4fe7cdb8.png", "format": "png", "width": 1000, "height": 1000}, "_timestamp": 1661326386.5484316, "_runtime": 86.42074656486511, "_step": 1, "test/loss": 0.5756698250770569, "test/origin_acc": 0.7811321020126343, "test/new_acc": 0.7169811129570007, "test/f1_macro": 0.6876039505004883, "test/wqKappa": 0.7952281832695007, "test/cnt_diff": 242.0, "test/cnt_correct_diff": 54.0, "epoch": 8, "trainer/global_step": 0, "_wandb": {"runtime": 86}}