{"test/conf_matrix": {"_type": "image-file", "sha256": "ee9ac96ca28a078b385a728f9d5a38f491106883122728e2dfd1b522bda347f9", "size": 25932, "path": "media/images/test/conf_matrix_0_ee9ac96ca28a078b385a.png", "format": "png", "width": 1000, "height": 1000}, "_timestamp": 1661509037.6195424, "_runtime": 79.48936533927917, "_step": 1, "test/loss": 0.31992873549461365, "test/origin_acc": 0.8715365529060364, "test/new_acc": 0.8715365529060364, "test/f1_macro": 0.8386518359184265, "test/wqKappa": 0.9363524317741394, "test/cnt_diff": 3.0, "test/cnt_correct_diff": 1.0, "epoch": 6, "trainer/global_step": 0, "_wandb": {"runtime": 79}}