{"test/conf_matrix": {"_type": "image-file", "sha256": "df399cef001fed60f428e0c6d1da211d80a6e574f59d7af6e8c88b9f0f969ebe", "size": 30053, "path": "media/images/test/conf_matrix_0_df399cef001fed60f428.png", "format": "png", "width": 1000, "height": 1000}, "_timestamp": 1661442540.313196, "_runtime": 149.0635039806366, "_step": 1, "test/loss": 2.620410442352295, "test/origin_acc": 0.250629723072052, "test/new_acc": 0.29471033811569214, "test/f1_macro": 0.2564007341861725, "test/wqKappa": -0.36341750621795654, "test/cnt_diff": 640.0, "test/cnt_correct_diff": 170.0, "epoch": 0, "trainer/global_step": 0, "_wandb": {"runtime": 149}}