{"test/conf_matrix": {"_type": "image-file", "sha256": "6f09d8dfb6de64ca8b478f468069c06d228b032cf8dc7034058aa5488311a90f", "size": 29958, "path": "media/images/test/conf_matrix_0_6f09d8dfb6de64ca8b47.png", "format": "png", "width": 1000, "height": 1000}, "_timestamp": 1661425557.573445, "_runtime": 289.69784903526306, "_step": 1, "test/loss": 2.3457894325256348, "test/origin_acc": 0.4401763081550598, "test/new_acc": 0.4319899380207062, "test/f1_macro": 0.2848326563835144, "test/wqKappa": 0.31150513887405396, "test/cnt_diff": 215.0, "test/cnt_correct_diff": 71.0, "epoch": 2, "trainer/global_step": 0, "_wandb": {"runtime": 289}}