{"test/conf_matrix": {"_type": "image-file", "sha256": "51a10effec651473c2711381262179d5e2e4ac865ed90e8ab9b455b10402a8b9", "size": 30607, "path": "media/images/test/conf_matrix_0_51a10effec651473c271.png", "format": "png", "width": 1000, "height": 1000}, "_timestamp": 1661458838.938539, "_runtime": 121.25683498382568, "_step": 1, "test/loss": 3.2831687927246094, "test/origin_acc": 0.372795969247818, "test/new_acc": 0.32745590806007385, "test/f1_macro": 0.27625465393066406, "test/wqKappa": 0.11021161079406738, "test/cnt_diff": 372.0, "test/cnt_correct_diff": 101.0, "epoch": 5, "trainer/global_step": 0, "_wandb": {"runtime": 121}}