{"test/conf_matrix": {"_type": "image-file", "sha256": "8507617f1a562609126abd24b9e741a55f82e3170d1f52ec472c68a161602fed", "size": 27712, "path": "media/images/test/conf_matrix_0_8507617f1a562609126a.png", "format": "png", "width": 1000, "height": 1000}, "_timestamp": 1661480068.2397187, "_runtime": 136.76073956489563, "_step": 1, "test/loss": 0.557793915271759, "test/origin_acc": 0.8131067752838135, "test/new_acc": 0.8077669739723206, "test/f1_macro": 0.6174917221069336, "test/wqKappa": 0.7669015526771545, "test/cnt_diff": 18.0, "test/cnt_correct_diff": 1.0, "epoch": 2, "trainer/global_step": 0, "_wandb": {"runtime": 136}}