{"test/conf_matrix": {"_type": "image-file", "sha256": "d0424859b534542f172fb175dfa2611c10bdcb7a13e8b50e3f4bd9a057e45f6d", "size": 30007, "path": "media/images/test/conf_matrix_0_d0424859b534542f172f.png", "format": "png", "width": 1000, "height": 1000}, "_timestamp": 1661433243.712084, "_runtime": 111.5844841003418, "_step": 1, "test/loss": 2.1597023010253906, "test/origin_acc": 0.49370276927948, "test/new_acc": 0.5415617227554321, "test/f1_macro": 0.38898396492004395, "test/wqKappa": 0.5588878393173218, "test/cnt_diff": 139.0, "test/cnt_correct_diff": 97.0, "epoch": 10, "trainer/global_step": 0, "_wandb": {"runtime": 111}}