{"test/conf_matrix": {"_type": "image-file", "sha256": "b20e0ae36da396d2d536c80d00372f2f20bfc6f21730f81dcebc872bd8ec36e9", "size": 28329, "path": "media/images/test/conf_matrix_0_b20e0ae36da396d2d536.png", "format": "png", "width": 1000, "height": 1000}, "_timestamp": 1660117298.4893582, "_runtime": 667.0038352012634, "_step": 1, "test/loss": 0.34628796577453613, "test/origin_acc": 0.8710532188415527, "test/new_acc": 0.865146815776825, "test/f1_macro": 0.7812875509262085, "test/wqKappa": 0.9273136854171753, "test/cnt_diff": 563.0, "test/cnt_correct_diff": 220.0, "epoch": 1, "trainer/global_step": 0, "_wandb": {"runtime": 666}}