{"test/conf_matrix": {"_type": "image-file", "sha256": "a5897a5a6e174ff32b09731dfb64e37905681715c92ad83e99c5e170998bfc87", "size": 30849, "path": "media/images/test/conf_matrix_0_a5897a5a6e174ff32b09.png", "format": "png", "width": 1000, "height": 1000}, "_timestamp": 1661458189.8370333, "_runtime": 125.62846422195435, "_step": 1, "test/loss": 3.2831687927246094, "test/origin_acc": 0.372795969247818, "test/new_acc": 0.2789672613143921, "test/f1_macro": 0.24851414561271667, "test/wqKappa": 0.09565961360931396, "test/cnt_diff": 644.0, "test/cnt_correct_diff": 151.0, "epoch": 5, "trainer/global_step": 0, "_wandb": {"runtime": 125}}