{"test/conf_matrix": {"_type": "image-file", "sha256": "0e5d993319b62f03cf3ff5e74327df478b53a62ab326da0d56d687f122eb3b9b", "size": 26340, "path": "media/images/test/conf_matrix_0_0e5d993319b62f03cf3f.png", "format": "png", "width": 1000, "height": 1000}, "_timestamp": 1661934786.309487, "_runtime": 143.42821717262268, "_step": 1, "test/loss": 0.31690359115600586, "test/origin_acc": 0.8740554451942444, "test/new_acc": 0.8746851682662964, "test/f1_macro": 0.8437091112136841, "test/wqKappa": 0.9403499960899353, "test/cnt_diff": 22.0, "test/cnt_correct_diff": 11.0, "epoch": 8, "trainer/global_step": 0, "_wandb": {"runtime": 142}}