{"test/conf_matrix": {"_type": "image-file", "sha256": "f007a02b6ce76ebe36157395adb00444041200b01e83ece8985c161fe12399ae", "size": 29762, "path": "media/images/test/conf_matrix_0_f007a02b6ce76ebe3615.png", "format": "png", "width": 1000, "height": 1000}, "_timestamp": 1661443748.5224574, "_runtime": 139.81823229789734, "_step": 1, "test/loss": 2.620410442352295, "test/origin_acc": 0.250629723072052, "test/new_acc": 0.258816123008728, "test/f1_macro": 0.22715537250041962, "test/wqKappa": -0.2695807218551636, "test/cnt_diff": 108.0, "test/cnt_correct_diff": 37.0, "epoch": 0, "trainer/global_step": 0, "_wandb": {"runtime": 140}}