{"test/conf_matrix": {"_type": "image-file", "sha256": "dd33d4446cc3153b8601c05d9b5dbe88f71da2d8ce432b9b0366d5cbcaac4a4d", "size": 26813, "path": "media/images/test/conf_matrix_0_dd33d4446cc3153b8601.png", "format": "png", "width": 1000, "height": 1000}, "_timestamp": 1661480412.8281596, "_runtime": 158.64297151565552, "_step": 1, "test/loss": 0.557793915271759, "test/origin_acc": 0.8131067752838135, "test/new_acc": 0.806796133518219, "test/f1_macro": 0.617225170135498, "test/wqKappa": 0.7655090093612671, "test/cnt_diff": 54.0, "test/cnt_correct_diff": 18.0, "epoch": 2, "trainer/global_step": 0, "_wandb": {"runtime": 158}}