{"test/conf_matrix": {"_type": "image-file", "sha256": "ed9d5d92e80b838839e64c99bb38c4473935bbd5de5c10886be5c491512a100b", "size": 28606, "path": "media/images/test/conf_matrix_0_ed9d5d92e80b838839e6.png", "format": "png", "width": 1000, "height": 1000}, "_timestamp": 1661331146.5046334, "_runtime": 123.97955846786499, "_step": 1, "test/loss": 0.46994638442993164, "test/origin_acc": 0.8075471520423889, "test/new_acc": 0.7547169923782349, "test/f1_macro": 0.7229059934616089, "test/wqKappa": 0.8815648555755615, "test/cnt_diff": 204.0, "test/cnt_correct_diff": 57.0, "epoch": 8, "trainer/global_step": 0, "_wandb": {"runtime": 124}}