{"test/conf_matrix": {"_type": "image-file", "sha256": "1e3257e3e73e2a3bf3d6baf9eb6355c50058daf5091ac64b23ae256766e4fa5f", "size": 27669, "path": "media/images/test/conf_matrix_0_1e3257e3e73e2a3bf3d6.png", "format": "png", "width": 1000, "height": 1000}, "_timestamp": 1661931765.3151422, "_runtime": 231.16098523139954, "_step": 1, "test/loss": 0.31690359115600586, "test/origin_acc": 0.8740554451942444, "test/new_acc": 0.8274559378623962, "test/f1_macro": 0.7889083623886108, "test/wqKappa": 0.914621889591217, "test/cnt_diff": 150.0, "test/cnt_correct_diff": 32.0, "epoch": 8, "trainer/global_step": 0, "_wandb": {"runtime": 230}}