{"test/conf_matrix": {"_type": "image-file", "sha256": "0469ea206be5ec4e45ffb59db29040858a1ac7f71fdb77f2c5d764252786e0dc", "size": 29906, "path": "media/images/test/conf_matrix_0_0469ea206be5ec4e45ff.png", "format": "png", "width": 1000, "height": 1000}, "_timestamp": 1660297691.1470385, "_runtime": 267.13714838027954, "_step": 1, "test/loss": 0.8469985723495483, "test/origin_acc": 0.6933962106704712, "test/new_acc": 0.6936320662498474, "test/f1_macro": 0.6257774829864502, "test/wqKappa": 0.6201730966567993, "test/cnt_diff": 11.0, "test/cnt_correct_diff": 4.0, "epoch": 7, "trainer/global_step": 0, "_wandb": {"runtime": 268}}