{"test/conf_matrix": {"_type": "image-file", "sha256": "e169e5040607d8f0b97b6d81bfb9ac5ec696e1203b764b4a55bd99e1a25ec548", "size": 26280, "path": "media/images/test/conf_matrix_0_e169e5040607d8f0b97b.png", "format": "png", "width": 1000, "height": 1000}, "_timestamp": 1661926897.5122647, "_runtime": 158.33141374588013, "_step": 1, "test/loss": 0.31758856773376465, "test/origin_acc": 0.8759445548057556, "test/new_acc": 0.8759445548057556, "test/f1_macro": 0.832329273223877, "test/wqKappa": 0.9401184320449829, "test/cnt_diff": 6.0, "test/cnt_correct_diff": 3.0, "epoch": 4, "trainer/global_step": 0, "_wandb": {"runtime": 157}}