{"test/conf_matrix": {"_type": "image-file", "sha256": "5ba1ffaff902d84caae7921fcbb58d49c65220810c05238f372c80d03c0b2911", "size": 30977, "path": "media/images/test/conf_matrix_0_5ba1ffaff902d84caae7.png", "format": "png", "width": 1000, "height": 1000}, "_timestamp": 1661452094.9997602, "_runtime": 189.7759132385254, "_step": 1, "test/loss": 0.8180785775184631, "test/origin_acc": 0.6161831021308899, "test/new_acc": 0.6088700294494629, "test/f1_macro": 0.5470688343048096, "test/wqKappa": 0.5236306190490723, "test/cnt_diff": 532.0, "test/cnt_correct_diff": 204.0, "epoch": 5, "trainer/global_step": 0, "_wandb": {"runtime": 189}}