{"test/conf_matrix": {"_type": "image-file", "sha256": "599c788e03001cc6693eb5ad6b0f4fe06a71b46ee52c1aa46874666bb6a4a0af", "size": 27624, "path": "media/images/test/conf_matrix_0_599c788e03001cc6693e.png", "format": "png", "width": 1000, "height": 1000}, "_timestamp": 1661330849.0220726, "_runtime": 119.0760145187378, "_step": 1, "test/loss": 0.46994638442993164, "test/origin_acc": 0.8075471520423889, "test/new_acc": 0.7836478352546692, "test/f1_macro": 0.7502608299255371, "test/wqKappa": 0.8963561058044434, "test/cnt_diff": 145.0, "test/cnt_correct_diff": 51.0, "epoch": 8, "trainer/global_step": 0, "_wandb": {"runtime": 118}}