{"test/conf_matrix": {"_type": "image-file", "sha256": "dce12a1b8d6690a129a838dcd74b3b6e2fae9fb75383cb8d6db3432ed82dbb04", "size": 27203, "path": "media/images/test/conf_matrix_0_dce12a1b8d6690a129a8.png", "format": "png", "width": 1000, "height": 1000}, "_timestamp": 1661334366.587221, "_runtime": 118.31877088546753, "_step": 1, "test/loss": 0.32888326048851013, "test/origin_acc": 0.8652393221855164, "test/new_acc": 0.8469773530960083, "test/f1_macro": 0.8075610995292664, "test/wqKappa": 0.9309269785881042, "test/cnt_diff": 119.0, "test/cnt_correct_diff": 44.0, "epoch": 4, "trainer/global_step": 0, "_wandb": {"runtime": 117}}