{"test/conf_matrix": {"_type": "image-file", "sha256": "42871bceee36c6930bdce9c0748c7d9bff28e8b91a28012d048560c7a7f76b00", "size": 30803, "path": "media/images/test/conf_matrix_0_42871bceee36c6930bdc.png", "format": "png", "width": 1000, "height": 1000}, "_timestamp": 1661460619.6086824, "_runtime": 134.70742344856262, "_step": 1, "test/loss": 3.2831687927246094, "test/origin_acc": 0.372795969247818, "test/new_acc": 0.2802267074584961, "test/f1_macro": 0.2486502230167389, "test/wqKappa": 0.099456787109375, "test/cnt_diff": 618.0, "test/cnt_correct_diff": 145.0, "epoch": 5, "trainer/global_step": 0, "_wandb": {"runtime": 134}}