{"test/conf_matrix": {"_type": "image-file", "sha256": "71020bfb33ce9ed9196b6c8f59077e54a80a67794795dd457d40b72aa3d40e9d", "size": 27530, "path": "media/images/test/conf_matrix_0_71020bfb33ce9ed9196b.png", "format": "png", "width": 1000, "height": 1000}, "_timestamp": 1661505524.827693, "_runtime": 80.90707397460938, "_step": 1, "test/loss": 0.373489111661911, "test/origin_acc": 0.8482367992401123, "test/new_acc": 0.8488665223121643, "test/f1_macro": 0.8145253658294678, "test/wqKappa": 0.9307004809379578, "test/cnt_diff": 3.0, "test/cnt_correct_diff": 2.0, "epoch": 7, "trainer/global_step": 0, "_wandb": {"runtime": 80}}