{"test/conf_matrix": {"_type": "image-file", "sha256": "6dbe116949250b892f7a9cbce9f8e28adfa43d7f5b4eb5dd71b85fbe905036c9", "size": 30034, "path": "media/images/test/conf_matrix_0_6dbe116949250b892f7a.png", "format": "png", "width": 1000, "height": 1000}, "_timestamp": 1661412494.0938363, "_runtime": 482.6244442462921, "_step": 1, "test/loss": 2.093094825744629, "test/origin_acc": 0.5560453534126282, "test/new_acc": 0.5919395685195923, "test/f1_macro": 0.39707592129707336, "test/wqKappa": 0.5822975635528564, "test/cnt_diff": 178.0, "test/cnt_correct_diff": 101.0, "epoch": 11, "trainer/global_step": 0, "_wandb": {"runtime": 482}}