{"test/conf_matrix": {"_type": "image-file", "sha256": "3bf63d80a748784e5fd27744a37a05aa12ace513a94ff61de57b0f40c1cef8d3", "size": 30130, "path": "media/images/test/conf_matrix_0_3bf63d80a748784e5fd2.png", "format": "png", "width": 1000, "height": 1000}, "_timestamp": 1661450757.176369, "_runtime": 272.10497403144836, "_step": 1, "test/loss": 0.8180785775184631, "test/origin_acc": 0.6161831021308899, "test/new_acc": 0.5862231850624084, "test/f1_macro": 0.5105463266372681, "test/wqKappa": 0.5053900480270386, "test/cnt_diff": 865.0, "test/cnt_correct_diff": 314.0, "epoch": 5, "trainer/global_step": 0, "_wandb": {"runtime": 272}}