{"test/conf_matrix": {"_type": "image-file", "sha256": "455d195bf52273da9f0c6f2c1e0cb09aedacf21918872259361788fd46a9f6c7", "size": 26573, "path": "media/images/test/conf_matrix_0_455d195bf52273da9f0c.png", "format": "png", "width": 1000, "height": 1000}, "_timestamp": 1661478111.140745, "_runtime": 136.69495797157288, "_step": 1, "test/loss": 0.5793511271476746, "test/origin_acc": 0.832524299621582, "test/new_acc": 0.8242718577384949, "test/f1_macro": 0.622024416923523, "test/wqKappa": 0.7838125228881836, "test/cnt_diff": 63.0, "test/cnt_correct_diff": 18.0, "epoch": 11, "trainer/global_step": 0, "_wandb": {"runtime": 136}}