{"test/conf_matrix": {"_type": "image-file", "sha256": "f0bc9b5f4de65b363168432fcaa231f1bc29b77277d8bccdf864c0a4d4e47520", "size": 27725, "path": "media/images/test/conf_matrix_0_f0bc9b5f4de65b363168.png", "format": "png", "width": 1000, "height": 1000}, "_timestamp": 1661924284.850025, "_runtime": 277.7081780433655, "_step": 1, "test/loss": 0.31758856773376465, "test/origin_acc": 0.8759445548057556, "test/new_acc": 0.751259446144104, "test/f1_macro": 0.7094705104827881, "test/wqKappa": 0.8874486088752747, "test/cnt_diff": 318.0, "test/cnt_correct_diff": 53.0, "epoch": 4, "trainer/global_step": 0, "_wandb": {"runtime": 277}}