{"test/conf_matrix": {"_type": "image-file", "sha256": "5835bc77dd4d5218689446141970de4396e3a1e97ce8ced6a2fe827c52039ef8", "size": 28016, "path": "media/images/test/conf_matrix_0_5835bc77dd4d52186894.png", "format": "png", "width": 1000, "height": 1000}, "_timestamp": 1661479991.5375264, "_runtime": 168.6027753353119, "_step": 1, "test/loss": 0.5617218017578125, "test/origin_acc": 0.8286407589912415, "test/new_acc": 0.8286407589912415, "test/f1_macro": 0.6234911680221558, "test/wqKappa": 0.7652623057365417, "test/cnt_diff": 15.0, "test/cnt_correct_diff": 7.0, "epoch": 10, "trainer/global_step": 0, "_wandb": {"runtime": 168}}