{"test/conf_matrix": {"_type": "image-file", "sha256": "6645123b4f7697a812bb2185dd52dae46852288e2906b282a1a952c69c280ec5", "size": 26289, "path": "media/images/test/conf_matrix_0_6645123b4f7697a812bb.png", "format": "png", "width": 1000, "height": 1000}, "_timestamp": 1661879915.0950851, "_runtime": 234.16404104232788, "_step": 1, "test/loss": 0.33733710646629333, "test/origin_acc": 0.8570529222488403, "test/new_acc": 0.8589420914649963, "test/f1_macro": 0.8026931881904602, "test/wqKappa": 0.9320695996284485, "test/cnt_diff": 38.0, "test/cnt_correct_diff": 20.0, "epoch": 2, "trainer/global_step": 0, "_wandb": {"runtime": 234}}