{"test/conf_matrix": {"_type": "image-file", "sha256": "aef9cd7b2b19633298ae2af36fa484cab6f9c8283bf4393400eb7e234579ad5a", "size": 25566, "path": "media/images/test/conf_matrix_0_aef9cd7b2b19633298ae.png", "format": "png", "width": 1000, "height": 1000}, "_timestamp": 1661406774.3095388, "_runtime": 109.4835798740387, "_step": 1, "test/loss": 0.28993910551071167, "test/origin_acc": 0.8929470777511597, "test/new_acc": 0.8916876316070557, "test/f1_macro": 0.8561747074127197, "test/wqKappa": 0.9481446146965027, "test/cnt_diff": 2.0, "test/cnt_correct_diff": 0.0, "epoch": 6, "trainer/global_step": 0, "_wandb": {"runtime": 110}}