{"test/conf_matrix": {"_type": "image-file", "sha256": "5043b5aba34d1a068c59f83d79c536a0b13d8c9f7ca3d7a488912ea863aa55a1", "size": 31045, "path": "media/images/test/conf_matrix_0_5043b5aba34d1a068c59.png", "format": "png", "width": 1000, "height": 1000}, "_timestamp": 1661460951.2324111, "_runtime": 142.10555505752563, "_step": 1, "test/loss": 3.2831687927246094, "test/origin_acc": 0.372795969247818, "test/new_acc": 0.247481107711792, "test/f1_macro": 0.22325265407562256, "test/wqKappa": 0.01947021484375, "test/cnt_diff": 886.0, "test/cnt_correct_diff": 176.0, "epoch": 5, "trainer/global_step": 0, "_wandb": {"runtime": 141}}