{"test/conf_matrix": {"_type": "image-file", "sha256": "7f66bcac10c403fbdd443fdf260de320176fc7ae51c93d070a073a541d6ba2b4", "size": 30577, "path": "media/images/test/conf_matrix_0_7f66bcac10c403fbdd44.png", "format": "png", "width": 1000, "height": 1000}, "_timestamp": 1660155038.9760356, "_runtime": 638.3518536090851, "_step": 1, "test/loss": 0.34628796577453613, "test/origin_acc": 0.8710532188415527, "test/new_acc": 0.8712739944458008, "test/f1_macro": 0.7888832092285156, "test/wqKappa": 0.9283670783042908, "test/cnt_diff": 30.0, "test/cnt_correct_diff": 11.0, "epoch": 1, "trainer/global_step": 0, "_wandb": {"runtime": 638}}