{"test/conf_matrix": {"_type": "image-file", "sha256": "0c493cd91e7610cd6f5907eaec476587d0f38bf0434c215fcd1c9f436cfb5bdf", "size": 30174, "path": "media/images/test/conf_matrix_0_0c493cd91e7610cd6f59.png", "format": "png", "width": 1000, "height": 1000}, "_timestamp": 1661452428.5793087, "_runtime": 283.5144736766815, "_step": 1, "test/loss": 0.663868248462677, "test/origin_acc": 0.7158367037773132, "test/new_acc": 0.703799843788147, "test/f1_macro": 0.6267422437667847, "test/wqKappa": 0.6245797276496887, "test/cnt_diff": 460.0, "test/cnt_correct_diff": 190.0, "epoch": 3, "trainer/global_step": 0, "_wandb": {"runtime": 282}}