{"test/conf_matrix": {"_type": "image-file", "sha256": "a72150c1a00badede41b803ca86fff4262907692672379f5b351de4932901467", "size": 28145, "path": "media/images/test/conf_matrix_0_a72150c1a00badede41b.png", "format": "png", "width": 1000, "height": 1000}, "_timestamp": 1661419775.6979215, "_runtime": 252.67568945884705, "_step": 1, "test/loss": 0.5568793416023254, "test/origin_acc": 0.8282387256622314, "test/new_acc": 0.8272683620452881, "test/f1_macro": 0.6230937242507935, "test/wqKappa": 0.7733303904533386, "test/cnt_diff": 46.0, "test/cnt_correct_diff": 20.0, "epoch": 8, "trainer/global_step": 0, "_wandb": {"runtime": 251}}