{"test/conf_matrix": {"_type": "image-file", "sha256": "9e7e6115bd39c54eccc48bb6bcbc715c8ff7fca701cca1fc6f0f02359fb88b69", "size": 27517, "path": "media/images/test/conf_matrix_0_9e7e6115bd39c54eccc4.png", "format": "png", "width": 1000, "height": 1000}, "_timestamp": 1661414249.9146268, "_runtime": 317.825731754303, "_step": 1, "test/loss": 0.5895299315452576, "test/origin_acc": 0.8214459419250488, "test/new_acc": 0.8204755187034607, "test/f1_macro": 0.6032328009605408, "test/wqKappa": 0.7281100153923035, "test/cnt_diff": 6.0, "test/cnt_correct_diff": 0.0, "epoch": 11, "trainer/global_step": 0, "_wandb": {"runtime": 320}}