{"test/loss": 0.969245970249176, "test/acc": 0.749370276927948, "test/f1_macro": 0.44666337966918945, "test/wqKappa": 0.8654586672782898, "epoch": 14, "trainer/global_step": 0, "_timestamp": 1656332432, "_runtime": 101, "_step": 0, "_wandb": {"runtime": 102}}