{"test/conf_matrix": {"_type": "image-file", "sha256": "fc61fc0140373ff5f36d233953d28c8b6c6f16e178dab333facef99efeebdc8f", "size": 27859, "path": "media/images/test/conf_matrix_0_fc61fc0140373ff5f36d.png", "format": "png", "width": 1000, "height": 1000}, "_timestamp": 1661925416.9880567, "_runtime": 225.10876059532166, "_step": 1, "test/loss": 0.31758856773376465, "test/origin_acc": 0.8759445548057556, "test/new_acc": 0.8318639993667603, "test/f1_macro": 0.7907055616378784, "test/wqKappa": 0.9186865091323853, "test/cnt_diff": 161.0, "test/cnt_correct_diff": 42.0, "epoch": 4, "trainer/global_step": 0, "_wandb": {"runtime": 225}}