{"test/conf_matrix": {"_type": "image-file", "sha256": "3124f37c22b6a7598777d7776826103d1a6a46145af48d195132617b1947fe25", "size": 28997, "path": "media/images/test/conf_matrix_0_3124f37c22b6a7598777.png", "format": "png", "width": 1000, "height": 1000}, "_timestamp": 1661326929.731056, "_runtime": 90.28979206085205, "_step": 1, "test/loss": 0.5756698250770569, "test/origin_acc": 0.7811321020126343, "test/new_acc": 0.5622641444206238, "test/f1_macro": 0.5297913551330566, "test/wqKappa": 0.6886980533599854, "test/cnt_diff": 543.0, "test/cnt_correct_diff": 81.0, "epoch": 8, "trainer/global_step": 0, "_wandb": {"runtime": 89}}