{"test/dist_matrix": {"_type": "image-file", "sha256": "c659ce7e6be5490b7cdabaf8f2ca4bf6e5344dc3e8ff0f4bd591d54d1afea210", "size": 269134, "path": "media/images/test/dist_matrix_16_c659ce7e6be5490b7cda.png", "format": "png", "width": 3000, "height": 3000}, "_timestamp": 1657097092, "_runtime": 167, "_step": 18, "test/features": {"_type": "table-file", "sha256": "55d527c3e721c1decf4f0eb3b5320ff7e09933bc3117b7a58847f6e3a3b423cc", "size": 11061011, "artifact_path": "wandb-client-artifact://16l7tva0orulx5m1tywb6t4tilxro6pkakay4oygyikvc5s5b6zq97pz33p92swxnhycqvtj08j922uxl906bc1i5g3mfi88kud59dkh8zysmpi1uoqgg1zc4sdymi11:latest/test/features.table.json", "_latest_artifact_path": "wandb-client-artifact://16l7tva0orulx5m1tywb6t4tilxro6pkakay4oygyikvc5s5b6zq97pz33p92swxnhycqvtj08j922uxl906bc1i5g3mfi88kud59dkh8zysmpi1uoqgg1zc4sdymi11:latest/test/features.table.json", "path": "media/table/test/features_17_55d527c3e721c1decf4f.table.json", "ncols": 1025, "nrows": 530}, "test/loss": 0.8608250617980957, "test/loss_4cls": 0.6852389574050903, "test/loss_triplet": 0.7023442387580872, "test/acc": 0.7490565776824951, "test/f1_macro": 0.4465504288673401, "test/wqKappa": 0.86607426404953, "epoch": 6, "trainer/global_step": 0, "_wandb": {"runtime": 168}}