{"test/conf_matrix": {"_type": "image-file", "sha256": "bd944c1dd7802886cabb570e599340a43b124c3f7f32b8b64110bab860272322", "size": 31009, "path": "media/images/test/conf_matrix_0_bd944c1dd7802886cabb.png", "format": "png", "width": 1000, "height": 1000}, "_timestamp": 1661414165.1355724, "_runtime": 229.31668734550476, "_step": 1, "test/loss": 1.5902985334396362, "test/origin_acc": 0.6070529222488403, "test/new_acc": 0.504408061504364, "test/f1_macro": 0.4001445174217224, "test/wqKappa": 0.4238555431365967, "test/cnt_diff": 460.0, "test/cnt_correct_diff": 94.0, "epoch": 5, "trainer/global_step": 0, "_wandb": {"runtime": 228}}