{"test/conf_matrix": {"_type": "image-file", "sha256": "1b386188cf0dd1132923b0739ad6b540bc0dca1a58daeea0590741fa1dd580a1", "size": 26601, "path": "media/images/test/conf_matrix_0_1b386188cf0dd1132923.png", "format": "png", "width": 1000, "height": 1000}, "_timestamp": 1661343226.137775, "_runtime": 339.1989529132843, "_step": 1, "test/loss": 0.3830234110355377, "test/origin_acc": 0.8283019065856934, "test/new_acc": 0.8264151215553284, "test/f1_macro": 0.7688423991203308, "test/wqKappa": 0.9203798174858093, "test/cnt_diff": 16.0, "test/cnt_correct_diff": 5.0, "epoch": 15, "trainer/global_step": 0, "_wandb": {"runtime": 340}}