{"test/conf_matrix": {"_type": "image-file", "sha256": "bd2a5c4955f9719cddb1b4bf6d86fdebfff9dfeda02977d230dd20c4ed034a97", "size": 34573, "path": "media/images/test/conf_matrix_0_bd2a5c4955f9719cddb1.png", "format": "png", "width": 1000, "height": 1000}, "_timestamp": 1659450889, "_runtime": 14858, "_step": 1, "test/loss": 0.7571995258331299, "test/origin_acc": 0.7108793258666992, "test/new_acc": 0.7119141221046448, "test/f1_macro": 0.6801217794418335, "test/wqKappa": 0.8359352350234985, "test/cnt_diff": 1070.0, "test/cnt_correct_diff": 445.0, "epoch": 8, "trainer/global_step": 0, "_wandb": {"runtime": 14859}}