{"test/conf_matrix": {"_type": "image-file", "sha256": "764c38ee4a4d72ff2a40c4ace6fc0ca6e07920c21967bba30e87bf60e2c4328e", "size": 26423, "path": "media/images/test/conf_matrix_0_764c38ee4a4d72ff2a40.png", "format": "png", "width": 1000, "height": 1000}, "_timestamp": 1661932986.1795971, "_runtime": 184.0048222541809, "_step": 1, "test/loss": 0.31690359115600586, "test/origin_acc": 0.8740554451942444, "test/new_acc": 0.8627204298973083, "test/f1_macro": 0.833705484867096, "test/wqKappa": 0.9362015724182129, "test/cnt_diff": 67.0, "test/cnt_correct_diff": 24.0, "epoch": 8, "trainer/global_step": 0, "_wandb": {"runtime": 183}}