{"test/conf_matrix": {"_type": "image-file", "sha256": "5ea851cbf4e46816b64814b2639ed9123eb475f14e314aeec8fce29efec17f46", "size": 26880, "path": "media/images/test/conf_matrix_0_5ea851cbf4e46816b648.png", "format": "png", "width": 1000, "height": 1000}, "_timestamp": 1661328196.6705346, "_runtime": 104.76878452301025, "_step": 1, "test/loss": 0.31017082929611206, "test/origin_acc": 0.8753148317337036, "test/new_acc": 0.8721662759780884, "test/f1_macro": 0.8378162384033203, "test/wqKappa": 0.9398303627967834, "test/cnt_diff": 9.0, "test/cnt_correct_diff": 2.0, "epoch": 7, "trainer/global_step": 0, "_wandb": {"runtime": 104}}