{"test/conf_matrix": {"_type": "image-file", "sha256": "a76826eedc8a5a80a10791b1a4a2ead1fc956cb9af0e3e825d8d8bc1500bcba9", "size": 30091, "path": "media/images/test/conf_matrix_0_a76826eedc8a5a80a107.png", "format": "png", "width": 1000, "height": 1000}, "_timestamp": 1661454713.5560544, "_runtime": 224.625075340271, "_step": 1, "test/loss": 0.663868248462677, "test/origin_acc": 0.7158367037773132, "test/new_acc": 0.7200849652290344, "test/f1_macro": 0.6379789113998413, "test/wqKappa": 0.6377928256988525, "test/cnt_diff": 239.0, "test/cnt_correct_diff": 120.0, "epoch": 3, "trainer/global_step": 0, "_wandb": {"runtime": 224}}