{"test/conf_matrix": {"_type": "image-file", "sha256": "a146b537b7748c7eace0577f8909526aa643c1809b386d59029666a59b8067b8", "size": 31404, "path": "media/images/test/conf_matrix_0_a146b537b7748c7eace0.png", "format": "png", "width": 1000, "height": 1000}, "_timestamp": 1660300699.989262, "_runtime": 625.6594281196594, "_step": 1, "test/loss": 0.6168479919433594, "test/origin_acc": 0.7463871836662292, "test/new_acc": 0.7360647916793823, "test/f1_macro": 0.696648120880127, "test/wqKappa": 0.681599497795105, "test/cnt_diff": 337.0, "test/cnt_correct_diff": 130.0, "epoch": 5, "trainer/global_step": 0, "_wandb": {"runtime": 625}}