{"test/conf_matrix": {"_type": "image-file", "sha256": "846c422ece6619976d83b1bf82169f53d5615932bda70ef4fa7537206cc5b9e8", "size": 34553, "path": "media/images/test/conf_matrix_0_846c422ece6619976d83.png", "format": "png", "width": 1000, "height": 1000}, "_timestamp": 1659483340, "_runtime": 15173, "_step": 1, "test/loss": 0.7571995258331299, "test/origin_acc": 0.7108793258666992, "test/new_acc": 0.711641788482666, "test/f1_macro": 0.6803820133209229, "test/wqKappa": 0.8363021612167358, "test/cnt_diff": 1465.0, "test/cnt_correct_diff": 580.0, "epoch": 8, "trainer/global_step": 0, "_wandb": {"runtime": 15176}}