{"test/conf_matrix": {"_type": "image-file", "sha256": "3e2828045afa0f3c0f578803c565c1c75a87dae0d9496aa3d3398a5cefe6ff40", "size": 27968, "path": "media/images/test/conf_matrix_0_3e2828045afa0f3c0f57.png", "format": "png", "width": 1000, "height": 1000}, "_timestamp": 1661416374.1767955, "_runtime": 207.566157579422, "_step": 1, "test/loss": 0.5568793416023254, "test/origin_acc": 0.8282387256622314, "test/new_acc": 0.823871910572052, "test/f1_macro": 0.6161625385284424, "test/wqKappa": 0.7684316039085388, "test/cnt_diff": 59.0, "test/cnt_correct_diff": 22.0, "epoch": 8, "trainer/global_step": 0, "_wandb": {"runtime": 207}}