{"test/conf_matrix": {"_type": "image-file", "sha256": "55c2508c8185742d5dbbf95a82cac3584578cd0422e597b182969bdd3bb0cbf3", "size": 26847, "path": "media/images/test/conf_matrix_0_55c2508c8185742d5dbb.png", "format": "png", "width": 1000, "height": 1000}, "_timestamp": 1661895681.4473405, "_runtime": 269.53627157211304, "_step": 1, "test/loss": 0.32275402545928955, "test/origin_acc": 0.8633501529693604, "test/new_acc": 0.8557934761047363, "test/f1_macro": 0.8249809741973877, "test/wqKappa": 0.9282549023628235, "test/cnt_diff": 69.0, "test/cnt_correct_diff": 28.0, "epoch": 3, "trainer/global_step": 0, "_wandb": {"runtime": 269}}