{"test/conf_matrix": {"_type": "image-file", "sha256": "ecc7098874505d0099d3ac2ee0ee25833ef56197c9255d40021c4702f3819f38", "size": 31009, "path": "media/images/test/conf_matrix_0_ecc7098874505d0099d3.png", "format": "png", "width": 1000, "height": 1000}, "_timestamp": 1661458870.792798, "_runtime": 136.27690601348877, "_step": 1, "test/loss": 0.7218735218048096, "test/origin_acc": 0.6959188580513, "test/new_acc": 0.689549446105957, "test/f1_macro": 0.6060044765472412, "test/wqKappa": 0.6223341226577759, "test/cnt_diff": 480.0, "test/cnt_correct_diff": 218.0, "epoch": 7, "trainer/global_step": 0, "_wandb": {"runtime": 135}}