{"test/conf_matrix": {"_type": "image-file", "sha256": "4033822706a6445ef0bf2aa243ef8f11f30a341a83f8615fc54a277e7c5753e4", "size": 29845, "path": "media/images/test/conf_matrix_0_4033822706a6445ef0bf.png", "format": "png", "width": 1000, "height": 1000}, "_timestamp": 1661444813.563533, "_runtime": 136.82894206047058, "_step": 1, "test/loss": 2.0962419509887695, "test/origin_acc": 0.4666246771812439, "test/new_acc": 0.4622166156768799, "test/f1_macro": 0.29803788661956787, "test/wqKappa": 0.12376993894577026, "test/cnt_diff": 134.0, "test/cnt_correct_diff": 32.0, "epoch": 3, "trainer/global_step": 0, "_wandb": {"runtime": 136}}