{"test/conf_matrix": {"_type": "image-file", "sha256": "5b8b51d74ca6deb5f404ed4f94235dd903f3cfc0d07da86099f409f3de98993d", "size": 26328, "path": "media/images/test/conf_matrix_0_5b8b51d74ca6deb5f404.png", "format": "png", "width": 1000, "height": 1000}, "_timestamp": 1661508687.031824, "_runtime": 83.65491199493408, "_step": 1, "test/loss": 0.31992873549461365, "test/origin_acc": 0.8715365529060364, "test/new_acc": 0.8727959990501404, "test/f1_macro": 0.8401552438735962, "test/wqKappa": 0.9376906156539917, "test/cnt_diff": 8.0, "test/cnt_correct_diff": 4.0, "epoch": 6, "trainer/global_step": 0, "_wandb": {"runtime": 83}}