{"test/conf_matrix": {"_type": "image-file", "sha256": "99e3c3a8380047c6e1356b433a70426769ca2df1c646f60c79179f90f2a177e2", "size": 27418, "path": "media/images/test/conf_matrix_0_99e3c3a8380047c6e135.png", "format": "png", "width": 1000, "height": 1000}, "_timestamp": 1661332548.7668982, "_runtime": 100.82692813873291, "_step": 1, "test/loss": 0.32888326048851013, "test/origin_acc": 0.8652393221855164, "test/new_acc": 0.8639798760414124, "test/f1_macro": 0.8238605856895447, "test/wqKappa": 0.9377995729446411, "test/cnt_diff": 58.0, "test/cnt_correct_diff": 27.0, "epoch": 4, "trainer/global_step": 0, "_wandb": {"runtime": 100}}