{"test/conf_matrix": {"_type": "image-file", "sha256": "892294826c09019f743f63c708812648f677fe983f9abe0a69e9920880f3a458", "size": 29294, "path": "media/images/test/conf_matrix_0_892294826c09019f743f.png", "format": "png", "width": 1000, "height": 1000}, "_timestamp": 1661328710.2151942, "_runtime": 84.83587217330933, "_step": 1, "test/loss": 0.46994638442993164, "test/origin_acc": 0.8075471520423889, "test/new_acc": 0.6893081665039062, "test/f1_macro": 0.6637781858444214, "test/wqKappa": 0.8492176532745361, "test/cnt_diff": 313.0, "test/cnt_correct_diff": 59.0, "epoch": 8, "trainer/global_step": 0, "_wandb": {"runtime": 84}}