{"test/conf_matrix": {"_type": "image-file", "sha256": "b2c77f502cd18dd5f56a859758bdf42a0b842f035cb446a80362349f4164583b", "size": 28665, "path": "media/images/test/conf_matrix_0_b2c77f502cd18dd5f56a.png", "format": "png", "width": 1000, "height": 1000}, "_timestamp": 1661406330.5697906, "_runtime": 100.72943353652954, "_step": 1, "test/loss": 0.5978809595108032, "test/origin_acc": 0.8170791268348694, "test/new_acc": 0.8059194684028625, "test/f1_macro": 0.6009155511856079, "test/wqKappa": 0.7566472887992859, "test/cnt_diff": 128.0, "test/cnt_correct_diff": 43.0, "epoch": 12, "trainer/global_step": 0, "_wandb": {"runtime": 100}}