{"test/conf_matrix": {"_type": "image-file", "sha256": "de37e841782b0c8a0c7a5f13944c2b4dc76f7ac277a8d9b52ccba68149f3f2e1", "size": 34878, "path": "media/images/test/conf_matrix_0_de37e841782b0c8a0c7a.png", "format": "png", "width": 1000, "height": 1000}, "_timestamp": 1660221112.658898, "_runtime": 4873.08655500412, "_step": 1, "test/loss": 0.9026340842247009, "test/acc": 0.7108793258666992, "test/acc_compare": 0.745815634727478, "test/f1_macro": 0.6781063675880432, "test/wqKappa": 0.8328030109405518, "epoch": 8, "trainer/global_step": 0, "_wandb": {"runtime": 4874}}