{"test/conf_matrix": {"_type": "image-file", "sha256": "4c6acc2ff2afa87bf460b77b4076d867dc75c813e613ee1e9f3ffa2bdbacd014", "size": 26929, "path": "media/images/test/conf_matrix_0_4c6acc2ff2afa87bf460.png", "format": "png", "width": 1000, "height": 1000}, "_timestamp": 1661334772.0041144, "_runtime": 122.68254947662354, "_step": 1, "test/loss": 0.32888326048851013, "test/origin_acc": 0.8652393221855164, "test/new_acc": 0.8324937224388123, "test/f1_macro": 0.7931728363037109, "test/wqKappa": 0.9251154661178589, "test/cnt_diff": 146.0, "test/cnt_correct_diff": 46.0, "epoch": 4, "trainer/global_step": 0, "_wandb": {"runtime": 122}}