{"test/loss": 0.6355120539665222, "test/acc": 0.8702771067619324, "test/f1_macro": 0.8209447860717773, "test/wqKappa": 0.935701310634613, "epoch": 27, "trainer/global_step": 0, "_timestamp": 1656338568, "_runtime": 96, "_step": 0, "_wandb": {"runtime": 97}}