{"test/conf_matrix": {"_type": "image-file", "sha256": "51dc47fefb2c79a7790702f6bf071de3504bb99d24b035b07223275bfa125d14", "size": 30472, "path": "media/images/test/conf_matrix_0_51dc47fefb2c79a77907.png", "format": "png", "width": 1000, "height": 1000}, "_timestamp": 1660654057.4319823, "_runtime": 516.3062171936035, "_step": 1, "test/loss": 0.8469946980476379, "test/origin_acc": 0.6934151649475098, "test/new_acc": 0.6927071213722229, "test/f1_macro": 0.6253054738044739, "test/wqKappa": 0.6195247173309326, "test/cnt_diff": 14.0, "test/cnt_correct_diff": 4.0, "epoch": 7, "trainer/global_step": 0, "_wandb": {"runtime": 515}}