{"test/conf_matrix": {"_type": "image-file", "sha256": "433b4eb2f4063d4499201191b12f610729a1b91c50c07781c74d01da2813aeed", "size": 27679, "path": "media/images/test/conf_matrix_0_433b4eb2f4063d449920.png", "format": "png", "width": 1000, "height": 1000}, "_timestamp": 1661330452.5615375, "_runtime": 109.9838194847107, "_step": 1, "test/loss": 0.46994638442993164, "test/origin_acc": 0.8075471520423889, "test/new_acc": 0.7924528121948242, "test/f1_macro": 0.7459418177604675, "test/wqKappa": 0.9003603458404541, "test/cnt_diff": 36.0, "test/cnt_correct_diff": 4.0, "epoch": 8, "trainer/global_step": 0, "_wandb": {"runtime": 109}}