{"test/conf_matrix": {"_type": "image-file", "sha256": "033a2739801bc611c275fe9cc1eff6c66867ba42110e3a6bba86882270737cc3", "size": 26676, "path": "media/images/test/conf_matrix_0_033a2739801bc611c275.png", "format": "png", "width": 1000, "height": 1000}, "_timestamp": 1661349779.5793169, "_runtime": 206.50397086143494, "_step": 1, "test/loss": 0.31416085362434387, "test/origin_acc": 0.8702771067619324, "test/new_acc": 0.8658690452575684, "test/f1_macro": 0.8252800703048706, "test/wqKappa": 0.9373489618301392, "test/cnt_diff": 37.0, "test/cnt_correct_diff": 15.0, "epoch": 5, "trainer/global_step": 0, "_wandb": {"runtime": 204}}