{"test/conf_matrix": {"_type": "image-file", "sha256": "f844f90929d600d3f24e93f997c674b5003cb2f858185598fe681ca04a22d675", "size": 30869, "path": "media/images/test/conf_matrix_0_f844f90929d600d3f24e.png", "format": "png", "width": 1000, "height": 1000}, "_timestamp": 1660305349.975737, "_runtime": 587.8854141235352, "_step": 1, "test/loss": 0.6168479919433594, "test/origin_acc": 0.7463871836662292, "test/new_acc": 0.7419406175613403, "test/f1_macro": 0.6977218389511108, "test/wqKappa": 0.6828012466430664, "test/cnt_diff": 66.0, "test/cnt_correct_diff": 17.0, "epoch": 5, "trainer/global_step": 0, "_wandb": {"runtime": 588}}