{"test/conf_matrix": {"_type": "image-file", "sha256": "ee8793ff24aaa86d6b586d1a9e31fb719fe7c6cd80dfcb81c12e6ea795f1ddbe", "size": 30421, "path": "media/images/test/conf_matrix_0_ee8793ff24aaa86d6b58.png", "format": "png", "width": 1000, "height": 1000}, "_timestamp": 1661419141.475772, "_runtime": 296.570191860199, "_step": 1, "test/loss": 1.5902985334396362, "test/origin_acc": 0.6070529222488403, "test/new_acc": 0.5875315070152283, "test/f1_macro": 0.40827125310897827, "test/wqKappa": 0.5293823480606079, "test/cnt_diff": 147.0, "test/cnt_correct_diff": 38.0, "epoch": 5, "trainer/global_step": 0, "_wandb": {"runtime": 295}}