{"test/conf_matrix": {"_type": "image-file", "sha256": "21912e86937a0c6b4bde38996e42e0253bd71b32e8baecb9c720721ff5cf0fff", "size": 30984, "path": "media/images/test/conf_matrix_0_21912e86937a0c6b4bde.png", "format": "png", "width": 1000, "height": 1000}, "_timestamp": 1660654937.9971426, "_runtime": 664.3908424377441, "_step": 1, "test/loss": 0.6168479919433594, "test/origin_acc": 0.7463871836662292, "test/new_acc": 0.7425758242607117, "test/f1_macro": 0.6966489553451538, "test/wqKappa": 0.6816462278366089, "test/cnt_diff": 51.0, "test/cnt_correct_diff": 11.0, "epoch": 5, "trainer/global_step": 0, "_wandb": {"runtime": 664}}