{"test/conf_matrix": {"_type": "image-file", "sha256": "c18d7706f0539639d7440bc8aec93a2e7a4b9167c1fa035bb68550b33cbcf824", "size": 31076, "path": "media/images/test/conf_matrix_0_c18d7706f0539639d744.png", "format": "png", "width": 1000, "height": 1000}, "_timestamp": 1661422776.4222448, "_runtime": 408.9158856868744, "_step": 1, "test/loss": 1.5902985334396362, "test/origin_acc": 0.6070529222488403, "test/new_acc": 0.4672544002532959, "test/f1_macro": 0.4063360095024109, "test/wqKappa": 0.4497929811477661, "test/cnt_diff": 641.0, "test/cnt_correct_diff": 147.0, "epoch": 5, "trainer/global_step": 0, "_wandb": {"runtime": 408}}