{"test/conf_matrix": {"_type": "image-file", "sha256": "15afb934e2c3d2d38ddfe5285e9ab6e78ea7c820f4bb582cd3cddc7409d06208", "size": 26697, "path": "media/images/test/conf_matrix_0_15afb934e2c3d2d38ddf.png", "format": "png", "width": 1000, "height": 1000}, "_timestamp": 1661328066.32659, "_runtime": 104.87453699111938, "_step": 1, "test/loss": 0.31017082929611206, "test/origin_acc": 0.8753148317337036, "test/new_acc": 0.8709068298339844, "test/f1_macro": 0.8360622525215149, "test/wqKappa": 0.939573347568512, "test/cnt_diff": 21.0, "test/cnt_correct_diff": 7.0, "epoch": 7, "trainer/global_step": 0, "_wandb": {"runtime": 104}}