{"test/conf_matrix": {"_type": "image-file", "sha256": "482769f03483beef55f13acc52e34cdd54d03f0f436e0550ef76efd0d03b8192", "size": 27499, "path": "media/images/test/conf_matrix_0_482769f03483beef55f1.png", "format": "png", "width": 1000, "height": 1000}, "_timestamp": 1660666931.683079, "_runtime": 216.31502509117126, "_step": 1, "test/loss": 0.3087417483329773, "test/origin_acc": 0.8916876316070557, "test/new_acc": 0.755037784576416, "test/f1_macro": 0.6858425140380859, "test/wqKappa": 0.8794126510620117, "test/cnt_diff": 315.0, "test/cnt_correct_diff": 34.0, "epoch": 8, "trainer/global_step": 0, "_wandb": {"runtime": 215}}