{"test/conf_matrix": {"_type": "image-file", "sha256": "fc3f4feab50cca059c5bb5352b5b32dddc936173be3da7b1a0e2360ec6860c71", "size": 29994, "path": "media/images/test/conf_matrix_0_fc3f4feab50cca059c5b.png", "format": "png", "width": 1000, "height": 1000}, "_timestamp": 1661416100.7067041, "_runtime": 465.30591011047363, "_step": 1, "test/loss": 2.093094825744629, "test/origin_acc": 0.5560453534126282, "test/new_acc": 0.5843828916549683, "test/f1_macro": 0.3917519450187683, "test/wqKappa": 0.5614655613899231, "test/cnt_diff": 222.0, "test/cnt_correct_diff": 103.0, "epoch": 11, "trainer/global_step": 0, "_wandb": {"runtime": 464}}