{"test/conf_matrix": {"_type": "image-file", "sha256": "3e40dba2b506db6864699e7c7887e7f6c0f30357bb3f088632c4f6d8bfb41438", "size": 29990, "path": "media/images/test/conf_matrix_0_3e40dba2b506db686469.png", "format": "png", "width": 1000, "height": 1000}, "_timestamp": 1658779106, "_runtime": 1467, "_step": 1, "test/loss": 0.7740350365638733, "test/origin_acc": 0.6854648590087891, "test/new_acc": 0.6859367489814758, "test/f1_macro": 0.6048135161399841, "test/wqKappa": 0.5757828950881958, "epoch": 4, "trainer/global_step": 0, "_wandb": {"runtime": 1469}}