{"test/conf_matrix": {"_type": "image-file", "sha256": "7190053a56dc4824a46bf9be6d0c36106b99760e41db49d95388b1832f970932", "size": 26962, "path": "media/images/test/conf_matrix_0_7190053a56dc4824a46b.png", "format": "png", "width": 1000, "height": 1000}, "_timestamp": 1660208910.7756207, "_runtime": 103.04232263565063, "_step": 1, "test/loss": 0.3087417483329773, "test/origin_acc": 0.8916876316070557, "test/new_acc": 0.8161209225654602, "test/f1_macro": 0.747191309928894, "test/wqKappa": 0.9102663993835449, "test/cnt_diff": 188.0, "test/cnt_correct_diff": 28.0, "epoch": 8, "trainer/global_step": 0, "_wandb": {"runtime": 102}}