{"test/conf_matrix": {"_type": "image-file", "sha256": "d7ec28fcfd0415b0e2b3ad7ce1774768e1fddd2f1ccb82b095e0226522bae249", "size": 25857, "path": "media/images/test/conf_matrix_0_d7ec28fcfd0415b0e2b3.png", "format": "png", "width": 1000, "height": 1000}, "_timestamp": 1661406136.362804, "_runtime": 105.84548997879028, "_step": 1, "test/loss": 0.28993910551071167, "test/origin_acc": 0.8929470777511597, "test/new_acc": 0.8841309547424316, "test/f1_macro": 0.849625825881958, "test/wqKappa": 0.9443759918212891, "test/cnt_diff": 28.0, "test/cnt_correct_diff": 7.0, "epoch": 6, "trainer/global_step": 0, "_wandb": {"runtime": 105}}