{"test/conf_matrix": {"_type": "image-file", "sha256": "6592504395b53b454b9a6ee6eae48c52bec16d203cad749d899451c8271541d0", "size": 27193, "path": "media/images/test/conf_matrix_0_6592504395b53b454b9a.png", "format": "png", "width": 1000, "height": 1000}, "_timestamp": 1661400659.9544427, "_runtime": 130.69442582130432, "_step": 1, "test/loss": 0.3241216242313385, "test/origin_acc": 0.8627204298973083, "test/new_acc": 0.8633501529693604, "test/f1_macro": 0.829993724822998, "test/wqKappa": 0.9349855184555054, "test/cnt_diff": 3.0, "test/cnt_correct_diff": 2.0, "epoch": 6, "trainer/global_step": 0, "_wandb": {"runtime": 130}}