{"test/conf_matrix": {"_type": "image-file", "sha256": "060498da646da3daeebe30570a0c58d865ad2cf1f927b4aec5c4a62afc92dfca", "size": 30791, "path": "media/images/test/conf_matrix_0_060498da646da3daeebe.png", "format": "png", "width": 1000, "height": 1000}, "_timestamp": 1661452717.7703404, "_runtime": 270.72127652168274, "_step": 1, "test/loss": 0.663868248462677, "test/origin_acc": 0.7158367037773132, "test/new_acc": 0.7066320776939392, "test/f1_macro": 0.6246292591094971, "test/wqKappa": 0.6236552000045776, "test/cnt_diff": 412.0, "test/cnt_correct_diff": 172.0, "epoch": 3, "trainer/global_step": 0, "_wandb": {"runtime": 270}}