{"test/conf_matrix": {"_type": "image-file", "sha256": "9ee829276fd8763d7fc796c753966dc5ea5cac1697cc680a4c755e741871a03a", "size": 26945, "path": "media/images/test/conf_matrix_0_9ee829276fd8763d7fc7.png", "format": "png", "width": 1000, "height": 1000}, "_timestamp": 1661478483.6325457, "_runtime": 162.97695469856262, "_step": 1, "test/loss": 0.557793915271759, "test/origin_acc": 0.8131067752838135, "test/new_acc": 0.7917475700378418, "test/f1_macro": 0.5963630676269531, "test/wqKappa": 0.7473630905151367, "test/cnt_diff": 111.0, "test/cnt_correct_diff": 29.0, "epoch": 2, "trainer/global_step": 0, "_wandb": {"runtime": 162}}