{"test/conf_matrix": {"_type": "image-file", "sha256": "045e5a90b2441597a57990c8487e6c4286244ab89710d96ac6c79db9ff47cba9", "size": 27590, "path": "media/images/test/conf_matrix_0_045e5a90b2441597a579.png", "format": "png", "width": 1000, "height": 1000}, "_timestamp": 1658865438, "_runtime": 335, "_step": 1, "test/loss": 0.6044451594352722, "test/origin_acc": 0.8281553983688354, "test/new_acc": 0.8281553983688354, "test/f1_macro": 0.623151957988739, "test/wqKappa": 0.7657864689826965, "test/cnt_diff": 19.0, "test/cnt_correct_diff": 7.0, "epoch": 7, "trainer/global_step": 0, "_wandb": {"runtime": 335}}