{"test/conf_matrix": {"_type": "image-file", "sha256": "e963537440caf8a2db2d81f2af5ddcca72e7f5a48c5c3ded65fd3a020a54377e", "size": 29396, "path": "media/images/test/conf_matrix_0_e963537440caf8a2db2d.png", "format": "png", "width": 1000, "height": 1000}, "_timestamp": 1661436992.1529236, "_runtime": 135.9485194683075, "_step": 1, "test/loss": 2.1025230884552, "test/origin_acc": 0.5195214152336121, "test/new_acc": 0.5201511383056641, "test/f1_macro": 0.33032992482185364, "test/wqKappa": 0.5203980207443237, "test/cnt_diff": 29.0, "test/cnt_correct_diff": 9.0, "epoch": 8, "trainer/global_step": 0, "_wandb": {"runtime": 136}}