{"test/conf_matrix": {"_type": "image-file", "sha256": "9e3414437d43abc647ee68a6ecaf3a398d404a83395742ed886e1b3f858ab998", "size": 26694, "path": "media/images/test/conf_matrix_0_9e3414437d43abc647ee.png", "format": "png", "width": 1000, "height": 1000}, "_timestamp": 1661477424.5793464, "_runtime": 142.4877483844757, "_step": 1, "test/loss": 0.5793511271476746, "test/origin_acc": 0.832524299621582, "test/new_acc": 0.8228155374526978, "test/f1_macro": 0.6195923089981079, "test/wqKappa": 0.7828433513641357, "test/cnt_diff": 67.0, "test/cnt_correct_diff": 18.0, "epoch": 11, "trainer/global_step": 0, "_wandb": {"runtime": 143}}