{"test/conf_matrix": {"_type": "image-file", "sha256": "f4f43c535fcd534e784524316104b6078de8ee6fb854ac11a674a8147c6a0795", "size": 27916, "path": "media/images/test/conf_matrix_0_f4f43c535fcd534e7845.png", "format": "png", "width": 1000, "height": 1000}, "_timestamp": 1660716393.301675, "_runtime": 237.2512550354004, "_step": 1, "test/loss": 0.5653321146965027, "test/origin_acc": 0.8330907821655273, "test/new_acc": 0.8350315690040588, "test/f1_macro": 0.6316920518875122, "test/wqKappa": 0.7739102244377136, "test/cnt_diff": 18.0, "test/cnt_correct_diff": 9.0, "epoch": 12, "trainer/global_step": 0, "_wandb": {"runtime": 236}}