{"test/conf_matrix": {"_type": "image-file", "sha256": "b7b0c5d3e0a1b14a004cdf581d849c0dd0e1852b3872489f45a8050213c669c5", "size": 27739, "path": "media/images/test/conf_matrix_0_b7b0c5d3e0a1b14a004c.png", "format": "png", "width": 1000, "height": 1000}, "_timestamp": 1661925672.0761533, "_runtime": 213.12107133865356, "_step": 1, "test/loss": 0.31758856773376465, "test/origin_acc": 0.8759445548057556, "test/new_acc": 0.8419395685195923, "test/f1_macro": 0.8012076616287231, "test/wqKappa": 0.9244809746742249, "test/cnt_diff": 132.0, "test/cnt_correct_diff": 37.0, "epoch": 4, "trainer/global_step": 0, "_wandb": {"runtime": 212}}