{"test/conf_matrix": {"_type": "image-file", "sha256": "542b97e09cc6670b7af340c32c54ac39e1ed0a058195155080aabbc6afb96210", "size": 29657, "path": "media/images/test/conf_matrix_0_542b97e09cc6670b7af3.png", "format": "png", "width": 1000, "height": 1000}, "_timestamp": 1661444523.5813363, "_runtime": 142.02849531173706, "_step": 1, "test/loss": 2.620410442352295, "test/origin_acc": 0.250629723072052, "test/new_acc": 0.2770780920982361, "test/f1_macro": 0.2364957630634308, "test/wqKappa": -0.306052565574646, "test/cnt_diff": 257.0, "test/cnt_correct_diff": 81.0, "epoch": 0, "trainer/global_step": 0, "_wandb": {"runtime": 141}}