{"test/conf_matrix": {"_type": "image-file", "sha256": "b9d09b4ef208560b32675258d96c9ab7d0bd21dc44c616790d071df860439054", "size": 29588, "path": "media/images/test/conf_matrix_0_b9d09b4ef208560b3267.png", "format": "png", "width": 1000, "height": 1000}, "_timestamp": 1660649897.2234883, "_runtime": 521.5685503482819, "_step": 1, "test/loss": 0.8469946980476379, "test/origin_acc": 0.6934151649475098, "test/new_acc": 0.6882228255271912, "test/f1_macro": 0.6204701662063599, "test/wqKappa": 0.6162016987800598, "test/cnt_diff": 57.0, "test/cnt_correct_diff": 14.0, "epoch": 7, "trainer/global_step": 0, "_wandb": {"runtime": 521}}