{"test/conf_matrix": {"_type": "image-file", "sha256": "2cc33e71de74915a43288e1f6a9e8a3aebb4098292d2e8b0f6092ce403929198", "size": 27781, "path": "media/images/test/conf_matrix_0_2cc33e71de74915a4328.png", "format": "png", "width": 1000, "height": 1000}, "_timestamp": 1661327042.4163485, "_runtime": 89.90414834022522, "_step": 1, "test/loss": 0.5756698250770569, "test/origin_acc": 0.7811321020126343, "test/new_acc": 0.5270440578460693, "test/f1_macro": 0.4862558841705322, "test/wqKappa": 0.6658052802085876, "test/cnt_diff": 601.0, "test/cnt_correct_diff": 82.0, "epoch": 8, "trainer/global_step": 0, "_wandb": {"runtime": 89}}