{"test/conf_matrix": {"_type": "image-file", "sha256": "37c1891a70ed40baf6d5ac86bf9fa342238f315f31058ad145f0897c72e727c3", "size": 28127, "path": "media/images/test/conf_matrix_0_37c1891a70ed40baf6d5.png", "format": "png", "width": 1000, "height": 1000}, "_timestamp": 1661479772.3042202, "_runtime": 180.80003118515015, "_step": 1, "test/loss": 0.5617218017578125, "test/origin_acc": 0.8286407589912415, "test/new_acc": 0.8300970792770386, "test/f1_macro": 0.6238640546798706, "test/wqKappa": 0.7661475539207458, "test/cnt_diff": 12.0, "test/cnt_correct_diff": 7.0, "epoch": 10, "trainer/global_step": 0, "_wandb": {"runtime": 180}}