{"test/conf_matrix": {"_type": "image-file", "sha256": "89dd0a991103013a88f88a9610ed2989e1ac12669148716ba2ad8528d3c2e89e", "size": 30027, "path": "media/images/test/conf_matrix_0_89dd0a991103013a88f8.png", "format": "png", "width": 1000, "height": 1000}, "_timestamp": 1661428499.594592, "_runtime": 113.47067618370056, "_step": 1, "test/loss": 1.9362478256225586, "test/origin_acc": 0.5440806150436401, "test/new_acc": 0.5346347689628601, "test/f1_macro": 0.36552080512046814, "test/wqKappa": 0.5391194820404053, "test/cnt_diff": 99.0, "test/cnt_correct_diff": 27.0, "epoch": 11, "trainer/global_step": 0, "_wandb": {"runtime": 113}}