{"test/conf_matrix": {"_type": "image-file", "sha256": "e11de9e23875fdf96e2460069c471c3f8807c2945fb54e1f19cb4d64332b66bb", "size": 30442, "path": "media/images/test/conf_matrix_0_e11de9e23875fdf96e24.png", "format": "png", "width": 1000, "height": 1000}, "_timestamp": 1660151690.4142482, "_runtime": 745.7267792224884, "_step": 1, "test/loss": 0.34628796577453613, "test/origin_acc": 0.8710532188415527, "test/new_acc": 0.8636012077331543, "test/f1_macro": 0.7856510877609253, "test/wqKappa": 0.9258991479873657, "test/cnt_diff": 524.0, "test/cnt_correct_diff": 186.0, "epoch": 1, "trainer/global_step": 0, "_wandb": {"runtime": 745}}