{"test/conf_matrix": {"_type": "image-file", "sha256": "4314fc95e3dc7a3c9652a6921a6b34010f1756399f0ba187debf19caaf6f1416", "size": 26693, "path": "media/images/test/conf_matrix_0_4314fc95e3dc7a3c9652.png", "format": "png", "width": 1000, "height": 1000}, "_timestamp": 1660208146.7512546, "_runtime": 114.79810857772827, "_step": 1, "test/loss": 0.3087417483329773, "test/origin_acc": 0.8916876316070557, "test/new_acc": 0.8860201239585876, "test/f1_macro": 0.8422725796699524, "test/wqKappa": 0.9445158243179321, "test/cnt_diff": 43.0, "test/cnt_correct_diff": 16.0, "epoch": 8, "trainer/global_step": 0, "_wandb": {"runtime": 115}}