{"test/conf_matrix": {"_type": "image-file", "sha256": "ed18b4b2dbdb652d27bd8695a3893b001be2009b67bfb65f8b1c5ea2afd2916e", "size": 27849, "path": "media/images/test/conf_matrix_0_ed18b4b2dbdb652d27bd.png", "format": "png", "width": 1000, "height": 1000}, "_timestamp": 1661488371.0326912, "_runtime": 123.58331418037415, "_step": 1, "test/loss": 0.6395517587661743, "test/origin_acc": 0.8155339956283569, "test/new_acc": 0.8160194158554077, "test/f1_macro": 0.6252576112747192, "test/wqKappa": 0.763376772403717, "test/cnt_diff": 10.0, "test/cnt_correct_diff": 4.0, "epoch": 11, "trainer/global_step": 0, "_wandb": {"runtime": 123}}