{"test/conf_matrix": {"_type": "image-file", "sha256": "6d1a907d503999ac973e8b6b77a3d317b89972f7b737b0b9995332f1302fa688", "size": 27690, "path": "media/images/test/conf_matrix_0_6d1a907d503999ac973e.png", "format": "png", "width": 1000, "height": 1000}, "_timestamp": 1661402815.0526395, "_runtime": 167.32410144805908, "_step": 1, "test/loss": 0.6740458607673645, "test/origin_acc": 0.7850558757781982, "test/new_acc": 0.7836002707481384, "test/f1_macro": 0.5713199377059937, "test/wqKappa": 0.6912893652915955, "test/cnt_diff": 7.0, "test/cnt_correct_diff": 2.0, "epoch": 10, "trainer/global_step": 0, "_wandb": {"runtime": 167}}