{"test/conf_matrix": {"_type": "image-file", "sha256": "100c4149c89e54529b5af9df519d77e8f0a866e6b75b2a9bc999390aac8f6d37", "size": 27951, "path": "media/images/test/conf_matrix_0_100c4149c89e54529b5a.png", "format": "png", "width": 1000, "height": 1000}, "_timestamp": 1661335716.7419596, "_runtime": 72.14024066925049, "_step": 1, "test/loss": 0.36475446820259094, "test/origin_acc": 0.8339622616767883, "test/new_acc": 0.8301886916160583, "test/f1_macro": 0.8000540733337402, "test/wqKappa": 0.9195517301559448, "test/cnt_diff": 93.0, "test/cnt_correct_diff": 43.0, "epoch": 7, "trainer/global_step": 0, "_wandb": {"runtime": 71}}