{"test/conf_matrix": {"_type": "image-file", "sha256": "cdc4182bc5fe228a869865c1ea4e4cd934c91cce107fc24b9d0ac48f71d07232", "size": 27176, "path": "media/images/test/conf_matrix_0_cdc4182bc5fe228a8698.png", "format": "png", "width": 1000, "height": 1000}, "_timestamp": 1661403904.7801573, "_runtime": 116.7041163444519, "_step": 1, "test/loss": 0.5979331135749817, "test/origin_acc": 0.8136826753616333, "test/new_acc": 0.810286283493042, "test/f1_macro": 0.6090072989463806, "test/wqKappa": 0.7408959269523621, "test/cnt_diff": 21.0, "test/cnt_correct_diff": 5.0, "epoch": 15, "trainer/global_step": 0, "_wandb": {"runtime": 116}}