{"test/conf_matrix": {"_type": "image-file", "sha256": "2ad03caec331fcf71c3e4cacfe2936d7ec0dcd709a13367a73bb5df44ad7f301", "size": 30367, "path": "media/images/test/conf_matrix_0_2ad03caec331fcf71c3e.png", "format": "png", "width": 1000, "height": 1000}, "_timestamp": 1661459445.631026, "_runtime": 100.27398610115051, "_step": 1, "test/loss": 3.2831687927246094, "test/origin_acc": 0.372795969247818, "test/new_acc": 0.36083123087882996, "test/f1_macro": 0.2725636959075928, "test/wqKappa": 0.03914380073547363, "test/cnt_diff": 85.0, "test/cnt_correct_diff": 19.0, "epoch": 5, "trainer/global_step": 0, "_wandb": {"runtime": 99}}