{"test/conf_matrix": {"_type": "image-file", "sha256": "b74e6153b9845d5eeac73d323e7dc50844d776904ba7d60a2f1a5acd8d3fa1e3", "size": 27278, "path": "media/images/test/conf_matrix_0_b74e6153b9845d5eeac7.png", "format": "png", "width": 1000, "height": 1000}, "_timestamp": 1661506106.0510807, "_runtime": 81.43254661560059, "_step": 1, "test/loss": 0.373489111661911, "test/origin_acc": 0.8482367992401123, "test/new_acc": 0.8469773530960083, "test/f1_macro": 0.8139647841453552, "test/wqKappa": 0.9305520057678223, "test/cnt_diff": 21.0, "test/cnt_correct_diff": 9.0, "epoch": 7, "trainer/global_step": 0, "_wandb": {"runtime": 81}}