{"test/conf_matrix": {"_type": "image-file", "sha256": "e30ad0539b369c34b4f501ffd6563e8ed99e0d18c0b4428d423ddfe97a57afd6", "size": 27466, "path": "media/images/test/conf_matrix_0_e30ad0539b369c34b4f5.png", "format": "png", "width": 1000, "height": 1000}, "_timestamp": 1661348095.214164, "_runtime": 221.94061303138733, "_step": 1, "test/loss": 0.31416085362434387, "test/origin_acc": 0.8702771067619324, "test/new_acc": 0.8690176606178284, "test/f1_macro": 0.8298681974411011, "test/wqKappa": 0.9387814402580261, "test/cnt_diff": 2.0, "test/cnt_correct_diff": 0.0, "epoch": 5, "trainer/global_step": 0, "_wandb": {"runtime": 221}}