{"test/conf_matrix": {"_type": "image-file", "sha256": "48e72ebbf2c1e62b60dc44b2a4d8f0bff5f8bd5f3a95752a94f8b6dd94a6e783", "size": 30086, "path": "media/images/test/conf_matrix_0_48e72ebbf2c1e62b60dc.png", "format": "png", "width": 1000, "height": 1000}, "_timestamp": 1661416901.6747625, "_runtime": 394.78686356544495, "_step": 1, "test/loss": 2.093094825744629, "test/origin_acc": 0.5560453534126282, "test/new_acc": 0.5673803687095642, "test/f1_macro": 0.38878101110458374, "test/wqKappa": 0.5294923782348633, "test/cnt_diff": 366.0, "test/cnt_correct_diff": 147.0, "epoch": 11, "trainer/global_step": 0, "_wandb": {"runtime": 394}}