{"test/conf_matrix": {"_type": "image-file", "sha256": "4b5c168f632b4c314dd2c5d7cb36e08efc9e532136eed474fd5f49daa8c56646", "size": 28419, "path": "media/images/test/conf_matrix_0_4b5c168f632b4c314dd2.png", "format": "png", "width": 1000, "height": 1000}, "_timestamp": 1661408670.578149, "_runtime": 155.08450198173523, "_step": 1, "test/loss": 0.6313098073005676, "test/origin_acc": 0.7738962173461914, "test/new_acc": 0.7127608060836792, "test/f1_macro": 0.5103764533996582, "test/wqKappa": 0.6266450881958008, "test/cnt_diff": 281.0, "test/cnt_correct_diff": 59.0, "epoch": 2, "trainer/global_step": 0, "_wandb": {"runtime": 154}}