{"test/conf_matrix": {"_type": "image-file", "sha256": "1bb7bf4986425f313ebe3b949c9f9ba1b4309ed94ab3b7926b0c7384f5b16f32", "size": 28372, "path": "media/images/test/conf_matrix_0_1bb7bf4986425f313ebe.png", "format": "png", "width": 1000, "height": 1000}, "_timestamp": 1661402926.092202, "_runtime": 122.56355905532837, "_step": 1, "test/loss": 0.5979331135749817, "test/origin_acc": 0.8136826753616333, "test/new_acc": 0.8000970482826233, "test/f1_macro": 0.5958210229873657, "test/wqKappa": 0.7347099781036377, "test/cnt_diff": 142.0, "test/cnt_correct_diff": 49.0, "epoch": 15, "trainer/global_step": 0, "_wandb": {"runtime": 122}}