{"test/conf_matrix": {"_type": "image-file", "sha256": "96041807c1aed83a496f6434a2cde91e4a8b77c36113fad76fec732e42728e22", "size": 27267, "path": "media/images/test/conf_matrix_0_96041807c1aed83a496f.png", "format": "png", "width": 1000, "height": 1000}, "_timestamp": 1661340259.421581, "_runtime": 138.38848614692688, "_step": 1, "test/loss": 0.3532443344593048, "test/origin_acc": 0.8658690452575684, "test/new_acc": 0.8570529222488403, "test/f1_macro": 0.8255007266998291, "test/wqKappa": 0.93052077293396, "test/cnt_diff": 54.0, "test/cnt_correct_diff": 19.0, "epoch": 17, "trainer/global_step": 0, "_wandb": {"runtime": 137}}