{"test/conf_matrix": {"_type": "image-file", "sha256": "06ca8b2ae53b106712ce0b66d8e0fd70c96ef695f2795c263f870a0966eaa7ee", "size": 30848, "path": "media/images/test/conf_matrix_0_06ca8b2ae53b106712ce.png", "format": "png", "width": 1000, "height": 1000}, "_timestamp": 1660066894.0738082, "_runtime": 431.34753012657166, "_step": 1, "test/loss": 0.6168479919433594, "test/origin_acc": 0.7463871836662292, "test/new_acc": 0.7460695505142212, "test/f1_macro": 0.7009469270706177, "test/wqKappa": 0.6793639659881592, "test/cnt_diff": 362.0, "test/cnt_correct_diff": 170.0, "epoch": 5, "trainer/global_step": 0, "_wandb": {"runtime": 432}}