{"test/conf_matrix": {"_type": "image-file", "sha256": "d44fa3c1aa7cee7bce6f74d45a96e42a305cb5aa2d1ac71f9d2025d0f8aad59b", "size": 29923, "path": "media/images/test/conf_matrix_0_d44fa3c1aa7cee7bce6f.png", "format": "png", "width": 1000, "height": 1000}, "_timestamp": 1661439195.9499166, "_runtime": 306.0028455257416, "_step": 1, "test/loss": 0.714397668838501, "test/origin_acc": 0.6908189654350281, "test/new_acc": 0.6896389126777649, "test/f1_macro": 0.5703759789466858, "test/wqKappa": 0.5673021078109741, "test/cnt_diff": 109.0, "test/cnt_correct_diff": 40.0, "epoch": 3, "trainer/global_step": 0, "_wandb": {"runtime": 306}}