{"test/conf_matrix": {"_type": "image-file", "sha256": "e8560071a6e8fa2cff86972f149e718a13f88d9ea56a0969d6a7d64e2d2a858d", "size": 27894, "path": "media/images/test/conf_matrix_0_e8560071a6e8fa2cff86.png", "format": "png", "width": 1000, "height": 1000}, "_timestamp": 1661401595.7908623, "_runtime": 148.76730728149414, "_step": 1, "test/loss": 0.6740458607673645, "test/origin_acc": 0.7850558757781982, "test/new_acc": 0.7840854525566101, "test/f1_macro": 0.5731374025344849, "test/wqKappa": 0.6995460391044617, "test/cnt_diff": 27.0, "test/cnt_correct_diff": 10.0, "epoch": 10, "trainer/global_step": 0, "_wandb": {"runtime": 149}}