{"test/conf_matrix": {"_type": "image-file", "sha256": "c21d6d26c6a914d8b7e99a54b80e73e7d23834de4f48f09105ddda084f75bd1c", "size": 30028, "path": "media/images/test/conf_matrix_0_c21d6d26c6a914d8b7e9.png", "format": "png", "width": 1000, "height": 1000}, "_timestamp": 1661435342.9317973, "_runtime": 141.58359622955322, "_step": 1, "test/loss": 2.1597023010253906, "test/origin_acc": 0.49370276927948, "test/new_acc": 0.514483630657196, "test/f1_macro": 0.3567754626274109, "test/wqKappa": 0.526416540145874, "test/cnt_diff": 92.0, "test/cnt_correct_diff": 52.0, "epoch": 10, "trainer/global_step": 0, "_wandb": {"runtime": 142}}