{"test/conf_matrix": {"_type": "image-file", "sha256": "753ebf07653439e7d7ce8bf6a8f21f56512298715fb9346f5a17a4f0afb39076", "size": 25710, "path": "media/images/test/conf_matrix_0_753ebf07653439e7d7ce.png", "format": "png", "width": 1000, "height": 1000}, "_timestamp": 1662527517.0853925, "_runtime": 101.54134345054626, "_step": 1, "test/loss": 0.3087417483329773, "test/origin_acc": 0.8916876316070557, "test/new_acc": 0.8935768008232117, "test/f1_macro": 0.858301043510437, "test/wqKappa": 0.9498780965805054, "test/cnt_diff": 10.0, "test/cnt_correct_diff": 6.0, "epoch": 8, "trainer/global_step": 0, "_wandb": {"runtime": 101}}