{"test/conf_matrix": {"_type": "image-file", "sha256": "7cb353065f4d3681197536d2cbc55fb85fffc3d2715c14893a9d2beb30dec553", "size": 29915, "path": "media/images/test/conf_matrix_0_7cb353065f4d36811975.png", "format": "png", "width": 1000, "height": 1000}, "_timestamp": 1661454198.8847256, "_runtime": 148.08416366577148, "_step": 1, "test/loss": 0.8180785775184631, "test/origin_acc": 0.6161831021308899, "test/new_acc": 0.584100067615509, "test/f1_macro": 0.4865850806236267, "test/wqKappa": 0.5009355545043945, "test/cnt_diff": 879.0, "test/cnt_correct_diff": 314.0, "epoch": 5, "trainer/global_step": 0, "_wandb": {"runtime": 147}}