{"test/conf_matrix": {"_type": "image-file", "sha256": "cfc52a7be5f35833beee3951ca9a41b372951d66c6b89429b7d19099ac220909", "size": 29800, "path": "media/images/test/conf_matrix_0_cfc52a7be5f35833beee.png", "format": "png", "width": 1000, "height": 1000}, "_timestamp": 1661438392.8221364, "_runtime": 393.9497013092041, "_step": 1, "test/loss": 0.714397668838501, "test/origin_acc": 0.6908189654350281, "test/new_acc": 0.7016757130622864, "test/f1_macro": 0.5780109167098999, "test/wqKappa": 0.5887453556060791, "test/cnt_diff": 276.0, "test/cnt_correct_diff": 149.0, "epoch": 3, "trainer/global_step": 0, "_wandb": {"runtime": 394}}