{"test/conf_matrix": {"_type": "image-file", "sha256": "a23680d8f8678b3dc0a497a74bcea679846fd7c32a266ceba8fd6773855f2651", "size": 27439, "path": "media/images/test/conf_matrix_0_a23680d8f8678b3dc0a4.png", "format": "png", "width": 1000, "height": 1000}, "_timestamp": 1661334519.3834548, "_runtime": 97.4715929031372, "_step": 1, "test/loss": 0.2952144742012024, "test/origin_acc": 0.8797228932380676, "test/new_acc": 0.8809823393821716, "test/f1_macro": 0.8449008464813232, "test/wqKappa": 0.9438087940216064, "test/cnt_diff": 73.0, "test/cnt_correct_diff": 37.0, "epoch": 12, "trainer/global_step": 0, "_wandb": {"runtime": 97}}