{"test/conf_matrix": {"_type": "image-file", "sha256": "6d5fe7f0a2b76d02cca97e99b49dba6beab961184e0889c28e771ce84b8ac3b2", "size": 27805, "path": "media/images/test/conf_matrix_0_6d5fe7f0a2b76d02cca9.png", "format": "png", "width": 1000, "height": 1000}, "_timestamp": 1661330067.3115823, "_runtime": 156.2753484249115, "_step": 1, "test/loss": 0.31017082929611206, "test/origin_acc": 0.8753148317337036, "test/new_acc": 0.8532745838165283, "test/f1_macro": 0.8195264339447021, "test/wqKappa": 0.9319219589233398, "test/cnt_diff": 103.0, "test/cnt_correct_diff": 34.0, "epoch": 7, "trainer/global_step": 0, "_wandb": {"runtime": 157}}