{"test/conf_matrix": {"_type": "image-file", "sha256": "3b409b2f7bb6852a603b80296cfe0e70f39475098b111c7a0969b699e7f82f8f", "size": 26998, "path": "media/images/test/conf_matrix_0_3b409b2f7bb6852a603b.png", "format": "png", "width": 1000, "height": 1000}, "_timestamp": 1660649053.4850533, "_runtime": 245.88091039657593, "_step": 1, "test/loss": 0.4327978789806366, "test/origin_acc": 0.8091939687728882, "test/new_acc": 0.8091939687728882, "test/f1_macro": 0.7529585361480713, "test/wqKappa": 0.9127495884895325, "test/cnt_diff": 77.0, "test/cnt_correct_diff": 38.0, "epoch": 1, "trainer/global_step": 0, "_wandb": {"runtime": 246}}