{"test/conf_matrix": {"_type": "image-file", "sha256": "0f8ba9007df289d1c009fefa0f289ee6f1934abd270dc8ccc0f806c6a0d76e5a", "size": 26247, "path": "media/images/test/conf_matrix_0_0f8ba9007df289d1c009.png", "format": "png", "width": 1000, "height": 1000}, "_timestamp": 1660659656.0270197, "_runtime": 234.99952268600464, "_step": 1, "test/loss": 0.3087417483329773, "test/origin_acc": 0.8916876316070557, "test/new_acc": 0.753778338432312, "test/f1_macro": 0.6837169528007507, "test/wqKappa": 0.8790333271026611, "test/cnt_diff": 317.0, "test/cnt_correct_diff": 34.0, "epoch": 8, "trainer/global_step": 0, "_wandb": {"runtime": 235}}