{"test/conf_matrix": {"_type": "image-file", "sha256": "bc43628a66d335884491add32f90c64501842d5f07365db2e517b7f9bb2e52ed", "size": 30122, "path": "media/images/test/conf_matrix_0_bc43628a66d335884491.png", "format": "png", "width": 1000, "height": 1000}, "_timestamp": 1658775280, "_runtime": 860, "_step": 1, "test/loss": 0.7740350365638733, "test/origin_acc": 0.6854648590087891, "test/new_acc": 0.6854648590087891, "test/f1_macro": 0.6021323204040527, "test/wqKappa": 0.5704845786094666, "epoch": 4, "trainer/global_step": 0, "_wandb": {"runtime": 861}}