{"test/conf_matrix": {"_type": "image-file", "sha256": "982593d471b3abf2f078a54159884e871570ce752df868ed0628bc047c54cbde", "size": 30068, "path": "media/images/test/conf_matrix_0_982593d471b3abf2f078.png", "format": "png", "width": 1000, "height": 1000}, "_timestamp": 1661460291.0226996, "_runtime": 134.62841749191284, "_step": 1, "test/loss": 0.7218735218048096, "test/origin_acc": 0.6959188580513, "test/new_acc": 0.6916725635528564, "test/f1_macro": 0.5975329279899597, "test/wqKappa": 0.61027991771698, "test/cnt_diff": 390.0, "test/cnt_correct_diff": 178.0, "epoch": 7, "trainer/global_step": 0, "_wandb": {"runtime": 133}}