{"test/conf_matrix": {"_type": "image-file", "sha256": "7200ae282faf636a4507ad1b8f991858854d36fa0a28d3eaeb7fee7ddce03996", "size": 30281, "path": "media/images/test/conf_matrix_0_7200ae282faf636a4507.png", "format": "png", "width": 1000, "height": 1000}, "_timestamp": 1661429122.9593863, "_runtime": 91.3074803352356, "_step": 1, "test/loss": 1.9362478256225586, "test/origin_acc": 0.5440806150436401, "test/new_acc": 0.505037784576416, "test/f1_macro": 0.37994247674942017, "test/wqKappa": 0.4649509787559509, "test/cnt_diff": 407.0, "test/cnt_correct_diff": 130.0, "epoch": 11, "trainer/global_step": 0, "_wandb": {"runtime": 90}}