{"test/conf_matrix": {"_type": "image-file", "sha256": "d56ea23390769a2a3704c792db25760c8719b38f1a9707ba5d86a90c050a499c", "size": 30521, "path": "media/images/test/conf_matrix_0_d56ea23390769a2a3704.png", "format": "png", "width": 1000, "height": 1000}, "_timestamp": 1660153696.442107, "_runtime": 630.7549200057983, "_step": 1, "test/loss": 0.34628796577453613, "test/origin_acc": 0.8710532188415527, "test/new_acc": 0.8711636066436768, "test/f1_macro": 0.7886534929275513, "test/wqKappa": 0.9283105731010437, "test/cnt_diff": 32.0, "test/cnt_correct_diff": 11.0, "epoch": 1, "trainer/global_step": 0, "_wandb": {"runtime": 631}}