{"test/conf_matrix": {"_type": "image-file", "sha256": "8925d0616c82188f38a33b71cf13ad112d8585fc21be44e71237cc44aba001be", "size": 31029, "path": "media/images/test/conf_matrix_0_8925d0616c82188f38a3.png", "format": "png", "width": 1000, "height": 1000}, "_timestamp": 1661441250.329859, "_runtime": 152.68352508544922, "_step": 1, "test/loss": 2.620410442352295, "test/origin_acc": 0.250629723072052, "test/new_acc": 0.2802267074584961, "test/f1_macro": 0.24131087958812714, "test/wqKappa": -0.34880387783050537, "test/cnt_diff": 774.0, "test/cnt_correct_diff": 199.0, "epoch": 0, "trainer/global_step": 0, "_wandb": {"runtime": 152}}