{"test/conf_matrix": {"_type": "image-file", "sha256": "bb906382614df8aa139f46cf719d92fe5e7d2230eecae65e7eeb9cd9b092f213", "size": 31394, "path": "media/images/test/conf_matrix_0_bb906382614df8aa139f.png", "format": "png", "width": 1000, "height": 1000}, "_timestamp": 1660303946.7357674, "_runtime": 695.7689383029938, "_step": 1, "test/loss": 0.6168479919433594, "test/origin_acc": 0.7463871836662292, "test/new_acc": 0.7447991371154785, "test/f1_macro": 0.6987851858139038, "test/wqKappa": 0.6840412020683289, "test/cnt_diff": 27.0, "test/cnt_correct_diff": 7.0, "epoch": 5, "trainer/global_step": 0, "_wandb": {"runtime": 697}}