{"test/conf_matrix": {"_type": "image-file", "sha256": "55f05a1fb8339a70fe81f4d87d6931c89485220eac40b4683a48ead3344e93ff", "size": 30642, "path": "media/images/test/conf_matrix_0_55f05a1fb8339a70fe81.png", "format": "png", "width": 1000, "height": 1000}, "_timestamp": 1661426326.155823, "_runtime": 347.5225830078125, "_step": 1, "test/loss": 1.9362478256225586, "test/origin_acc": 0.5440806150436401, "test/new_acc": 0.511964738368988, "test/f1_macro": 0.3729296326637268, "test/wqKappa": 0.4703108072280884, "test/cnt_diff": 337.0, "test/cnt_correct_diff": 106.0, "epoch": 11, "trainer/global_step": 0, "_wandb": {"runtime": 347}}