{"test/conf_matrix": {"_type": "image-file", "sha256": "7eb3515025b721191354d0bedd89b262a7d19db53a71b57f6415aeb20fd02672", "size": 27051, "path": "media/images/test/conf_matrix_0_7eb3515025b721191354.png", "format": "png", "width": 1000, "height": 1000}, "_timestamp": 1661333352.057567, "_runtime": 111.68036389350891, "_step": 1, "test/loss": 0.32888326048851013, "test/origin_acc": 0.8652393221855164, "test/new_acc": 0.8658690452575684, "test/f1_macro": 0.82810378074646, "test/wqKappa": 0.9373940229415894, "test/cnt_diff": 4.0, "test/cnt_correct_diff": 2.0, "epoch": 4, "trainer/global_step": 0, "_wandb": {"runtime": 111}}