{"test/conf_matrix": {"_type": "image-file", "sha256": "02a42adf03e8c3b3c872eb5a50966d6c021777cea634fad65ae86dfce46900ed", "size": 26495, "path": "media/images/test/conf_matrix_0_02a42adf03e8c3b3c872.png", "format": "png", "width": 1000, "height": 1000}, "_timestamp": 1661344002.4960854, "_runtime": 349.12173438072205, "_step": 1, "test/loss": 0.3830234110355377, "test/origin_acc": 0.8283019065856934, "test/new_acc": 0.8276730179786682, "test/f1_macro": 0.7700912952423096, "test/wqKappa": 0.9209617376327515, "test/cnt_diff": 8.0, "test/cnt_correct_diff": 2.0, "epoch": 15, "trainer/global_step": 0, "_wandb": {"runtime": 349}}