{"test/conf_matrix": {"_type": "image-file", "sha256": "cd2626cb91aefd96d8ad5253f6337b1910f8c760fe4f5115f17bf42fff4d27c4", "size": 30954, "path": "media/images/test/conf_matrix_0_cd2626cb91aefd96d8ad.png", "format": "png", "width": 1000, "height": 1000}, "_timestamp": 1661453220.4633856, "_runtime": 142.70162868499756, "_step": 1, "test/loss": 0.8180785775184631, "test/origin_acc": 0.6161831021308899, "test/new_acc": 0.5888181328773499, "test/f1_macro": 0.5319091081619263, "test/wqKappa": 0.5101524591445923, "test/cnt_diff": 813.0, "test/cnt_correct_diff": 299.0, "epoch": 5, "trainer/global_step": 0, "_wandb": {"runtime": 142}}