{"test/conf_matrix": {"_type": "image-file", "sha256": "59f35af4cf728dfbd9f28427b0f80b1103e133d243ffded01ae75ee11c34642d", "size": 26634, "path": "media/images/test/conf_matrix_0_59f35af4cf728dfbd9f2.png", "format": "png", "width": 1000, "height": 1000}, "_timestamp": 1661934593.4702199, "_runtime": 138.69421696662903, "_step": 1, "test/loss": 0.31690359115600586, "test/origin_acc": 0.8740554451942444, "test/new_acc": 0.8734257221221924, "test/f1_macro": 0.8396390676498413, "test/wqKappa": 0.9395182728767395, "test/cnt_diff": 2.0, "test/cnt_correct_diff": 0.0, "epoch": 8, "trainer/global_step": 0, "_wandb": {"runtime": 138}}