{"test/conf_matrix": {"_type": "image-file", "sha256": "ecb465e2f2ad4cfec70ce18d8d08e14a8f37676f3c120581149957f45f65ef32", "size": 31065, "path": "media/images/test/conf_matrix_0_ecb465e2f2ad4cfec70c.png", "format": "png", "width": 1000, "height": 1000}, "_timestamp": 1660146212.006287, "_runtime": 344.1388690471649, "_step": 1, "test/loss": 0.6168479919433594, "test/origin_acc": 0.7463871836662292, "test/new_acc": 0.7436874508857727, "test/f1_macro": 0.6988237500190735, "test/wqKappa": 0.6819255352020264, "test/cnt_diff": 50.0, "test/cnt_correct_diff": 13.0, "epoch": 5, "trainer/global_step": 0, "_wandb": {"runtime": 345}}