{"test/conf_matrix": {"_type": "image-file", "sha256": "5862d1383e43b1a550cf8d4fc96a5d4c33017be7588a8868aebfee34a7a70ecf", "size": 26853, "path": "media/images/test/conf_matrix_0_5862d1383e43b1a550cf.png", "format": "png", "width": 1000, "height": 1000}, "_timestamp": 1661354149.8786297, "_runtime": 387.1603307723999, "_step": 1, "test/loss": 0.3092154264450073, "test/origin_acc": 0.8753148317337036, "test/new_acc": 0.8696473836898804, "test/f1_macro": 0.8350433111190796, "test/wqKappa": 0.9374823570251465, "test/cnt_diff": 38.0, "test/cnt_correct_diff": 14.0, "epoch": 11, "trainer/global_step": 0, "_wandb": {"runtime": 387}}