{"test/conf_matrix": {"_type": "image-file", "sha256": "f1a01de835f7c509ecdea962fead450fda6544699593156c508fb25767b04ad0", "size": 26928, "path": "media/images/test/conf_matrix_0_f1a01de835f7c509ecde.png", "format": "png", "width": 1000, "height": 1000}, "_timestamp": 1661338524.32779, "_runtime": 74.21849703788757, "_step": 1, "test/loss": 0.36290663480758667, "test/origin_acc": 0.8465409278869629, "test/new_acc": 0.8389937281608582, "test/f1_macro": 0.8013949394226074, "test/wqKappa": 0.9238941073417664, "test/cnt_diff": 87.0, "test/cnt_correct_diff": 37.0, "epoch": 7, "trainer/global_step": 0, "_wandb": {"runtime": 73}}