{"test/conf_matrix": {"_type": "image-file", "sha256": "3aa63149f55753b4800618b5ff18eb1a4e1b7524185c548ba0407ecd02b4ce78", "size": 30371, "path": "media/images/test/conf_matrix_0_3aa63149f55753b48006.png", "format": "png", "width": 1000, "height": 1000}, "_timestamp": 1661440233.1005378, "_runtime": 298.7128438949585, "_step": 1, "test/loss": 0.9711070656776428, "test/origin_acc": 0.5501534342765808, "test/new_acc": 0.5855557918548584, "test/f1_macro": 0.5434473156929016, "test/wqKappa": 0.49845314025878906, "test/cnt_diff": 1020.0, "test/cnt_correct_diff": 380.0, "epoch": 2, "trainer/global_step": 0, "_wandb": {"runtime": 298}}