{"test/conf_matrix": {"_type": "image-file", "sha256": "2fb10434f633732755a41606d515986eca100a1b655d194e6813979e1ebc9223", "size": 31531, "path": "media/images/test/conf_matrix_0_2fb10434f633732755a4.png", "format": "png", "width": 1000, "height": 1000}, "_timestamp": 1661452593.7189019, "_runtime": 138.6761338710785, "_step": 1, "test/loss": 0.8180785775184631, "test/origin_acc": 0.6161831021308899, "test/new_acc": 0.6138240694999695, "test/f1_macro": 0.5543302893638611, "test/wqKappa": 0.527464747428894, "test/cnt_diff": 385.0, "test/cnt_correct_diff": 155.0, "epoch": 5, "trainer/global_step": 0, "_wandb": {"runtime": 138}}