{"test/conf_matrix": {"_type": "image-file", "sha256": "e59d651127a5acf575e24364741cc341efd5dcc64278c8d76155c4d7570a9bdb", "size": 28226, "path": "media/images/test/conf_matrix_0_e59d651127a5acf575e2.png", "format": "png", "width": 1000, "height": 1000}, "_timestamp": 1661408422.8379858, "_runtime": 142.6619577407837, "_step": 1, "test/loss": 0.5978809595108032, "test/origin_acc": 0.8170791268348694, "test/new_acc": 0.8098011016845703, "test/f1_macro": 0.6045577526092529, "test/wqKappa": 0.753030002117157, "test/cnt_diff": 105.0, "test/cnt_correct_diff": 38.0, "epoch": 12, "trainer/global_step": 0, "_wandb": {"runtime": 142}}