{"test/conf_matrix": {"_type": "image-file", "sha256": "30d4dea33d05b0354db0fbdb74883ce29206be0f430ceef52ca70a34019a16b0", "size": 30391, "path": "media/images/test/conf_matrix_0_30d4dea33d05b0354db0.png", "format": "png", "width": 1000, "height": 1000}, "_timestamp": 1661451037.8730164, "_runtime": 525.0549454689026, "_step": 1, "test/loss": 0.663868248462677, "test/origin_acc": 0.7158367037773132, "test/new_acc": 0.6983714699745178, "test/f1_macro": 0.6255893707275391, "test/wqKappa": 0.625353217124939, "test/cnt_diff": 518.0, "test/cnt_correct_diff": 207.0, "epoch": 3, "trainer/global_step": 0, "_wandb": {"runtime": 524}}