{"test/conf_matrix": {"_type": "image-file", "sha256": "4eac59408f6bb46d4a1b366e7068fd5744ba2b674b7a2a0414106f2b1e5a2e4a", "size": 30940, "path": "media/images/test/conf_matrix_0_4eac59408f6bb46d4a1b.png", "format": "png", "width": 1000, "height": 1000}, "_timestamp": 1661407951.201845, "_runtime": 173.061429977417, "_step": 1, "test/loss": 2.093094825744629, "test/origin_acc": 0.5560453534126282, "test/new_acc": 0.491813600063324, "test/f1_macro": 0.3630608022212982, "test/wqKappa": 0.4613003134727478, "test/cnt_diff": 776.0, "test/cnt_correct_diff": 260.0, "epoch": 11, "trainer/global_step": 0, "_wandb": {"runtime": 172}}