{"test/conf_matrix": {"_type": "image-file", "sha256": "c2480fc7e3cb9633ad595a259e03154f1a9f742d6f6e15592d30287b555f267a", "size": 28863, "path": "media/images/test/conf_matrix_0_c2480fc7e3cb9633ad59.png", "format": "png", "width": 1000, "height": 1000}, "_timestamp": 1661329484.751469, "_runtime": 107.35962295532227, "_step": 1, "test/loss": 0.46994638442993164, "test/origin_acc": 0.8075471520423889, "test/new_acc": 0.7308176159858704, "test/f1_macro": 0.7006024122238159, "test/wqKappa": 0.8688504099845886, "test/cnt_diff": 246.0, "test/cnt_correct_diff": 59.0, "epoch": 8, "trainer/global_step": 0, "_wandb": {"runtime": 105}}