{"test/conf_matrix": {"_type": "image-file", "sha256": "21b9cc522f6ed9675dbc054f30040e4525760b5f1114a37310627c59a839691a", "size": 27289, "path": "media/images/test/conf_matrix_0_21b9cc522f6ed9675dbc.png", "format": "png", "width": 1000, "height": 1000}, "_timestamp": 1661348638.0341983, "_runtime": 315.02117919921875, "_step": 1, "test/loss": 0.3830234110355377, "test/origin_acc": 0.8283019065856934, "test/new_acc": 0.7597484588623047, "test/f1_macro": 0.7331170439720154, "test/wqKappa": 0.8960484862327576, "test/cnt_diff": 260.0, "test/cnt_correct_diff": 73.0, "epoch": 15, "trainer/global_step": 0, "_wandb": {"runtime": 316}}