{"test/conf_matrix": {"_type": "image-file", "sha256": "b230d86ae593368f608fb8662255cff7c92bc8a601f36af77587b9e34534c1ea", "size": 30326, "path": "media/images/test/conf_matrix_0_b230d86ae593368f608f.png", "format": "png", "width": 1000, "height": 1000}, "_timestamp": 1661456625.1926255, "_runtime": 138.5293025970459, "_step": 1, "test/loss": 0.8598936796188354, "test/origin_acc": 0.5937721133232117, "test/new_acc": 0.6258552074432373, "test/f1_macro": 0.5532963275909424, "test/wqKappa": 0.5570746660232544, "test/cnt_diff": 850.0, "test/cnt_correct_diff": 428.0, "epoch": 1, "trainer/global_step": 0, "_wandb": {"runtime": 137}}