{"test/conf_matrix": {"_type": "image-file", "sha256": "311d2c72d9dabd1b3d19d1c2112800d9ed70686f3b2a5a63669251989d048012", "size": 26950, "path": "media/images/test/conf_matrix_0_311d2c72d9dabd1b3d19.png", "format": "png", "width": 1000, "height": 1000}, "_timestamp": 1661334261.3044076, "_runtime": 121.49640369415283, "_step": 1, "test/loss": 0.2952144742012024, "test/origin_acc": 0.8797228932380676, "test/new_acc": 0.8853904008865356, "test/f1_macro": 0.8515146970748901, "test/wqKappa": 0.9458435773849487, "test/cnt_diff": 58.0, "test/cnt_correct_diff": 33.0, "epoch": 12, "trainer/global_step": 0, "_wandb": {"runtime": 120}}