{"test/conf_matrix": {"_type": "image-file", "sha256": "ce04c8b815c536c456465a59ef1520963c5dd1e0b18a642b734bc57a07b12185", "size": 26383, "path": "media/images/test/conf_matrix_0_ce04c8b815c536c45646.png", "format": "png", "width": 1000, "height": 1000}, "_timestamp": 1661344917.4317982, "_runtime": 402.696227312088, "_step": 1, "test/loss": 0.31416085362434387, "test/origin_acc": 0.8702771067619324, "test/new_acc": 0.8614609837532043, "test/f1_macro": 0.8192163705825806, "test/wqKappa": 0.9352639317512512, "test/cnt_diff": 62.0, "test/cnt_correct_diff": 24.0, "epoch": 5, "trainer/global_step": 0, "_wandb": {"runtime": 402}}