{"test/conf_matrix": {"_type": "image-file", "sha256": "ed53bd07ddd1f3233ed00b81d1defe93928c177373a6ac6e3b5b2862bca57549", "size": 27379, "path": "media/images/test/conf_matrix_0_ed53bd07ddd1f3233ed0.png", "format": "png", "width": 1000, "height": 1000}, "_timestamp": 1661930597.9079828, "_runtime": 491.63130593299866, "_step": 1, "test/loss": 0.31758856773376465, "test/origin_acc": 0.8759445548057556, "test/new_acc": 0.5270780920982361, "test/f1_macro": 0.5060151815414429, "test/wqKappa": 0.8172231912612915, "test/cnt_diff": 712.0, "test/cnt_correct_diff": 60.0, "epoch": 4, "trainer/global_step": 0, "_wandb": {"runtime": 492}}