{"test/conf_matrix": {"_type": "image-file", "sha256": "1670a5582aa7b672a7f8967820cd7f6a4a01205db2ae25098c3c90a639866d55", "size": 26302, "path": "media/images/test/conf_matrix_0_1670a5582aa7b672a7f8.png", "format": "png", "width": 1000, "height": 1000}, "_timestamp": 1661367514.7225873, "_runtime": 258.5772063732147, "_step": 1, "test/loss": 0.3109378218650818, "test/origin_acc": 0.8709068298339844, "test/new_acc": 0.8721662759780884, "test/f1_macro": 0.8248662352561951, "test/wqKappa": 0.9404990673065186, "test/cnt_diff": 4.0, "test/cnt_correct_diff": 3.0, "epoch": 5, "trainer/global_step": 0, "_wandb": {"runtime": 259}}