{"test/conf_matrix": {"_type": "image-file", "sha256": "340c5a8529a1f92dcb24865343869caf46c9d049fe54655a5853954f05d039d9", "size": 25965, "path": "media/images/test/conf_matrix_0_340c5a8529a1f92dcb24.png", "format": "png", "width": 1000, "height": 1000}, "_timestamp": 1661508920.4783087, "_runtime": 80.48358678817749, "_step": 1, "test/loss": 0.31992873549461365, "test/origin_acc": 0.8715365529060364, "test/new_acc": 0.8715365529060364, "test/f1_macro": 0.8384408950805664, "test/wqKappa": 0.9362715482711792, "test/cnt_diff": 5.0, "test/cnt_correct_diff": 2.0, "epoch": 6, "trainer/global_step": 0, "_wandb": {"runtime": 80}}