{"test/conf_matrix": {"_type": "image-file", "sha256": "5a284d8b67b9da12715d99fd3363e5044611539ff4a0edc11c54d6603d992214", "size": 30510, "path": "media/images/test/conf_matrix_0_5a284d8b67b9da12715d.png", "format": "png", "width": 1000, "height": 1000}, "_timestamp": 1661422608.9070525, "_runtime": 325.8406355381012, "_step": 1, "test/loss": 2.3457894325256348, "test/origin_acc": 0.4401763081550598, "test/new_acc": 0.38853904604911804, "test/f1_macro": 0.28358662128448486, "test/wqKappa": 0.35359764099121094, "test/cnt_diff": 730.0, "test/cnt_correct_diff": 215.0, "epoch": 2, "trainer/global_step": 0, "_wandb": {"runtime": 325}}