{"test/conf_matrix": {"_type": "image-file", "sha256": "40d64e24edfa90b7cda178ec5102b2663408e51b17e387f71c7bd1939f7ffdf3", "size": 30180, "path": "media/images/test/conf_matrix_0_40d64e24edfa90b7cda1.png", "format": "png", "width": 1000, "height": 1000}, "_timestamp": 1661450492.9967701, "_runtime": 436.6825110912323, "_step": 1, "test/loss": 0.663868248462677, "test/origin_acc": 0.7158367037773132, "test/new_acc": 0.6978994607925415, "test/f1_macro": 0.6252139806747437, "test/wqKappa": 0.6250300407409668, "test/cnt_diff": 520.0, "test/cnt_correct_diff": 207.0, "epoch": 3, "trainer/global_step": 0, "_wandb": {"runtime": 436}}