{"test/conf_matrix": {"_type": "image-file", "sha256": "de3c3ebc6a561fb48de0e73ec8dff8dea21d6a652d8cbc202a1cc830c063fc69", "size": 27178, "path": "media/images/test/conf_matrix_0_de3c3ebc6a561fb48de0.png", "format": "png", "width": 1000, "height": 1000}, "_timestamp": 1661479369.6795342, "_runtime": 154.21208715438843, "_step": 1, "test/loss": 0.557793915271759, "test/origin_acc": 0.8131067752838135, "test/new_acc": 0.8048543930053711, "test/f1_macro": 0.6133416295051575, "test/wqKappa": 0.7645473480224609, "test/cnt_diff": 42.0, "test/cnt_correct_diff": 9.0, "epoch": 2, "trainer/global_step": 0, "_wandb": {"runtime": 153}}