{"test/conf_matrix": {"_type": "image-file", "sha256": "e651dea1f7cd81e4cd3de34db0afde6f45d589fda77c89c7929e45d43a5ed0b6", "size": 27198, "path": "media/images/test/conf_matrix_0_e651dea1f7cd81e4cd3d.png", "format": "png", "width": 1000, "height": 1000}, "_timestamp": 1660666134.8557014, "_runtime": 229.89720153808594, "_step": 1, "test/loss": 0.3087417483329773, "test/origin_acc": 0.8916876316070557, "test/new_acc": 0.8658690452575684, "test/f1_macro": 0.806908369064331, "test/wqKappa": 0.9323304891586304, "test/cnt_diff": 99.0, "test/cnt_correct_diff": 25.0, "epoch": 8, "trainer/global_step": 0, "_wandb": {"runtime": 230}}