{"test/conf_matrix": {"_type": "image-file", "sha256": "44b2c062bc962297e61d75d01859c827971dc7d51f669bd1970abcd9a5a5f161", "size": 29518, "path": "media/images/test/conf_matrix_0_44b2c062bc962297e61d.png", "format": "png", "width": 1000, "height": 1000}, "_timestamp": 1660296684.3400085, "_runtime": 266.3104875087738, "_step": 1, "test/loss": 0.8469985723495483, "test/origin_acc": 0.6933962106704712, "test/new_acc": 0.6933962106704712, "test/f1_macro": 0.625374436378479, "test/wqKappa": 0.6198670864105225, "test/cnt_diff": 55.0, "test/cnt_correct_diff": 24.0, "epoch": 7, "trainer/global_step": 0, "_wandb": {"runtime": 267}}