{"test/conf_matrix": {"_type": "image-file", "sha256": "d984264da4b310f65c5cad5e3976d3cfe68ee21b52b60a602ffcf42d51c3fb12", "size": 27410, "path": "media/images/test/conf_matrix_0_d984264da4b310f65c5c.png", "format": "png", "width": 1000, "height": 1000}, "_timestamp": 1661338855.7883072, "_runtime": 79.53451609611511, "_step": 1, "test/loss": 0.3532443344593048, "test/origin_acc": 0.8658690452575684, "test/new_acc": 0.8620907068252563, "test/f1_macro": 0.8274532556533813, "test/wqKappa": 0.9314083456993103, "test/cnt_diff": 7.0, "test/cnt_correct_diff": 0.0, "epoch": 17, "trainer/global_step": 0, "_wandb": {"runtime": 79}}