{"test/conf_matrix": {"_type": "image-file", "sha256": "a901251581345b8c4a70e526f7834d4d49838b15eabb5781539cbcd2723e2037", "size": 29506, "path": "media/images/test/conf_matrix_0_a901251581345b8c4a70.png", "format": "png", "width": 1000, "height": 1000}, "_timestamp": 1660312572.8250413, "_runtime": 434.98481822013855, "_step": 1, "test/loss": 0.3462877571582794, "test/origin_acc": 0.8710532188415527, "test/new_acc": 0.8710532188415527, "test/f1_macro": 0.7890509366989136, "test/wqKappa": 0.928429365158081, "test/cnt_diff": 74.0, "test/cnt_correct_diff": 32.0, "epoch": 1, "trainer/global_step": 0, "_wandb": {"runtime": 434}}