{"test/conf_matrix": {"_type": "image-file", "sha256": "b0871dc279d2662af9df49e639c0435c0575de32efb9f2157896a8c4b164dfbe", "size": 26599, "path": "media/images/test/conf_matrix_0_b0871dc279d2662af9df.png", "format": "png", "width": 1000, "height": 1000}, "_timestamp": 1661481003.8137739, "_runtime": 146.9288728237152, "_step": 1, "test/loss": 0.5137186646461487, "test/origin_acc": 0.8466019630432129, "test/new_acc": 0.8461164832115173, "test/f1_macro": 0.6369268894195557, "test/wqKappa": 0.8060590624809265, "test/cnt_diff": 14.0, "test/cnt_correct_diff": 6.0, "epoch": 10, "trainer/global_step": 0, "_wandb": {"runtime": 146}}