{"test/conf_matrix": {"_type": "image-file", "sha256": "378853c205627afe2e70ee37377d3dc4f43281da4c5f733adff68b1bedbc8240", "size": 27093, "path": "media/images/test/conf_matrix_0_378853c205627afe2e70.png", "format": "png", "width": 1000, "height": 1000}, "_timestamp": 1661336973.2986786, "_runtime": 72.70442461967468, "_step": 1, "test/loss": 0.36290663480758667, "test/origin_acc": 0.8465409278869629, "test/new_acc": 0.8389937281608582, "test/f1_macro": 0.8020533323287964, "test/wqKappa": 0.9239944815635681, "test/cnt_diff": 91.0, "test/cnt_correct_diff": 39.0, "epoch": 7, "trainer/global_step": 0, "_wandb": {"runtime": 72}}