{"test/conf_matrix": {"_type": "image-file", "sha256": "4b1a7c2f0a315fe12729742bc1179e057b85de69fce80a16c25e3eacdfe4cc9b", "size": 27090, "path": "media/images/test/conf_matrix_0_4b1a7c2f0a315fe12729.png", "format": "png", "width": 1000, "height": 1000}, "_timestamp": 1658902285, "_runtime": 579, "_step": 1, "test/loss": 0.6044451594352722, "test/origin_acc": 0.8281553983688354, "test/new_acc": 0.8276699185371399, "test/f1_macro": 0.6232744455337524, "test/wqKappa": 0.7663960456848145, "test/cnt_diff": 23.0, "test/cnt_correct_diff": 8.0, "epoch": 7, "trainer/global_step": 0, "_wandb": {"runtime": 582}}