{"test/conf_matrix": {"_type": "image-file", "sha256": "662601bdf1aefe3a6ba14e7264172af064ec7ae59cdb3c155898ad216af674ad", "size": 30931, "path": "media/images/test/conf_matrix_0_662601bdf1aefe3a6ba1.png", "format": "png", "width": 1000, "height": 1000}, "_timestamp": 1661445949.7097666, "_runtime": 146.34503960609436, "_step": 1, "test/loss": 2.620410442352295, "test/origin_acc": 0.250629723072052, "test/new_acc": 0.2777078151702881, "test/f1_macro": 0.23865966498851776, "test/wqKappa": -0.34873855113983154, "test/cnt_diff": 782.0, "test/cnt_correct_diff": 199.0, "epoch": 0, "trainer/global_step": 0, "_wandb": {"runtime": 146}}