{"test/conf_matrix": {"_type": "image-file", "sha256": "a1759bc8ff262f08b3bb6e0c63c2442aed806f28349bba2c88c06577ea00a75e", "size": 27082, "path": "media/images/test/conf_matrix_0_a1759bc8ff262f08b3bb.png", "format": "png", "width": 1000, "height": 1000}, "_timestamp": 1661505286.596398, "_runtime": 84.46348023414612, "_step": 1, "test/loss": 0.373489111661911, "test/origin_acc": 0.8482367992401123, "test/new_acc": 0.8507556915283203, "test/f1_macro": 0.8166915774345398, "test/wqKappa": 0.9322909116744995, "test/cnt_diff": 7.0, "test/cnt_correct_diff": 5.0, "epoch": 7, "trainer/global_step": 0, "_wandb": {"runtime": 84}}