{"test/conf_matrix": {"_type": "image-file", "sha256": "7a92d8150a4a36f26458360d256c2413465b35d223d4bcd98d8619dd09224454", "size": 26766, "path": "media/images/test/conf_matrix_0_7a92d8150a4a36f26458.png", "format": "png", "width": 1000, "height": 1000}, "_timestamp": 1661479191.8570113, "_runtime": 131.4347972869873, "_step": 1, "test/loss": 0.557793915271759, "test/origin_acc": 0.8131067752838135, "test/new_acc": 0.8009708523750305, "test/f1_macro": 0.6094729900360107, "test/wqKappa": 0.7603937983512878, "test/cnt_diff": 57.0, "test/cnt_correct_diff": 12.0, "epoch": 2, "trainer/global_step": 0, "_wandb": {"runtime": 131}}