{"test/conf_matrix": {"_type": "image-file", "sha256": "423743936f89503437997c8ee83a4605346d70e9e32298ca627e8d83c5cc1bd0", "size": 30216, "path": "media/images/test/conf_matrix_0_423743936f8950343799.png", "format": "png", "width": 1000, "height": 1000}, "_timestamp": 1661423821.2653508, "_runtime": 266.9988977909088, "_step": 1, "test/loss": 2.3457894325256348, "test/origin_acc": 0.4401763081550598, "test/new_acc": 0.4357682764530182, "test/f1_macro": 0.2967261075973511, "test/wqKappa": 0.3616928458213806, "test/cnt_diff": 332.0, "test/cnt_correct_diff": 118.0, "epoch": 2, "trainer/global_step": 0, "_wandb": {"runtime": 266}}