{"test/conf_matrix": {"_type": "image-file", "sha256": "51f667c3b47c38fe97870d9290954c4db6830f3a286c1f240ac6cecd5d3d6436", "size": 31275, "path": "media/images/test/conf_matrix_0_51f667c3b47c38fe9787.png", "format": "png", "width": 1000, "height": 1000}, "_timestamp": 1661422007.4214857, "_runtime": 304.7576365470886, "_step": 1, "test/loss": 2.3457894325256348, "test/origin_acc": 0.4401763081550598, "test/new_acc": 0.36586901545524597, "test/f1_macro": 0.2698976993560791, "test/wqKappa": 0.35279905796051025, "test/cnt_diff": 872.0, "test/cnt_correct_diff": 252.0, "epoch": 2, "trainer/global_step": 0, "_wandb": {"runtime": 305}}