{"test/conf_matrix": {"_type": "image-file", "sha256": "e1a1aa5b22e52c827e618971afb910ed432cab56e0452f4aa906b332db8adce1", "size": 30401, "path": "media/images/test/conf_matrix_0_e1a1aa5b22e52c827e61.png", "format": "png", "width": 1000, "height": 1000}, "_timestamp": 1661449498.6218476, "_runtime": 461.96818256378174, "_step": 1, "test/loss": 0.663868248462677, "test/origin_acc": 0.7158367037773132, "test/new_acc": 0.6962473392486572, "test/f1_macro": 0.6244577765464783, "test/wqKappa": 0.6250287294387817, "test/cnt_diff": 533.0, "test/cnt_correct_diff": 210.0, "epoch": 3, "trainer/global_step": 0, "_wandb": {"runtime": 461}}