{"test/conf_matrix": {"_type": "image-file", "sha256": "84918824aea202b22960cf675f63fdb3bb4f2ed153b8091bd3f7644f00415e05", "size": 30659, "path": "media/images/test/conf_matrix_0_84918824aea202b22960.png", "format": "png", "width": 1000, "height": 1000}, "_timestamp": 1661460135.9896805, "_runtime": 130.80771851539612, "_step": 1, "test/loss": 0.7218735218048096, "test/origin_acc": 0.6959188580513, "test/new_acc": 0.6919084787368774, "test/f1_macro": 0.601204514503479, "test/wqKappa": 0.6147613525390625, "test/cnt_diff": 415.0, "test/cnt_correct_diff": 191.0, "epoch": 7, "trainer/global_step": 0, "_wandb": {"runtime": 130}}