{"test/conf_matrix": {"_type": "image-file", "sha256": "873d53ada004233ecd8434dfb8fbe6cd8e79f2c4e87d7a05ecb2d98a99d192c3", "size": 28836, "path": "media/images/test/conf_matrix_0_873d53ada004233ecd84.png", "format": "png", "width": 1000, "height": 1000}, "_timestamp": 1661915842.2744834, "_runtime": 644.4804224967957, "_step": 1, "test/loss": 0.5303965210914612, "test/origin_acc": 0.7884131073951721, "test/new_acc": 0.5673803687095642, "test/f1_macro": 0.49737823009490967, "test/wqKappa": 0.7751466035842896, "test/cnt_diff": 561.0, "test/cnt_correct_diff": 77.0, "epoch": 8, "trainer/global_step": 0, "_wandb": {"runtime": 644}}