{"test/conf_matrix": {"_type": "image-file", "sha256": "84f423a682e34929f2eddb43d9d2c72254fd79db7083e8a39191abd886ab1cfa", "size": 29956, "path": "media/images/test/conf_matrix_0_84f423a682e34929f2ed.png", "format": "png", "width": 1000, "height": 1000}, "_timestamp": 1661443647.8773742, "_runtime": 409.34814715385437, "_step": 1, "test/loss": 0.714397668838501, "test/origin_acc": 0.6908189654350281, "test/new_acc": 0.7021477222442627, "test/f1_macro": 0.5777772665023804, "test/wqKappa": 0.5900486707687378, "test/cnt_diff": 284.0, "test/cnt_correct_diff": 154.0, "epoch": 3, "trainer/global_step": 0, "_wandb": {"runtime": 409}}