{"test/conf_matrix": {"_type": "image-file", "sha256": "c024790bfc9bf756e3ffa4d9c26cb8a8cd40c4aca297533d366e4a37dd6822fe", "size": 27581, "path": "media/images/test/conf_matrix_0_c024790bfc9bf756e3ff.png", "format": "png", "width": 1000, "height": 1000}, "_timestamp": 1661506225.6265364, "_runtime": 81.34952139854431, "_step": 1, "test/loss": 0.373489111661911, "test/origin_acc": 0.8482367992401123, "test/new_acc": 0.8463476300239563, "test/f1_macro": 0.8138830661773682, "test/wqKappa": 0.9301239848136902, "test/cnt_diff": 30.0, "test/cnt_correct_diff": 13.0, "epoch": 7, "trainer/global_step": 0, "_wandb": {"runtime": 80}}