{"test/conf_matrix": {"_type": "image-file", "sha256": "c815a98ad3a79bd384d84a73be251b28369b70b082df67b854a134b9d6fb48e9", "size": 27725, "path": "media/images/test/conf_matrix_0_c815a98ad3a79bd384d8.png", "format": "png", "width": 1000, "height": 1000}, "_timestamp": 1660716907.251748, "_runtime": 184.91643500328064, "_step": 1, "test/loss": 0.5653321146965027, "test/origin_acc": 0.8330907821655273, "test/new_acc": 0.8326055407524109, "test/f1_macro": 0.6308848857879639, "test/wqKappa": 0.7751590609550476, "test/cnt_diff": 3.0, "test/cnt_correct_diff": 0.0, "epoch": 12, "trainer/global_step": 0, "_wandb": {"runtime": 185}}