{"test/conf_matrix": {"_type": "image-file", "sha256": "00b235d7c09d2639962e3521776af9c003a7fc91a152c32bf77124d2b0f51272", "size": 29957, "path": "media/images/test/conf_matrix_0_00b235d7c09d2639962e.png", "format": "png", "width": 1000, "height": 1000}, "_timestamp": 1661455231.5934143, "_runtime": 232.69220423698425, "_step": 1, "test/loss": 0.663868248462677, "test/origin_acc": 0.7158367037773132, "test/new_acc": 0.7097002863883972, "test/f1_macro": 0.6288629770278931, "test/wqKappa": 0.6275542974472046, "test/cnt_diff": 404.0, "test/cnt_correct_diff": 176.0, "epoch": 3, "trainer/global_step": 0, "_wandb": {"runtime": 232}}