{"test/conf_matrix": {"_type": "image-file", "sha256": "95de79076010d266cecb88440aa014d029c6c7438f3db8725e6a67cbb8e43121", "size": 29768, "path": "media/images/test/conf_matrix_0_95de79076010d266cecb.png", "format": "png", "width": 1000, "height": 1000}, "_timestamp": 1661435035.7884896, "_runtime": 134.62759852409363, "_step": 1, "test/loss": 2.1025230884552, "test/origin_acc": 0.5195214152336121, "test/new_acc": 0.5415617227554321, "test/f1_macro": 0.3622962236404419, "test/wqKappa": 0.5598724484443665, "test/cnt_diff": 102.0, "test/cnt_correct_diff": 55.0, "epoch": 8, "trainer/global_step": 0, "_wandb": {"runtime": 134}}