{"test/conf_matrix": {"_type": "image-file", "sha256": "abf151eb3b8fd150a2f791cbe4cadc329c7110d424d5dee21b54f0eda52cda4d", "size": 30094, "path": "media/images/test/conf_matrix_0_abf151eb3b8fd150a2f7.png", "format": "png", "width": 1000, "height": 1000}, "_timestamp": 1658761177, "_runtime": 1292, "_step": 1, "test/loss": 0.7740350365638733, "test/origin_acc": 0.6854648590087891, "test/new_acc": 0.6864086985588074, "test/f1_macro": 0.6062796115875244, "test/wqKappa": 0.573033332824707, "epoch": 4, "trainer/global_step": 0, "_wandb": {"runtime": 1293}}