{"test/conf_matrix": {"_type": "image-file", "sha256": "009da1656c3076cb26e30de6a362414403e9ed01b31c20da34a39c7e4fac1968", "size": 29963, "path": "media/images/test/conf_matrix_0_009da1656c3076cb26e3.png", "format": "png", "width": 1000, "height": 1000}, "_timestamp": 1661417566.4473407, "_runtime": 393.419716835022, "_step": 1, "test/loss": 1.5902985334396362, "test/origin_acc": 0.6070529222488403, "test/new_acc": 0.5812342762947083, "test/f1_macro": 0.40616121888160706, "test/wqKappa": 0.5128893852233887, "test/cnt_diff": 176.0, "test/cnt_correct_diff": 44.0, "epoch": 5, "trainer/global_step": 0, "_wandb": {"runtime": 392}}