{"test/conf_matrix": {"_type": "image-file", "sha256": "7e9fb184e9915655b626bdcbba1ccd37e5a60f63a580ee04169a70e8c7119c33", "size": 26817, "path": "media/images/test/conf_matrix_0_7e9fb184e9915655b626.png", "format": "png", "width": 1000, "height": 1000}, "_timestamp": 1661883538.4853861, "_runtime": 228.82316613197327, "_step": 1, "test/loss": 0.37694475054740906, "test/origin_acc": 0.8394206762313843, "test/new_acc": 0.8318639993667603, "test/f1_macro": 0.7940367460250854, "test/wqKappa": 0.9216124415397644, "test/cnt_diff": 46.0, "test/cnt_correct_diff": 17.0, "epoch": 2, "trainer/global_step": 0, "_wandb": {"runtime": 228}}