{"test/conf_matrix": {"_type": "image-file", "sha256": "46d92467fb00878aee68a076b8aa2d897143c9ad24c0c1db58c0841ff56f9d04", "size": 30134, "path": "media/images/test/conf_matrix_0_46d92467fb00878aee68.png", "format": "png", "width": 1000, "height": 1000}, "_timestamp": 1658788512, "_runtime": 618, "_step": 1, "test/loss": 0.7740350365638733, "test/origin_acc": 0.6854648590087891, "test/new_acc": 0.6857007741928101, "test/f1_macro": 0.6039700508117676, "test/wqKappa": 0.5711365342140198, "epoch": 4, "trainer/global_step": 0, "_wandb": {"runtime": 620}}