{"test/conf_matrix": {"_type": "image-file", "sha256": "25ae0c74ed346920e67546227ec592c867818563186d87fb3295cb6d568308a1", "size": 27119, "path": "media/images/test/conf_matrix_0_25ae0c74ed346920e675.png", "format": "png", "width": 1000, "height": 1000}, "_timestamp": 1661327957.2042754, "_runtime": 106.83690237998962, "_step": 1, "test/loss": 0.35823777318000793, "test/origin_acc": 0.8526448607444763, "test/new_acc": 0.8551637530326843, "test/f1_macro": 0.8226307034492493, "test/wqKappa": 0.9318251013755798, "test/cnt_diff": 31.0, "test/cnt_correct_diff": 17.0, "epoch": 5, "trainer/global_step": 0, "_wandb": {"runtime": 106}}