{"test/conf_matrix": {"_type": "image-file", "sha256": "4cf98647533f6afded87564a0476880b9c40c5cdf1aacb027e6d2aa4e5b4b3d9", "size": 26965, "path": "media/images/test/conf_matrix_0_4cf98647533f6afded87.png", "format": "png", "width": 1000, "height": 1000}, "_timestamp": 1661331448.2967706, "_runtime": 200.60252451896667, "_step": 1, "test/loss": 0.32888326048851013, "test/origin_acc": 0.8652393221855164, "test/new_acc": 0.8387909531593323, "test/f1_macro": 0.7990870475769043, "test/wqKappa": 0.9274970293045044, "test/cnt_diff": 134.0, "test/cnt_correct_diff": 45.0, "epoch": 4, "trainer/global_step": 0, "_wandb": {"runtime": 200}}