{"test/conf_matrix": {"_type": "image-file", "sha256": "d81afb9b0166c406ca65f3eb89cfd4dbd6f7d61383ae8aed2b80c49c9c0150a7", "size": 30908, "path": "media/images/test/conf_matrix_0_d81afb9b0166c406ca65.png", "format": "png", "width": 1000, "height": 1000}, "_timestamp": 1661459192.761262, "_runtime": 145.64508986473083, "_step": 1, "test/loss": 0.7218735218048096, "test/origin_acc": 0.6959188580513, "test/new_acc": 0.689785361289978, "test/f1_macro": 0.6057412028312683, "test/wqKappa": 0.6217027902603149, "test/cnt_diff": 475.0, "test/cnt_correct_diff": 216.0, "epoch": 7, "trainer/global_step": 0, "_wandb": {"runtime": 145}}