{"test/conf_matrix": {"_type": "image-file", "sha256": "9d77b80c1eb207bae9f83069f01bc293198aabb2f8b6b69a3836930430e1ac19", "size": 29992, "path": "media/images/test/conf_matrix_0_9d77b80c1eb207bae9f8.png", "format": "png", "width": 1000, "height": 1000}, "_timestamp": 1661426731.0423756, "_runtime": 244.1842396259308, "_step": 1, "test/loss": 2.3457894325256348, "test/origin_acc": 0.4401763081550598, "test/new_acc": 0.39042821526527405, "test/f1_macro": 0.28127798438072205, "test/wqKappa": 0.34340256452560425, "test/cnt_diff": 677.0, "test/cnt_correct_diff": 195.0, "epoch": 2, "trainer/global_step": 0, "_wandb": {"runtime": 243}}