{"test/conf_matrix": {"_type": "image-file", "sha256": "3f1bda18748ec679054efd5051f0828080aea31ab9cc1472b18dcfdb23e28402", "size": 28776, "path": "media/images/test/conf_matrix_0_3f1bda18748ec679054e.png", "format": "png", "width": 1000, "height": 1000}, "_timestamp": 1661408849.9389377, "_runtime": 148.79550766944885, "_step": 1, "test/loss": 0.6313098073005676, "test/origin_acc": 0.7738962173461914, "test/new_acc": 0.7176128029823303, "test/f1_macro": 0.5167354345321655, "test/wqKappa": 0.6323897838592529, "test/cnt_diff": 270.0, "test/cnt_correct_diff": 59.0, "epoch": 2, "trainer/global_step": 0, "_wandb": {"runtime": 149}}