{"test/conf_matrix": {"_type": "image-file", "sha256": "6dd798c8c49200b8eb9e2de322d7ac0dda27cb9387f3ae964a001137010791ab", "size": 26783, "path": "media/images/test/conf_matrix_0_6dd798c8c49200b8eb9e.png", "format": "png", "width": 1000, "height": 1000}, "_timestamp": 1661881386.9424398, "_runtime": 234.04331278800964, "_step": 1, "test/loss": 0.37694475054740906, "test/origin_acc": 0.8394206762313843, "test/new_acc": 0.8394206762313843, "test/f1_macro": 0.8043259382247925, "test/wqKappa": 0.924938440322876, "test/cnt_diff": 18.0, "test/cnt_correct_diff": 9.0, "epoch": 2, "trainer/global_step": 0, "_wandb": {"runtime": 233}}