{"test/conf_matrix": {"_type": "image-file", "sha256": "ff8d59ca13ad760e6e5bfd3d91d017ae2314db888f84e72207d17745fc577a50", "size": 28441, "path": "media/images/test/conf_matrix_0_ff8d59ca13ad760e6e5b.png", "format": "png", "width": 1000, "height": 1000}, "_timestamp": 1661407431.024078, "_runtime": 99.48731398582458, "_step": 1, "test/loss": 0.5978809595108032, "test/origin_acc": 0.8170791268348694, "test/new_acc": 0.8073750734329224, "test/f1_macro": 0.6065055131912231, "test/wqKappa": 0.7464081645011902, "test/cnt_diff": 38.0, "test/cnt_correct_diff": 4.0, "epoch": 12, "trainer/global_step": 0, "_wandb": {"runtime": 99}}