{"test/conf_matrix": {"_type": "image-file", "sha256": "9399f047bcac5a68def2543a5741d09bf3ba2a52b40360cd969b9085d39da4be", "size": 27494, "path": "media/images/test/conf_matrix_0_9399f047bcac5a68def2.png", "format": "png", "width": 1000, "height": 1000}, "_timestamp": 1658865065, "_runtime": 349, "_step": 1, "test/loss": 0.6044451594352722, "test/origin_acc": 0.8281553983688354, "test/new_acc": 0.8281553983688354, "test/f1_macro": 0.6220071315765381, "test/wqKappa": 0.7628908157348633, "test/cnt_diff": 11.0, "test/cnt_correct_diff": 4.0, "epoch": 7, "trainer/global_step": 0, "_wandb": {"runtime": 350}}