{"test/conf_matrix": {"_type": "image-file", "sha256": "2fc393dd51ab782b395b1a11080578d6abdcbf330775721bf30caada0bc13403", "size": 31448, "path": "media/images/test/conf_matrix_0_2fc393dd51ab782b395b.png", "format": "png", "width": 1000, "height": 1000}, "_timestamp": 1661442759.389733, "_runtime": 156.28610014915466, "_step": 1, "test/loss": 2.620410442352295, "test/origin_acc": 0.250629723072052, "test/new_acc": 0.29282116889953613, "test/f1_macro": 0.2549121081829071, "test/wqKappa": -0.3640623092651367, "test/cnt_diff": 582.0, "test/cnt_correct_diff": 152.0, "epoch": 0, "trainer/global_step": 0, "_wandb": {"runtime": 156}}