{"test/conf_matrix": {"_type": "image-file", "sha256": "4281c4b6705415aa0e8eef7b085610f2e046b4ec2dd24415801d3e96893f21f0", "size": 30347, "path": "media/images/test/conf_matrix_0_4281c4b6705415aa0e8e.png", "format": "png", "width": 1000, "height": 1000}, "_timestamp": 1661424925.9079852, "_runtime": 372.8864092826843, "_step": 1, "test/loss": 1.9362478256225586, "test/origin_acc": 0.5440806150436401, "test/new_acc": 0.48866498470306396, "test/f1_macro": 0.37804296612739563, "test/wqKappa": 0.4625008702278137, "test/cnt_diff": 506.0, "test/cnt_correct_diff": 161.0, "epoch": 11, "trainer/global_step": 0, "_wandb": {"runtime": 372}}