{"test/conf_matrix": {"_type": "image-file", "sha256": "97e6c60280e92ba16f62766304ff129e292649db1eb454c5a6131e2dd85d869f", "size": 25413, "path": "media/images/test/conf_matrix_0_97e6c60280e92ba16f62.png", "format": "png", "width": 1000, "height": 1000}, "_timestamp": 1660140021.198429, "_runtime": 223.57672905921936, "_step": 1, "test/loss": 0.3087417483329773, "test/origin_acc": 0.8916876316070557, "test/new_acc": 0.8885390162467957, "test/f1_macro": 0.850773811340332, "test/wqKappa": 0.9460340738296509, "test/cnt_diff": 7.0, "test/cnt_correct_diff": 1.0, "epoch": 8, "trainer/global_step": 0, "_wandb": {"runtime": 225}}