{"test/conf_matrix": {"_type": "image-file", "sha256": "28176dc93d9d244e21602cd898816a368f0c8bb361c9748e47399f5b8482865e", "size": 28005, "path": "media/images/test/conf_matrix_0_28176dc93d9d244e2160.png", "format": "png", "width": 1000, "height": 1000}, "_timestamp": 1661403486.1388223, "_runtime": 175.67031121253967, "_step": 1, "test/loss": 0.6740458607673645, "test/origin_acc": 0.7850558757781982, "test/new_acc": 0.7865114808082581, "test/f1_macro": 0.5740861892700195, "test/wqKappa": 0.6999894976615906, "test/cnt_diff": 40.0, "test/cnt_correct_diff": 20.0, "epoch": 10, "trainer/global_step": 0, "_wandb": {"runtime": 175}}