{"test/conf_matrix": {"_type": "image-file", "sha256": "08c5546067867263efe03404dc94a3d0f791f43d6f4c77e303cc850c8c8f2aac", "size": 27217, "path": "media/images/test/conf_matrix_0_08c5546067867263efe0.png", "format": "png", "width": 1000, "height": 1000}, "_timestamp": 1660660565.717972, "_runtime": 252.9975230693817, "_step": 1, "test/loss": 0.3087417483329773, "test/origin_acc": 0.8916876316070557, "test/new_acc": 0.8123425841331482, "test/f1_macro": 0.7462413311004639, "test/wqKappa": 0.9056227803230286, "test/cnt_diff": 202.0, "test/cnt_correct_diff": 29.0, "epoch": 8, "trainer/global_step": 0, "_wandb": {"runtime": 253}}