{"test/conf_matrix": {"_type": "image-file", "sha256": "3a8c664e72bb315f2e68424ac4c27b3c6876fd1ceb0105427a0ee70e53de9bea", "size": 25921, "path": "media/images/test/conf_matrix_0_3a8c664e72bb315f2e68.png", "format": "png", "width": 1000, "height": 1000}, "_timestamp": 1661508565.3504658, "_runtime": 80.36828684806824, "_step": 1, "test/loss": 0.31992873549461365, "test/origin_acc": 0.8715365529060364, "test/new_acc": 0.8740554451942444, "test/f1_macro": 0.8398313522338867, "test/wqKappa": 0.9381924867630005, "test/cnt_diff": 20.0, "test/cnt_correct_diff": 11.0, "epoch": 6, "trainer/global_step": 0, "_wandb": {"runtime": 80}}