{"test/conf_matrix": {"_type": "image-file", "sha256": "9256766c0508948c89b310a74bf560468905c4826ac63fe3363f44659d85fef5", "size": 27297, "path": "media/images/test/conf_matrix_0_9256766c0508948c89b3.png", "format": "png", "width": 1000, "height": 1000}, "_timestamp": 1660659931.4329236, "_runtime": 226.1089916229248, "_step": 1, "test/loss": 0.3087417483329773, "test/origin_acc": 0.8916876316070557, "test/new_acc": 0.7764483690261841, "test/f1_macro": 0.7050044536590576, "test/wqKappa": 0.8914104700088501, "test/cnt_diff": 271.0, "test/cnt_correct_diff": 33.0, "epoch": 8, "trainer/global_step": 0, "_wandb": {"runtime": 226}}