{"test/conf_matrix": {"_type": "image-file", "sha256": "e7758cea2a640350391c534c24a1604d8847d96255e809a2ba687915192488ec", "size": 26847, "path": "media/images/test/conf_matrix_0_e7758cea2a640350391c.png", "format": "png", "width": 1000, "height": 1000}, "_timestamp": 1661331216.180512, "_runtime": 189.19701600074768, "_step": 1, "test/loss": 0.32888326048851013, "test/origin_acc": 0.8652393221855164, "test/new_acc": 0.8369017839431763, "test/f1_macro": 0.7970603704452515, "test/wqKappa": 0.926691472530365, "test/cnt_diff": 137.0, "test/cnt_correct_diff": 45.0, "epoch": 4, "trainer/global_step": 0, "_wandb": {"runtime": 188}}