{"test/conf_matrix": {"_type": "image-file", "sha256": "71331fc33dbbd59f66e0b2829a4c29d0d4f45d148755d712a892bf98a111757d", "size": 27793, "path": "media/images/test/conf_matrix_0_71331fc33dbbd59f66e0.png", "format": "png", "width": 1000, "height": 1000}, "_timestamp": 1661404358.3338165, "_runtime": 170.12363743782043, "_step": 1, "test/loss": 0.6740458607673645, "test/origin_acc": 0.7850558757781982, "test/new_acc": 0.7894226908683777, "test/f1_macro": 0.5768424868583679, "test/wqKappa": 0.7049107551574707, "test/cnt_diff": 52.0, "test/cnt_correct_diff": 28.0, "epoch": 10, "trainer/global_step": 0, "_wandb": {"runtime": 170}}