{"test/loss": 1.7752760648727417, "test/acc": 0.4647355079650879, "test/f1_macro": 0.15861622989177704, "test/wqKappa": 0.0, "epoch": 1, "trainer/global_step": 0, "_timestamp": 1656338834, "_runtime": 97, "_step": 0, "_wandb": {"runtime": 98}}