{"test/conf_matrix": {"_type": "image-file", "sha256": "77fe6a875d2a3edc12cfeb5cc95c100cce3bc520821368d1d89d62312a062eb5", "size": 27257, "path": "media/images/test/conf_matrix_0_77fe6a875d2a3edc12cf.png", "format": "png", "width": 1000, "height": 1000}, "_timestamp": 1661894849.9907362, "_runtime": 152.53648233413696, "_step": 1, "test/loss": 0.32275402545928955, "test/origin_acc": 0.8633501529693604, "test/new_acc": 0.8639798760414124, "test/f1_macro": 0.8267785310745239, "test/wqKappa": 0.9325627088546753, "test/cnt_diff": 1.0, "test/cnt_correct_diff": 1.0, "epoch": 3, "trainer/global_step": 0, "_wandb": {"runtime": 153}}