{"test/conf_matrix": {"_type": "image-file", "sha256": "e71623c928df6b60823a0a481078cc3cab9606d1aa71bc345749708d8f134079", "size": 30210, "path": "media/images/test/conf_matrix_0_e71623c928df6b60823a.png", "format": "png", "width": 1000, "height": 1000}, "_timestamp": 1661456344.0893123, "_runtime": 237.49359726905823, "_step": 1, "test/loss": 0.663868248462677, "test/origin_acc": 0.7158367037773132, "test/new_acc": 0.698135495185852, "test/f1_macro": 0.6253436803817749, "test/wqKappa": 0.6252016425132751, "test/cnt_diff": 519.0, "test/cnt_correct_diff": 207.0, "epoch": 3, "trainer/global_step": 0, "_wandb": {"runtime": 237}}