{"test/conf_matrix": {"_type": "image-file", "sha256": "8dac3400fd7d33e4073695270f9378752a0c5a9b9aebde8937f5f67825b9e8b6", "size": 29613, "path": "media/images/test/conf_matrix_0_8dac3400fd7d33e40736.png", "format": "png", "width": 1000, "height": 1000}, "_timestamp": 1661439791.3362567, "_runtime": 273.99202585220337, "_step": 1, "test/loss": 0.6964133977890015, "test/origin_acc": 0.6936511397361755, "test/new_acc": 0.6924710869789124, "test/f1_macro": 0.5976084470748901, "test/wqKappa": 0.593583345413208, "test/cnt_diff": 120.0, "test/cnt_correct_diff": 48.0, "epoch": 8, "trainer/global_step": 0, "_wandb": {"runtime": 273}}