{"test/conf_matrix": {"_type": "image-file", "sha256": "0c3b271b326b231b790755fec1af8554ce4c29493ea4713a5a32f971185d30a0", "size": 28362, "path": "media/images/test/conf_matrix_0_0c3b271b326b231b7907.png", "format": "png", "width": 1000, "height": 1000}, "_timestamp": 1661425067.6907883, "_runtime": 243.18416023254395, "_step": 1, "test/loss": 0.5796024799346924, "test/origin_acc": 0.823871910572052, "test/new_acc": 0.8219311237335205, "test/f1_macro": 0.6069064140319824, "test/wqKappa": 0.737525224685669, "test/cnt_diff": 9.0, "test/cnt_correct_diff": 1.0, "epoch": 8, "trainer/global_step": 0, "_wandb": {"runtime": 242}}