{"test/conf_matrix": {"_type": "image-file", "sha256": "c7bc6c993208f18e07026d1425900a096a02de82ab28e1ab6112adff6100274d", "size": 29587, "path": "media/images/test/conf_matrix_0_c7bc6c993208f18e0702.png", "format": "png", "width": 1000, "height": 1000}, "_timestamp": 1661438367.81818, "_runtime": 139.6091091632843, "_step": 1, "test/loss": 2.1025230884552, "test/origin_acc": 0.5195214152336121, "test/new_acc": 0.5453400611877441, "test/f1_macro": 0.36655765771865845, "test/wqKappa": 0.5642192363739014, "test/cnt_diff": 108.0, "test/cnt_correct_diff": 61.0, "epoch": 8, "trainer/global_step": 0, "_wandb": {"runtime": 139}}