{"test/conf_matrix": {"_type": "image-file", "sha256": "c3aec2706642be2d924843d2095d7a28ac74d009b3ce04f0471b7138bc647753", "size": 26881, "path": "media/images/test/conf_matrix_0_c3aec2706642be2d9248.png", "format": "png", "width": 1000, "height": 1000}, "_timestamp": 1661893790.572754, "_runtime": 179.81498289108276, "_step": 1, "test/loss": 0.32275402545928955, "test/origin_acc": 0.8633501529693604, "test/new_acc": 0.8627204298973083, "test/f1_macro": 0.8244693279266357, "test/wqKappa": 0.931759238243103, "test/cnt_diff": 5.0, "test/cnt_correct_diff": 2.0, "epoch": 3, "trainer/global_step": 0, "_wandb": {"runtime": 180}}