{"test/conf_matrix": {"_type": "image-file", "sha256": "dc4c45a3e0c4cb693e19e2753fcf1002a46ff90b6a0bdd9276b0ed8c9056d769", "size": 30322, "path": "media/images/test/conf_matrix_0_dc4c45a3e0c4cb693e19.png", "format": "png", "width": 1000, "height": 1000}, "_timestamp": 1661457263.701171, "_runtime": 290.4772980213165, "_step": 1, "test/loss": 0.663868248462677, "test/origin_acc": 0.7158367037773132, "test/new_acc": 0.6960113048553467, "test/f1_macro": 0.6250419020652771, "test/wqKappa": 0.625835657119751, "test/cnt_diff": 540.0, "test/cnt_correct_diff": 213.0, "epoch": 3, "trainer/global_step": 0, "_wandb": {"runtime": 291}}