{"test/conf_matrix": {"_type": "image-file", "sha256": "f6d9458f2bd8259e6dc6e8761046920be68802132910deffd4f212042c75fb02", "size": 27551, "path": "media/images/test/conf_matrix_0_f6d9458f2bd8259e6dc6.png", "format": "png", "width": 1000, "height": 1000}, "_timestamp": 1661420032.9230626, "_runtime": 217.12457847595215, "_step": 1, "test/loss": 0.5568793416023254, "test/origin_acc": 0.8282387256622314, "test/new_acc": 0.8277535438537598, "test/f1_macro": 0.6238144636154175, "test/wqKappa": 0.7753573656082153, "test/cnt_diff": 50.0, "test/cnt_correct_diff": 22.0, "epoch": 8, "trainer/global_step": 0, "_wandb": {"runtime": 216}}