{"test/conf_matrix": {"_type": "image-file", "sha256": "2ab43e4f696e50d48a50fbfddac8699e23281c9644cb45a5f2e4fb24ccb3e9f5", "size": 30560, "path": "media/images/test/conf_matrix_0_2ab43e4f696e50d48a50.png", "format": "png", "width": 1000, "height": 1000}, "_timestamp": 1661439888.680832, "_runtime": 309.66846895217896, "_step": 1, "test/loss": 0.9711070656776428, "test/origin_acc": 0.5501534342765808, "test/new_acc": 0.5822516083717346, "test/f1_macro": 0.5427392721176147, "test/wqKappa": 0.49548137187957764, "test/cnt_diff": 1051.0, "test/cnt_correct_diff": 387.0, "epoch": 2, "trainer/global_step": 0, "_wandb": {"runtime": 309}}