{"test/conf_matrix": {"_type": "image-file", "sha256": "b7d00d4aa2e3bd87fe3633563a9580e33004bd536593949100a186a4c2938f25", "size": 29063, "path": "media/images/test/conf_matrix_0_b7d00d4aa2e3bd87fe36.png", "format": "png", "width": 1000, "height": 1000}, "_timestamp": 1661324952.322079, "_runtime": 79.12584590911865, "_step": 1, "test/loss": 0.5756698250770569, "test/origin_acc": 0.7811321020126343, "test/new_acc": 0.5364779829978943, "test/f1_macro": 0.49595245718955994, "test/wqKappa": 0.668914794921875, "test/cnt_diff": 584.0, "test/cnt_correct_diff": 81.0, "epoch": 8, "trainer/global_step": 0, "_wandb": {"runtime": 78}}