{"test/conf_matrix": {"_type": "image-file", "sha256": "f3eaa9cf218046cd15e017bd9d2a6833a8073e85e3cc41736824a21a9dec8a7b", "size": 26502, "path": "media/images/test/conf_matrix_0_f3eaa9cf218046cd15e0.png", "format": "png", "width": 1000, "height": 1000}, "_timestamp": 1661933195.1533523, "_runtime": 168.81355619430542, "_step": 1, "test/loss": 0.31690359115600586, "test/origin_acc": 0.8740554451942444, "test/new_acc": 0.8633501529693604, "test/f1_macro": 0.8335723876953125, "test/wqKappa": 0.9361793994903564, "test/cnt_diff": 58.0, "test/cnt_correct_diff": 20.0, "epoch": 8, "trainer/global_step": 0, "_wandb": {"runtime": 168}}