{"test/conf_matrix": {"_type": "image-file", "sha256": "6b783d41c2696a01f5c9637373d75b89f72be816dde5b37d4990cec12a79d624", "size": 26969, "path": "media/images/test/conf_matrix_0_6b783d41c2696a01f5c9.png", "format": "png", "width": 1000, "height": 1000}, "_timestamp": 1661334115.0535245, "_runtime": 123.90522837638855, "_step": 1, "test/loss": 0.2952144742012024, "test/origin_acc": 0.8797228932380676, "test/new_acc": 0.8828715085983276, "test/f1_macro": 0.8481808304786682, "test/wqKappa": 0.9446726441383362, "test/cnt_diff": 48.0, "test/cnt_correct_diff": 26.0, "epoch": 12, "trainer/global_step": 0, "_wandb": {"runtime": 123}}