{"test/conf_matrix": {"_type": "image-file", "sha256": "81ddaba2e3e693cb88084169e66be26a07fbfb4dfed14db3a4ff45c2aa1751cd", "size": 28107, "path": "media/images/test/conf_matrix_0_81ddaba2e3e693cb8808.png", "format": "png", "width": 1000, "height": 1000}, "_timestamp": 1661489589.9004622, "_runtime": 133.09504914283752, "_step": 1, "test/loss": 0.567625880241394, "test/origin_acc": 0.825728178024292, "test/new_acc": 0.8262135982513428, "test/f1_macro": 0.6282418370246887, "test/wqKappa": 0.7805635333061218, "test/cnt_diff": 74.0, "test/cnt_correct_diff": 35.0, "epoch": 5, "trainer/global_step": 0, "_wandb": {"runtime": 132}}