{"test/conf_matrix": {"_type": "image-file", "sha256": "34d319d0105a7ada6514f3d24ffb1e4cb1ccaeb3192b7d1d0c524fef99f72f22", "size": 30057, "path": "media/images/test/conf_matrix_0_34d319d0105a7ada6514.png", "format": "png", "width": 1000, "height": 1000}, "_timestamp": 1661433610.029251, "_runtime": 151.58891320228577, "_step": 1, "test/loss": 2.1025230884552, "test/origin_acc": 0.5195214152336121, "test/new_acc": 0.5573047995567322, "test/f1_macro": 0.38361063599586487, "test/wqKappa": 0.5803592205047607, "test/cnt_diff": 135.0, "test/cnt_correct_diff": 84.0, "epoch": 8, "trainer/global_step": 0, "_wandb": {"runtime": 152}}