{"test/conf_matrix": {"_type": "image-file", "sha256": "58e3545fd52ca74c61e7ce1bab1621d5d1d4ed052e5acb632bb93e27f9ff1396", "size": 26622, "path": "media/images/test/conf_matrix_0_58e3545fd52ca74c61e7.png", "format": "png", "width": 1000, "height": 1000}, "_timestamp": 1661479958.8489635, "_runtime": 135.70590949058533, "_step": 1, "test/loss": 0.5793511271476746, "test/origin_acc": 0.832524299621582, "test/new_acc": 0.8296116590499878, "test/f1_macro": 0.6283759474754333, "test/wqKappa": 0.7878059148788452, "test/cnt_diff": 42.0, "test/cnt_correct_diff": 14.0, "epoch": 11, "trainer/global_step": 0, "_wandb": {"runtime": 135}}