{"test/conf_matrix": {"_type": "image-file", "sha256": "1bdf197251ab196ec78cc8c6b5c12c836fb0b63e13565de2abb52dc7da9c40a7", "size": 31301, "path": "media/images/test/conf_matrix_0_1bdf197251ab196ec78c.png", "format": "png", "width": 1000, "height": 1000}, "_timestamp": 1661458312.3403537, "_runtime": 103.69818568229675, "_step": 1, "test/loss": 3.2831687927246094, "test/origin_acc": 0.372795969247818, "test/new_acc": 0.2877833843231201, "test/f1_macro": 0.2538158893585205, "test/wqKappa": 0.10005122423171997, "test/cnt_diff": 592.0, "test/cnt_correct_diff": 142.0, "epoch": 5, "trainer/global_step": 0, "_wandb": {"runtime": 102}}