{"test/conf_matrix": {"_type": "image-file", "sha256": "a71ed8928212a74493283dfac5bbf798f4e63e88e37d9337ffe1cb1ab1b0bb23", "size": 31093, "path": "media/images/test/conf_matrix_0_a71ed8928212a7449328.png", "format": "png", "width": 1000, "height": 1000}, "_timestamp": 1661412928.2824607, "_runtime": 558.6397306919098, "_step": 1, "test/loss": 1.5902985334396362, "test/origin_acc": 0.6070529222488403, "test/new_acc": 0.49370276927948, "test/f1_macro": 0.4034618139266968, "test/wqKappa": 0.4276919364929199, "test/cnt_diff": 509.0, "test/cnt_correct_diff": 106.0, "epoch": 5, "trainer/global_step": 0, "_wandb": {"runtime": 558}}