{"test/conf_matrix": {"_type": "image-file", "sha256": "46431e8a165da94b581e9454ae55e67b623cacc09e05e18ebe33eb22376d0d86", "size": 27152, "path": "media/images/test/conf_matrix_0_46431e8a165da94b581e.png", "format": "png", "width": 1000, "height": 1000}, "_timestamp": 1661330318.5441072, "_runtime": 112.60813808441162, "_step": 1, "test/loss": 0.46994638442993164, "test/origin_acc": 0.8075471520423889, "test/new_acc": 0.7893081903457642, "test/f1_macro": 0.7429832220077515, "test/wqKappa": 0.8983843326568604, "test/cnt_diff": 47.0, "test/cnt_correct_diff": 7.0, "epoch": 8, "trainer/global_step": 0, "_wandb": {"runtime": 112}}