{"test/conf_matrix": {"_type": "image-file", "sha256": "ac6c1ebe8ef9023460843e4ff902b19ad15b15cc3232e1e5ebd4d45b07184604", "size": 26886, "path": "media/images/test/conf_matrix_0_ac6c1ebe8ef902346084.png", "format": "png", "width": 1000, "height": 1000}, "_timestamp": 1661327549.9731426, "_runtime": 105.25975751876831, "_step": 1, "test/loss": 0.31017082929611206, "test/origin_acc": 0.8753148317337036, "test/new_acc": 0.8576826453208923, "test/f1_macro": 0.8241991996765137, "test/wqKappa": 0.933800458908081, "test/cnt_diff": 94.0, "test/cnt_correct_diff": 33.0, "epoch": 7, "trainer/global_step": 0, "_wandb": {"runtime": 104}}