{"test/conf_matrix": {"_type": "image-file", "sha256": "ea0edf105f78bcee6b2c015ff7fdde285bd9af936b96a456598a0a3df773929f", "size": 26143, "path": "media/images/test/conf_matrix_0_ea0edf105f78bcee6b2c.png", "format": "png", "width": 1000, "height": 1000}, "_timestamp": 1661927499.3213701, "_runtime": 141.55888605117798, "_step": 1, "test/loss": 0.31758856773376465, "test/origin_acc": 0.8759445548057556, "test/new_acc": 0.8759445548057556, "test/f1_macro": 0.8318917155265808, "test/wqKappa": 0.9400078654289246, "test/cnt_diff": 2.0, "test/cnt_correct_diff": 1.0, "epoch": 4, "trainer/global_step": 0, "_wandb": {"runtime": 141}}