{"test/conf_matrix": {"_type": "image-file", "sha256": "fd07d665866389eb56e3f86aa6e8cc8e1e2d21a40db419dc8eeb10c0fbb1827a", "size": 30012, "path": "media/images/test/conf_matrix_0_fd07d665866389eb56e3.png", "format": "png", "width": 1000, "height": 1000}, "_timestamp": 1661438884.9597733, "_runtime": 147.27849531173706, "_step": 1, "test/loss": 2.1597023010253906, "test/origin_acc": 0.49370276927948, "test/new_acc": 0.5403022766113281, "test/f1_macro": 0.3876560628414154, "test/wqKappa": 0.5574913024902344, "test/cnt_diff": 137.0, "test/cnt_correct_diff": 95.0, "epoch": 10, "trainer/global_step": 0, "_wandb": {"runtime": 147}}