{"test/conf_matrix": {"_type": "image-file", "sha256": "e1ed822745731fb090bd123404a1cdc963c03558521bc84ceab8cd0c1db8e058", "size": 27218, "path": "media/images/test/conf_matrix_0_e1ed822745731fb090bd.png", "format": "png", "width": 1000, "height": 1000}, "_timestamp": 1661340749.4840446, "_runtime": 345.2087996006012, "_step": 1, "test/loss": 0.3830234110355377, "test/origin_acc": 0.8283019065856934, "test/new_acc": 0.7660377621650696, "test/f1_macro": 0.7372678518295288, "test/wqKappa": 0.8983420729637146, "test/cnt_diff": 242.0, "test/cnt_correct_diff": 69.0, "epoch": 15, "trainer/global_step": 0, "_wandb": {"runtime": 346}}