{"test/conf_matrix": {"_type": "image-file", "sha256": "ff1a51fef65e641cc92e63ecf0f44da417f579888bd44dc815a74c1852b64f3b", "size": 27073, "path": "media/images/test/conf_matrix_0_ff1a51fef65e641cc92e.png", "format": "png", "width": 1000, "height": 1000}, "_timestamp": 1661338758.2004895, "_runtime": 76.83896350860596, "_step": 1, "test/loss": 0.3532443344593048, "test/origin_acc": 0.8658690452575684, "test/new_acc": 0.8564231991767883, "test/f1_macro": 0.8219940662384033, "test/wqKappa": 0.9300363063812256, "test/cnt_diff": 35.0, "test/cnt_correct_diff": 9.0, "epoch": 17, "trainer/global_step": 0, "_wandb": {"runtime": 76}}