{"test/conf_matrix": {"_type": "image-file", "sha256": "491770808c0bff3348a8f5892c6dbc449fd742fa9db0582b0cbc3fc536123ad1", "size": 31187, "path": "media/images/test/conf_matrix_0_491770808c0bff3348a8.png", "format": "png", "width": 1000, "height": 1000}, "_timestamp": 1661456138.9594352, "_runtime": 128.34783124923706, "_step": 1, "test/loss": 0.8598936796188354, "test/origin_acc": 0.5937721133232117, "test/new_acc": 0.6173626184463501, "test/f1_macro": 0.5401445627212524, "test/wqKappa": 0.5470657348632812, "test/cnt_diff": 1125.0, "test/cnt_correct_diff": 545.0, "epoch": 1, "trainer/global_step": 0, "_wandb": {"runtime": 127}}