{"test/conf_matrix": {"_type": "image-file", "sha256": "c679bcb44b8f11c229e7d4e1fdbf3ce64e5287b8a70c4ce02609e75c906bf3f5", "size": 31397, "path": "media/images/test/conf_matrix_0_c679bcb44b8f11c229e7.png", "format": "png", "width": 1000, "height": 1000}, "_timestamp": 1661445120.0262141, "_runtime": 146.83599710464478, "_step": 1, "test/loss": 2.620410442352295, "test/origin_acc": 0.250629723072052, "test/new_acc": 0.30541563034057617, "test/f1_macro": 0.26229068636894226, "test/wqKappa": -0.35624945163726807, "test/cnt_diff": 605.0, "test/cnt_correct_diff": 175.0, "epoch": 0, "trainer/global_step": 0, "_wandb": {"runtime": 146}}