{"test/conf_matrix": {"_type": "image-file", "sha256": "4dad12085cc0c07cdf5d2f02de932ceb4f6af948578cff093555ce124eaa8280", "size": 26814, "path": "media/images/test/conf_matrix_0_4dad12085cc0c07cdf5d.png", "format": "png", "width": 1000, "height": 1000}, "_timestamp": 1661476931.047986, "_runtime": 145.05696296691895, "_step": 1, "test/loss": 0.5793511271476746, "test/origin_acc": 0.832524299621582, "test/new_acc": 0.822330117225647, "test/f1_macro": 0.6186122298240662, "test/wqKappa": 0.7820364236831665, "test/cnt_diff": 68.0, "test/cnt_correct_diff": 18.0, "epoch": 11, "trainer/global_step": 0, "_wandb": {"runtime": 145}}