{"test/conf_matrix": {"_type": "image-file", "sha256": "a3ad929e76e0a94939cbcb40bc3604d03a3287972d455d15a2f3fc366670bb7a", "size": 27969, "path": "media/images/test/conf_matrix_0_a3ad929e76e0a94939cb.png", "format": "png", "width": 1000, "height": 1000}, "_timestamp": 1661401853.674758, "_runtime": 179.86701583862305, "_step": 1, "test/loss": 0.6740458607673645, "test/origin_acc": 0.7850558757781982, "test/new_acc": 0.784570574760437, "test/f1_macro": 0.5745844841003418, "test/wqKappa": 0.6997876167297363, "test/cnt_diff": 20.0, "test/cnt_correct_diff": 7.0, "epoch": 10, "trainer/global_step": 0, "_wandb": {"runtime": 180}}