{"test/conf_matrix": {"_type": "image-file", "sha256": "64e212507233a1b5e0ed7932edb3042cdd98ea12ee83b4101d8f7a7573a6c332", "size": 28732, "path": "media/images/test/conf_matrix_0_64e212507233a1b5e0ed.png", "format": "png", "width": 1000, "height": 1000}, "_timestamp": 1661406933.7711995, "_runtime": 116.54945635795593, "_step": 1, "test/loss": 0.5978809595108032, "test/origin_acc": 0.8170791268348694, "test/new_acc": 0.8064046502113342, "test/f1_macro": 0.6024520397186279, "test/wqKappa": 0.753623366355896, "test/cnt_diff": 85.0, "test/cnt_correct_diff": 23.0, "epoch": 12, "trainer/global_step": 0, "_wandb": {"runtime": 116}}