{"test/conf_matrix": {"_type": "image-file", "sha256": "9abc370eb986066da8a66047794bdfcea14c3d84e1f57d61a7ec24883eec84a1", "size": 28385, "path": "media/images/test/conf_matrix_0_9abc370eb986066da8a6.png", "format": "png", "width": 1000, "height": 1000}, "_timestamp": 1661326495.460809, "_runtime": 86.44923090934753, "_step": 1, "test/loss": 0.5756698250770569, "test/origin_acc": 0.7811321020126343, "test/new_acc": 0.6880503296852112, "test/f1_macro": 0.6612075567245483, "test/wqKappa": 0.7720658779144287, "test/cnt_diff": 317.0, "test/cnt_correct_diff": 68.0, "epoch": 8, "trainer/global_step": 0, "_wandb": {"runtime": 86}}