{"test/conf_matrix": {"_type": "image-file", "sha256": "366d87dc2d0801bed2e876c9723ae5ba44f225735e4eb3dab1a0efce74874c17", "size": 27181, "path": "media/images/test/conf_matrix_0_366d87dc2d0801bed2e8.png", "format": "png", "width": 1000, "height": 1000}, "_timestamp": 1661332249.002766, "_runtime": 167.50060391426086, "_step": 1, "test/loss": 0.32888326048851013, "test/origin_acc": 0.8652393221855164, "test/new_acc": 0.8513854146003723, "test/f1_macro": 0.8108185529708862, "test/wqKappa": 0.93251633644104, "test/cnt_diff": 104.0, "test/cnt_correct_diff": 40.0, "epoch": 4, "trainer/global_step": 0, "_wandb": {"runtime": 167}}