{"test/conf_matrix": {"_type": "image-file", "sha256": "a03d88eaa182c135e2dbcc21cc9b4fd379f35d3e37c339bfa4c8134c1645b5da", "size": 27689, "path": "media/images/test/conf_matrix_0_a03d88eaa182c135e2db.png", "format": "png", "width": 1000, "height": 1000}, "_timestamp": 1661339750.1404173, "_runtime": 147.41661739349365, "_step": 1, "test/loss": 0.3532443344593048, "test/origin_acc": 0.8658690452575684, "test/new_acc": 0.8652393221855164, "test/f1_macro": 0.8309080004692078, "test/wqKappa": 0.9328117966651917, "test/cnt_diff": 2.0, "test/cnt_correct_diff": 0.0, "epoch": 17, "trainer/global_step": 0, "_wandb": {"runtime": 147}}