{"test/conf_matrix": {"_type": "image-file", "sha256": "d0ddc209598be81fba9106bc4b60ba1f5e8269848eda7935183b989736a0cc80", "size": 27255, "path": "media/images/test/conf_matrix_0_d0ddc209598be81fba91.png", "format": "png", "width": 1000, "height": 1000}, "_timestamp": 1661412031.2273924, "_runtime": 173.6382384300232, "_step": 1, "test/loss": 0.5895299315452576, "test/origin_acc": 0.8214459419250488, "test/new_acc": 0.8204755187034607, "test/f1_macro": 0.6037823557853699, "test/wqKappa": 0.727798342704773, "test/cnt_diff": 10.0, "test/cnt_correct_diff": 1.0, "epoch": 11, "trainer/global_step": 0, "_wandb": {"runtime": 174}}