{"test/conf_matrix": {"_type": "image-file", "sha256": "aaccdbf1bd275472df1a44bbe88a2a7e1dd086e4fab179f8b27811ef2be6d678", "size": 27715, "path": "media/images/test/conf_matrix_0_aaccdbf1bd275472df1a.png", "format": "png", "width": 1000, "height": 1000}, "_timestamp": 1661402339.534104, "_runtime": 176.58849716186523, "_step": 1, "test/loss": 0.6740458607673645, "test/origin_acc": 0.7850558757781982, "test/new_acc": 0.7826298475265503, "test/f1_macro": 0.571673572063446, "test/wqKappa": 0.6964035034179688, "test/cnt_diff": 13.0, "test/cnt_correct_diff": 2.0, "epoch": 10, "trainer/global_step": 0, "_wandb": {"runtime": 176}}