{"test/conf_matrix": {"_type": "image-file", "sha256": "e4c80ae5f5394bb5e6773adb936e97f71cc00db0df8dde9c8b1df51ec55a642e", "size": 30936, "path": "media/images/test/conf_matrix_0_e4c80ae5f5394bb5e677.png", "format": "png", "width": 1000, "height": 1000}, "_timestamp": 1661459024.8596375, "_runtime": 133.50245547294617, "_step": 1, "test/loss": 0.7218735218048096, "test/origin_acc": 0.6959188580513, "test/new_acc": 0.6900212168693542, "test/f1_macro": 0.6064599752426147, "test/wqKappa": 0.6225219964981079, "test/cnt_diff": 478.0, "test/cnt_correct_diff": 218.0, "epoch": 7, "trainer/global_step": 0, "_wandb": {"runtime": 133}}