{"test/conf_matrix": {"_type": "image-file", "sha256": "3645917e70d8331049c34d143b7740fd39c6f580f06c3626176eee3ffd6ce72f", "size": 30752, "path": "media/images/test/conf_matrix_0_3645917e70d8331049c3.png", "format": "png", "width": 1000, "height": 1000}, "_timestamp": 1661460623.1447806, "_runtime": 141.76022863388062, "_step": 1, "test/loss": 0.7218735218048096, "test/origin_acc": 0.6959188580513, "test/new_acc": 0.6928520798683167, "test/f1_macro": 0.5909764170646667, "test/wqKappa": 0.6011933088302612, "test/cnt_diff": 244.0, "test/cnt_correct_diff": 108.0, "epoch": 7, "trainer/global_step": 0, "_wandb": {"runtime": 141}}