{"test/conf_matrix": {"_type": "image-file", "sha256": "ddf800c0858ffaf238a0459a1559a60b02599061f303afa76dd9d8942241609a", "size": 27136, "path": "media/images/test/conf_matrix_0_ddf800c0858ffaf238a0.png", "format": "png", "width": 1000, "height": 1000}, "_timestamp": 1661883308.0774083, "_runtime": 349.6976673603058, "_step": 1, "test/loss": 0.33733710646629333, "test/origin_acc": 0.8570529222488403, "test/new_acc": 0.8494962453842163, "test/f1_macro": 0.7923760414123535, "test/wqKappa": 0.9294331073760986, "test/cnt_diff": 84.0, "test/cnt_correct_diff": 35.0, "epoch": 2, "trainer/global_step": 0, "_wandb": {"runtime": 350}}