{"test/conf_matrix": {"_type": "image-file", "sha256": "97754d79701dc6eddb8454fabdcab89de93a2fdff28fc9b117ef5215a1bfd253", "size": 30327, "path": "media/images/test/conf_matrix_0_97754d79701dc6eddb84.png", "format": "png", "width": 1000, "height": 1000}, "_timestamp": 1661462123.1683483, "_runtime": 123.06028127670288, "_step": 1, "test/loss": 0.7218735218048096, "test/origin_acc": 0.6959188580513, "test/new_acc": 0.6942675113677979, "test/f1_macro": 0.6062239408493042, "test/wqKappa": 0.6139854192733765, "test/cnt_diff": 385.0, "test/cnt_correct_diff": 181.0, "epoch": 7, "trainer/global_step": 0, "_wandb": {"runtime": 123}}