{"test/conf_matrix": {"_type": "image-file", "sha256": "419e8a60a07203f1a328e09bf15ce46a01202b971f95e0e5bd91791c3220c930", "size": 26334, "path": "media/images/test/conf_matrix_0_419e8a60a07203f1a328.png", "format": "png", "width": 1000, "height": 1000}, "_timestamp": 1661333360.5309217, "_runtime": 104.80872869491577, "_step": 1, "test/loss": 0.2952144742012024, "test/origin_acc": 0.8797228932380676, "test/new_acc": 0.8803526163101196, "test/f1_macro": 0.8472303152084351, "test/wqKappa": 0.9443249106407166, "test/cnt_diff": 3.0, "test/cnt_correct_diff": 2.0, "epoch": 12, "trainer/global_step": 0, "_wandb": {"runtime": 104}}