{"test/conf_matrix": {"_type": "image-file", "sha256": "2395f843c933730815bf9218ca5d4c639f2589f5d90e99cb5a4316a10148be57", "size": 28690, "path": "media/images/test/conf_matrix_0_2395f843c933730815bf.png", "format": "png", "width": 1000, "height": 1000}, "_timestamp": 1661408141.9743924, "_runtime": 126.52243638038635, "_step": 1, "test/loss": 0.6313098073005676, "test/origin_acc": 0.7738962173461914, "test/new_acc": 0.6977195739746094, "test/f1_macro": 0.5026835203170776, "test/wqKappa": 0.616418719291687, "test/cnt_diff": 315.0, "test/cnt_correct_diff": 59.0, "epoch": 2, "trainer/global_step": 0, "_wandb": {"runtime": 126}}