{"test/conf_matrix": {"_type": "image-file", "sha256": "36645a5c8497002490a0d17e560af42d39917c4f6c0e5606cce9d56a2cef8568", "size": 28595, "path": "media/images/test/conf_matrix_0_36645a5c8497002490a0.png", "format": "png", "width": 1000, "height": 1000}, "_timestamp": 1661408070.1736202, "_runtime": 135.983056306839, "_step": 1, "test/loss": 0.5978809595108032, "test/origin_acc": 0.8170791268348694, "test/new_acc": 0.8098011016845703, "test/f1_macro": 0.6057218313217163, "test/wqKappa": 0.7483276128768921, "test/cnt_diff": 66.0, "test/cnt_correct_diff": 21.0, "epoch": 12, "trainer/global_step": 0, "_wandb": {"runtime": 135}}