{"test/conf_matrix": {"_type": "image-file", "sha256": "c4f0f1253b5b0b7640ac035516b615080bc875dc7944ce81e48ead55660f67dc", "size": 28377, "path": "media/images/test/conf_matrix_0_c4f0f1253b5b0b7640ac.png", "format": "png", "width": 1000, "height": 1000}, "_timestamp": 1661488965.7347238, "_runtime": 126.62544989585876, "_step": 1, "test/loss": 0.567625880241394, "test/origin_acc": 0.825728178024292, "test/new_acc": 0.8252426981925964, "test/f1_macro": 0.6299623847007751, "test/wqKappa": 0.7797152996063232, "test/cnt_diff": 41.0, "test/cnt_correct_diff": 18.0, "epoch": 5, "trainer/global_step": 0, "_wandb": {"runtime": 126}}