{"test/conf_matrix": {"_type": "image-file", "sha256": "33ec4e13daf6aa53a79816fc8ac208b61a93231f2667500258dbc6f4b93e0e5d", "size": 25649, "path": "media/images/test/conf_matrix_0_33ec4e13daf6aa53a798.png", "format": "png", "width": 1000, "height": 1000}, "_timestamp": 1662527802.31858, "_runtime": 107.22454380989075, "_step": 1, "test/loss": 0.3087417483329773, "test/origin_acc": 0.8916876316070557, "test/new_acc": 0.8935768008232117, "test/f1_macro": 0.8580776453018188, "test/wqKappa": 0.9498483538627625, "test/cnt_diff": 10.0, "test/cnt_correct_diff": 6.0, "epoch": 8, "trainer/global_step": 0, "_wandb": {"runtime": 106}}