{"test/conf_matrix": {"_type": "image-file", "sha256": "28f94e021e68c74b187199b8076c7dec9e630efb0da16c322c4ddfe893285791", "size": 27629, "path": "media/images/test/conf_matrix_0_28f94e021e68c74b1871.png", "format": "png", "width": 1000, "height": 1000}, "_timestamp": 1658869208, "_runtime": 280, "_step": 1, "test/loss": 0.6044451594352722, "test/origin_acc": 0.8281553983688354, "test/new_acc": 0.8296117186546326, "test/f1_macro": 0.6247984170913696, "test/wqKappa": 0.7645010352134705, "test/cnt_diff": 9.0, "test/cnt_correct_diff": 6.0, "epoch": 7, "trainer/global_step": 0, "_wandb": {"runtime": 282}}