{"test/conf_matrix": {"_type": "image-file", "sha256": "010f059937e3a775c6299b0c1089cbafe4120eb667f3103f9ae5b5d13d177778", "size": 28958, "path": "media/images/test/conf_matrix_0_010f059937e3a775c629.png", "format": "png", "width": 1000, "height": 1000}, "_timestamp": 1661329087.275703, "_runtime": 98.79450583457947, "_step": 1, "test/loss": 0.46994638442993164, "test/origin_acc": 0.8075471520423889, "test/new_acc": 0.699999988079071, "test/f1_macro": 0.6731902360916138, "test/wqKappa": 0.8536533117294312, "test/cnt_diff": 296.0, "test/cnt_correct_diff": 59.0, "epoch": 8, "trainer/global_step": 0, "_wandb": {"runtime": 98}}