{"test/conf_matrix": {"_type": "image-file", "sha256": "640292c4bd6a9820012d56f7aea0858079f3625fb9d09bc8a245f98a8a0e108c", "size": 28580, "path": "media/images/test/conf_matrix_0_640292c4bd6a9820012d.png", "format": "png", "width": 1000, "height": 1000}, "_timestamp": 1661413544.2766762, "_runtime": 276.33804416656494, "_step": 1, "test/loss": 0.6313098073005676, "test/origin_acc": 0.7738962173461914, "test/new_acc": 0.7428432703018188, "test/f1_macro": 0.5422638654708862, "test/wqKappa": 0.6574097871780396, "test/cnt_diff": 193.0, "test/cnt_correct_diff": 50.0, "epoch": 2, "trainer/global_step": 0, "_wandb": {"runtime": 276}}