{"test/conf_matrix": {"_type": "image-file", "sha256": "2f7db3347e5d6b2066f340cd96c5f296f29879492f32e2e137f39c1e790a5816", "size": 28722, "path": "media/images/test/conf_matrix_0_2f7db3347e5d6b2066f3.png", "format": "png", "width": 1000, "height": 1000}, "_timestamp": 1660303648.0356393, "_runtime": 603.0055181980133, "_step": 1, "test/loss": 0.3462877571582794, "test/origin_acc": 0.8710532188415527, "test/new_acc": 0.864374041557312, "test/f1_macro": 0.7816185355186462, "test/wqKappa": 0.9262068867683411, "test/cnt_diff": 609.0, "test/cnt_correct_diff": 235.0, "epoch": 1, "trainer/global_step": 0, "_wandb": {"runtime": 604}}