{"test/conf_matrix": {"_type": "image-file", "sha256": "5d00016b4656a5ff439abc5d8bcb8000b246f113e60f8ca39563b9d80807e46a", "size": 27195, "path": "media/images/test/conf_matrix_0_5d00016b4656a5ff439a.png", "format": "png", "width": 1000, "height": 1000}, "_timestamp": 1661407047.1352415, "_runtime": 89.2792055606842, "_step": 1, "test/loss": 0.5978809595108032, "test/origin_acc": 0.8170791268348694, "test/new_acc": 0.803978681564331, "test/f1_macro": 0.602615237236023, "test/wqKappa": 0.7530807256698608, "test/cnt_diff": 60.0, "test/cnt_correct_diff": 8.0, "epoch": 12, "trainer/global_step": 0, "_wandb": {"runtime": 88}}