{"test/conf_matrix": {"_type": "image-file", "sha256": "72aba42b79f8c16a29c345f1b59c3ed008a60eb21273d9c6843bfd1fbdf2ed9c", "size": 28068, "path": "media/images/test/conf_matrix_0_72aba42b79f8c16a29c3.png", "format": "png", "width": 1000, "height": 1000}, "_timestamp": 1661332420.2897296, "_runtime": 153.74913668632507, "_step": 1, "test/loss": 0.2952144742012024, "test/origin_acc": 0.8797228932380676, "test/new_acc": 0.8797228932380676, "test/f1_macro": 0.8430054783821106, "test/wqKappa": 0.9432234168052673, "test/cnt_diff": 75.0, "test/cnt_correct_diff": 37.0, "epoch": 12, "trainer/global_step": 0, "_wandb": {"runtime": 153}}