{"test/conf_matrix": {"_type": "image-file", "sha256": "01facbf8b6f11161b11871b50639a847aef89f2cffcabd2c993bb0d599413665", "size": 29949, "path": "media/images/test/conf_matrix_0_01facbf8b6f11161b118.png", "format": "png", "width": 1000, "height": 1000}, "_timestamp": 1661441296.3489118, "_runtime": 371.6827926635742, "_step": 1, "test/loss": 0.6964133977890015, "test/origin_acc": 0.6936511397361755, "test/new_acc": 0.6924710869789124, "test/f1_macro": 0.5899891257286072, "test/wqKappa": 0.5884654521942139, "test/cnt_diff": 25.0, "test/cnt_correct_diff": 7.0, "epoch": 8, "trainer/global_step": 0, "_wandb": {"runtime": 371}}