{"test/conf_matrix": {"_type": "image-file", "sha256": "9f49d766283dc3580ed6d1fcbc39b1e344ba931b5bde8997420331060bbbe64b", "size": 27666, "path": "media/images/test/conf_matrix_0_9f49d766283dc3580ed6.png", "format": "png", "width": 1000, "height": 1000}, "_timestamp": 1660297702.3976595, "_runtime": 198.42785143852234, "_step": 1, "test/loss": 0.6062291860580444, "test/origin_acc": 0.8277535438537598, "test/new_acc": 0.8277535438537598, "test/f1_macro": 0.6229061484336853, "test/wqKappa": 0.7620298862457275, "test/cnt_diff": 3.0, "test/cnt_correct_diff": 1.0, "epoch": 7, "trainer/global_step": 0, "_wandb": {"runtime": 199}}