{"test/conf_matrix": {"_type": "image-file", "sha256": "b094b9c0884934b5b93c04a5042f60871321ca5e5b07da7995f60d0e67527751", "size": 31442, "path": "media/images/test/conf_matrix_0_b094b9c0884934b5b93c.png", "format": "png", "width": 1000, "height": 1000}, "_timestamp": 1661452436.1706076, "_runtime": 143.085209608078, "_step": 1, "test/loss": 0.8180785775184631, "test/origin_acc": 0.6161831021308899, "test/new_acc": 0.6157112717628479, "test/f1_macro": 0.5530377626419067, "test/wqKappa": 0.532436728477478, "test/cnt_diff": 412.0, "test/cnt_correct_diff": 164.0, "epoch": 5, "trainer/global_step": 0, "_wandb": {"runtime": 142}}