{"test/conf_matrix": {"_type": "image-file", "sha256": "31dac3e6381a287adbcd9b4aa167807b7e4c38999542f2441fe1dba4708fd670", "size": 26308, "path": "media/images/test/conf_matrix_0_31dac3e6381a287adbcd.png", "format": "png", "width": 1000, "height": 1000}, "_timestamp": 1661369397.9565907, "_runtime": 219.90354657173157, "_step": 1, "test/loss": 0.3109378218650818, "test/origin_acc": 0.8709068298339844, "test/new_acc": 0.8734257221221924, "test/f1_macro": 0.8337628245353699, "test/wqKappa": 0.9410555958747864, "test/cnt_diff": 36.0, "test/cnt_correct_diff": 20.0, "epoch": 5, "trainer/global_step": 0, "_wandb": {"runtime": 220}}