{"test/conf_matrix": {"_type": "image-file", "sha256": "e0b763b292d74219eeea42931f62cee6fcd8345347fb5cdbe83b97079456062f", "size": 26666, "path": "media/images/test/conf_matrix_0_e0b763b292d74219eeea.png", "format": "png", "width": 1000, "height": 1000}, "_timestamp": 1661368574.964907, "_runtime": 183.23207092285156, "_step": 1, "test/loss": 0.3109378218650818, "test/origin_acc": 0.8709068298339844, "test/new_acc": 0.8709068298339844, "test/f1_macro": 0.823002815246582, "test/wqKappa": 0.9399603605270386, "test/cnt_diff": 2.0, "test/cnt_correct_diff": 1.0, "epoch": 5, "trainer/global_step": 0, "_wandb": {"runtime": 183}}