{"test/conf_matrix": {"_type": "image-file", "sha256": "66c1dd86e48b4811414153a8a452c8e07143108c641a0ef74b4ca6a836485374", "size": 26874, "path": "media/images/test/conf_matrix_0_66c1dd86e48b48114141.png", "format": "png", "width": 1000, "height": 1000}, "_timestamp": 1661883255.1576824, "_runtime": 190.0768325328827, "_step": 1, "test/loss": 0.37694475054740906, "test/origin_acc": 0.8394206762313843, "test/new_acc": 0.8425692915916443, "test/f1_macro": 0.8076332211494446, "test/wqKappa": 0.9256176352500916, "test/cnt_diff": 15.0, "test/cnt_correct_diff": 10.0, "epoch": 2, "trainer/global_step": 0, "_wandb": {"runtime": 191}}