{"test/conf_matrix": {"_type": "image-file", "sha256": "d7fea6ada0372002c605677db32b40093457f4320982cd1eee2ffaaa26fe7623", "size": 26386, "path": "media/images/test/conf_matrix_0_d7fea6ada0372002c605.png", "format": "png", "width": 1000, "height": 1000}, "_timestamp": 1661508804.6543202, "_runtime": 80.31380724906921, "_step": 1, "test/loss": 0.31992873549461365, "test/origin_acc": 0.8715365529060364, "test/new_acc": 0.8715365529060364, "test/f1_macro": 0.8386988043785095, "test/wqKappa": 0.937171459197998, "test/cnt_diff": 6.0, "test/cnt_correct_diff": 2.0, "epoch": 6, "trainer/global_step": 0, "_wandb": {"runtime": 80}}