{"test/conf_matrix": {"_type": "image-file", "sha256": "73d0f35dc16c07843ed5e57ac23259794d64a180b4c3cd60c2a861dfa78f31e9", "size": 30872, "path": "media/images/test/conf_matrix_0_73d0f35dc16c07843ed5.png", "format": "png", "width": 1000, "height": 1000}, "_timestamp": 1661441906.3255234, "_runtime": 158.12939429283142, "_step": 1, "test/loss": 2.620410442352295, "test/origin_acc": 0.250629723072052, "test/new_acc": 0.29156172275543213, "test/f1_macro": 0.25116872787475586, "test/wqKappa": -0.3508843183517456, "test/cnt_diff": 730.0, "test/cnt_correct_diff": 199.0, "epoch": 0, "trainer/global_step": 0, "_wandb": {"runtime": 157}}