{"test/conf_matrix": {"_type": "image-file", "sha256": "619f1f0746f4cb5fdf5f7ed562c787c2621f6c0ecce0964e5befa44fcef54430", "size": 30265, "path": "media/images/test/conf_matrix_0_619f1f0746f4cb5fdf5f.png", "format": "png", "width": 1000, "height": 1000}, "_timestamp": 1660153024.5242045, "_runtime": 632.8283596038818, "_step": 1, "test/loss": 0.34628796577453613, "test/origin_acc": 0.8710532188415527, "test/new_acc": 0.8709428310394287, "test/f1_macro": 0.7885817885398865, "test/wqKappa": 0.9281494617462158, "test/cnt_diff": 45.0, "test/cnt_correct_diff": 15.0, "epoch": 1, "trainer/global_step": 0, "_wandb": {"runtime": 631}}