{"test/conf_matrix": {"_type": "image-file", "sha256": "fece9493c12d4fe39aee48962a34c1dfdf255d3d5bcf00069ad98362312dae53", "size": 27141, "path": "media/images/test/conf_matrix_0_fece9493c12d4fe39aee.png", "format": "png", "width": 1000, "height": 1000}, "_timestamp": 1661340094.1987472, "_runtime": 147.7989001274109, "_step": 1, "test/loss": 0.3532443344593048, "test/origin_acc": 0.8658690452575684, "test/new_acc": 0.8576826453208923, "test/f1_macro": 0.8254485130310059, "test/wqKappa": 0.9306600689888, "test/cnt_diff": 43.0, "test/cnt_correct_diff": 14.0, "epoch": 17, "trainer/global_step": 0, "_wandb": {"runtime": 147}}