{"test/conf_matrix": {"_type": "image-file", "sha256": "d15187312dc13a239a76ce8aa1b38994fa3d0178c705966725f32a3ac30b032a", "size": 30355, "path": "media/images/test/conf_matrix_0_d15187312dc13a239a76.png", "format": "png", "width": 1000, "height": 1000}, "_timestamp": 1661425951.8922687, "_runtime": 342.7708387374878, "_step": 1, "test/loss": 1.9362478256225586, "test/origin_acc": 0.5440806150436401, "test/new_acc": 0.506926953792572, "test/f1_macro": 0.3785802721977234, "test/wqKappa": 0.46825480461120605, "test/cnt_diff": 382.0, "test/cnt_correct_diff": 121.0, "epoch": 11, "trainer/global_step": 0, "_wandb": {"runtime": 342}}