{"test/conf_matrix": {"_type": "image-file", "sha256": "fc7d9ffcc26ddd43fb3b538374e3ff1772caa85318769687392604eada84711b", "size": 30603, "path": "media/images/test/conf_matrix_0_fc7d9ffcc26ddd43fb3b.png", "format": "png", "width": 1000, "height": 1000}, "_timestamp": 1661456466.9658427, "_runtime": 139.8453826904297, "_step": 1, "test/loss": 0.8598936796188354, "test/origin_acc": 0.5937721133232117, "test/new_acc": 0.6225525140762329, "test/f1_macro": 0.5465919375419617, "test/wqKappa": 0.5552254915237427, "test/cnt_diff": 962.0, "test/cnt_correct_diff": 476.0, "epoch": 1, "trainer/global_step": 0, "_wandb": {"runtime": 140}}