{"test/conf_matrix": {"_type": "image-file", "sha256": "0bbca5b2b2329782e0ee4d876bf10fdc2ffeac57dff145ed74a9f823c88b409e", "size": 27612, "path": "media/images/test/conf_matrix_0_0bbca5b2b2329782e0ee.png", "format": "png", "width": 1000, "height": 1000}, "_timestamp": 1661929705.4330266, "_runtime": 277.16194343566895, "_step": 1, "test/loss": 0.31758856773376465, "test/origin_acc": 0.8759445548057556, "test/new_acc": 0.7833753228187561, "test/f1_macro": 0.7404940128326416, "test/wqKappa": 0.899488091468811, "test/cnt_diff": 258.0, "test/cnt_correct_diff": 50.0, "epoch": 4, "trainer/global_step": 0, "_wandb": {"runtime": 277}}