{"test/conf_matrix": {"_type": "image-file", "sha256": "020cdf9a1b3e16f021c2a46020f0635f0add91e5b82009c198c909068b3bb9cd", "size": 30323, "path": "media/images/test/conf_matrix_0_020cdf9a1b3e16f021c2.png", "format": "png", "width": 1000, "height": 1000}, "_timestamp": 1661418342.5856526, "_runtime": 468.37806463241577, "_step": 1, "test/loss": 2.093094825744629, "test/origin_acc": 0.5560453534126282, "test/new_acc": 0.5195214152336121, "test/f1_macro": 0.3769865334033966, "test/wqKappa": 0.47910845279693604, "test/cnt_diff": 664.0, "test/cnt_correct_diff": 232.0, "epoch": 11, "trainer/global_step": 0, "_wandb": {"runtime": 467}}