{"test/conf_matrix": {"_type": "image-file", "sha256": "89ef81f0b1e373a23a19a4b50d3c940e556621b4976e9dca44a7417ee68ab26a", "size": 28986, "path": "media/images/test/conf_matrix_0_89ef81f0b1e373a23a19.png", "format": "png", "width": 1000, "height": 1000}, "_timestamp": 1661328396.3339343, "_runtime": 81.01201319694519, "_step": 1, "test/loss": 0.46994638442993164, "test/origin_acc": 0.8075471520423889, "test/new_acc": 0.6823899745941162, "test/f1_macro": 0.657977819442749, "test/wqKappa": 0.8472084403038025, "test/cnt_diff": 326.0, "test/cnt_correct_diff": 60.0, "epoch": 8, "trainer/global_step": 0, "_wandb": {"runtime": 81}}