{"test/conf_matrix": {"_type": "image-file", "sha256": "ca026d67ced3329ac3d9ca3d520003febf80b8a3107296e3af98da7eeb8465f3", "size": 27045, "path": "media/images/test/conf_matrix_0_ca026d67ced3329ac3d9.png", "format": "png", "width": 1000, "height": 1000}, "_timestamp": 1661478474.4249759, "_runtime": 159.47439289093018, "_step": 1, "test/loss": 0.5793511271476746, "test/origin_acc": 0.832524299621582, "test/new_acc": 0.8228155374526978, "test/f1_macro": 0.6211180090904236, "test/wqKappa": 0.7809523344039917, "test/cnt_diff": 45.0, "test/cnt_correct_diff": 8.0, "epoch": 11, "trainer/global_step": 0, "_wandb": {"runtime": 159}}