{"test/conf_matrix": {"_type": "image-file", "sha256": "48eb0f018f2a81b16ce179e9bd2cb5300fd0f80a20e99e47b9fd18a1d4ee407e", "size": 26739, "path": "media/images/test/conf_matrix_0_48eb0f018f2a81b16ce1.png", "format": "png", "width": 1000, "height": 1000}, "_timestamp": 1661328833.2824154, "_runtime": 149.3999743461609, "_step": 1, "test/loss": 0.31017082929611206, "test/origin_acc": 0.8753148317337036, "test/new_acc": 0.8734257221221924, "test/f1_macro": 0.8395674228668213, "test/wqKappa": 0.9406387209892273, "test/cnt_diff": 3.0, "test/cnt_correct_diff": 0.0, "epoch": 7, "trainer/global_step": 0, "_wandb": {"runtime": 149}}