{"test/conf_matrix": {"_type": "image-file", "sha256": "72b00e77d195c048c3af86ded3bd931ee9c6ec9caa852bc717c0d5f21e2ed969", "size": 27326, "path": "media/images/test/conf_matrix_0_72b00e77d195c048c3af.png", "format": "png", "width": 1000, "height": 1000}, "_timestamp": 1660660851.6303449, "_runtime": 242.53834080696106, "_step": 1, "test/loss": 0.3087417483329773, "test/origin_acc": 0.8916876316070557, "test/new_acc": 0.8306045532226562, "test/f1_macro": 0.7681148052215576, "test/wqKappa": 0.914010763168335, "test/cnt_diff": 166.0, "test/cnt_correct_diff": 27.0, "epoch": 8, "trainer/global_step": 0, "_wandb": {"runtime": 242}}