{"test/conf_matrix": {"_type": "image-file", "sha256": "54b49c2d000a67c7c201cd7244ae719d9dd9ee0160535d28e1b3448eeef80fe2", "size": 30165, "path": "media/images/test/conf_matrix_0_54b49c2d000a67c7c201.png", "format": "png", "width": 1000, "height": 1000}, "_timestamp": 1661443632.121813, "_runtime": 138.0722210407257, "_step": 1, "test/loss": 2.0962419509887695, "test/origin_acc": 0.4666246771812439, "test/new_acc": 0.4609571695327759, "test/f1_macro": 0.28601744771003723, "test/wqKappa": 0.09312361478805542, "test/cnt_diff": 64.0, "test/cnt_correct_diff": 15.0, "epoch": 3, "trainer/global_step": 0, "_wandb": {"runtime": 138}}