{"test/conf_matrix": {"_type": "image-file", "sha256": "003c84bd690e75af0d203b4dd40145d542b77b5b9ce971296e246669cd41b130", "size": 29781, "path": "media/images/test/conf_matrix_0_003c84bd690e75af0d20.png", "format": "png", "width": 1000, "height": 1000}, "_timestamp": 1661445823.0570526, "_runtime": 150.67002367973328, "_step": 1, "test/loss": 2.0962419509887695, "test/origin_acc": 0.4666246771812439, "test/new_acc": 0.45528966188430786, "test/f1_macro": 0.29640376567840576, "test/wqKappa": 0.13045144081115723, "test/cnt_diff": 158.0, "test/cnt_correct_diff": 35.0, "epoch": 3, "trainer/global_step": 0, "_wandb": {"runtime": 150}}