{"test/conf_matrix": {"_type": "image-file", "sha256": "ea9a442292afffb5ccd9386a0e83c441bf979d3b37d7f8cb7b22789331d02a1d", "size": 30326, "path": "media/images/test/conf_matrix_0_ea9a442292afffb5ccd9.png", "format": "png", "width": 1000, "height": 1000}, "_timestamp": 1661453482.5062432, "_runtime": 227.52872014045715, "_step": 1, "test/loss": 0.663868248462677, "test/origin_acc": 0.7158367037773132, "test/new_acc": 0.719140887260437, "test/f1_macro": 0.6383347511291504, "test/wqKappa": 0.6281100511550903, "test/cnt_diff": 168.0, "test/cnt_correct_diff": 79.0, "epoch": 3, "trainer/global_step": 0, "_wandb": {"runtime": 227}}