{"test/loss": 0.8801107406616211, "test/acc": 0.749370276927948, "test/f1_macro": 0.44666337966918945, "test/wqKappa": 0.8654586672782898, "epoch": 37, "trainer/global_step": 0, "_timestamp": 1656337461, "_runtime": 99, "_step": 0, "_wandb": {"runtime": 98}}