{"test/conf_matrix": {"_type": "image-file", "sha256": "1df1808068496da72117c74dae8d0c450bab6605ada32b4ffdf965777d17c954", "size": 27512, "path": "media/images/test/conf_matrix_0_1df1808068496da72117.png", "format": "png", "width": 1000, "height": 1000}, "_timestamp": 1661506342.562558, "_runtime": 80.25230193138123, "_step": 1, "test/loss": 0.373489111661911, "test/origin_acc": 0.8482367992401123, "test/new_acc": 0.8457179069519043, "test/f1_macro": 0.8140302896499634, "test/wqKappa": 0.9298251271247864, "test/cnt_diff": 35.0, "test/cnt_correct_diff": 15.0, "epoch": 7, "trainer/global_step": 0, "_wandb": {"runtime": 80}}