{"test/conf_matrix": {"_type": "image-file", "sha256": "1b87a897c6d8ad78fcb7da7863d6a912f41729ca8889da988849c61912c3ab82", "size": 30567, "path": "media/images/test/conf_matrix_0_1b87a897c6d8ad78fcb7.png", "format": "png", "width": 1000, "height": 1000}, "_timestamp": 1661423862.0295439, "_runtime": 221.30781292915344, "_step": 1, "test/loss": 1.9362478256225586, "test/origin_acc": 0.5440806150436401, "test/new_acc": 0.491813600063324, "test/f1_macro": 0.3910369873046875, "test/wqKappa": 0.46770864725112915, "test/cnt_diff": 586.0, "test/cnt_correct_diff": 197.0, "epoch": 11, "trainer/global_step": 0, "_wandb": {"runtime": 221}}