{"test/conf_matrix": {"_type": "image-file", "sha256": "7ca4140d51f3c03c78f19a852a93384e9df62713fd97ad4e8c80e0b87f49ecb2", "size": 30118, "path": "media/images/test/conf_matrix_0_7ca4140d51f3c03c78f1.png", "format": "png", "width": 1000, "height": 1000}, "_timestamp": 1660299749.5930893, "_runtime": 246.36913132667542, "_step": 1, "test/loss": 0.8469985723495483, "test/origin_acc": 0.6933962106704712, "test/new_acc": 0.6924528479576111, "test/f1_macro": 0.6255132555961609, "test/wqKappa": 0.6199840903282166, "test/cnt_diff": 77.0, "test/cnt_correct_diff": 33.0, "epoch": 7, "trainer/global_step": 0, "_wandb": {"runtime": 248}}