{"test/conf_matrix": {"_type": "image-file", "sha256": "4d91224b64c02991d25c59b89f080be5223182216f1a63a9cee4c5bb818d977c", "size": 30739, "path": "media/images/test/conf_matrix_0_4d91224b64c02991d25c.png", "format": "png", "width": 1000, "height": 1000}, "_timestamp": 1661422875.4023683, "_runtime": 236.82800030708313, "_step": 1, "test/loss": 2.3457894325256348, "test/origin_acc": 0.4401763081550598, "test/new_acc": 0.39168766140937805, "test/f1_macro": 0.28158390522003174, "test/wqKappa": 0.35267919301986694, "test/cnt_diff": 638.0, "test/cnt_correct_diff": 183.0, "epoch": 2, "trainer/global_step": 0, "_wandb": {"runtime": 237}}