{"test/conf_matrix": {"_type": "image-file", "sha256": "d3131ae04fa65a48cf1f63dc7db751249ae1d9aaff31355570999f388418d2ef", "size": 27275, "path": "media/images/test/conf_matrix_0_d3131ae04fa65a48cf1f.png", "format": "png", "width": 1000, "height": 1000}, "_timestamp": 1661327064.4564898, "_runtime": 114.63348770141602, "_step": 1, "test/loss": 0.35823777318000793, "test/origin_acc": 0.8526448607444763, "test/new_acc": 0.8205289840698242, "test/f1_macro": 0.7943862676620483, "test/wqKappa": 0.9159659743309021, "test/cnt_diff": 173.0, "test/cnt_correct_diff": 60.0, "epoch": 5, "trainer/global_step": 0, "_wandb": {"runtime": 114}}