{"test/conf_matrix": {"_type": "image-file", "sha256": "458659e1889b863c65dd0833d92329c36ae22ea3b4a7bc80d1992618107656db", "size": 34918, "path": "media/images/test/conf_matrix_0_458659e1889b863c65dd.png", "format": "png", "width": 1000, "height": 1000}, "_timestamp": 1659373091, "_runtime": 2126, "_step": 1, "test/loss": 0.910773515701294, "test/acc": 0.7108793258666992, "test/acc_compare": 0.7531859278678894, "test/f1_macro": 0.678112268447876, "test/wqKappa": 0.8328030109405518, "epoch": 8, "trainer/global_step": 0, "_wandb": {"runtime": 2127}}