{"test/conf_matrix": {"_type": "image-file", "sha256": "f7057332687dee40a89c969bf0afb88e2adbfb90c3367414d580c1869c032bad", "size": 27316, "path": "media/images/test/conf_matrix_0_f7057332687dee40a89c.png", "format": "png", "width": 1000, "height": 1000}, "_timestamp": 1661506707.9286828, "_runtime": 86.64745473861694, "_step": 1, "test/loss": 0.373489111661911, "test/origin_acc": 0.8482367992401123, "test/new_acc": 0.8450881838798523, "test/f1_macro": 0.814226508140564, "test/wqKappa": 0.9294806718826294, "test/cnt_diff": 42.0, "test/cnt_correct_diff": 18.0, "epoch": 7, "trainer/global_step": 0, "_wandb": {"runtime": 86}}