{"test/conf_matrix": {"_type": "image-file", "sha256": "8a5e17a37077a7a2bdecb7224ad97864e7929fcc2dbc0b874a2387f486f16b74", "size": 29705, "path": "media/images/test/conf_matrix_0_8a5e17a37077a7a2bdec.png", "format": "png", "width": 1000, "height": 1000}, "_timestamp": 1661437483.4407015, "_runtime": 132.30086660385132, "_step": 1, "test/loss": 2.1597023010253906, "test/origin_acc": 0.49370276927948, "test/new_acc": 0.50314861536026, "test/f1_macro": 0.33703720569610596, "test/wqKappa": 0.5095735788345337, "test/cnt_diff": 67.0, "test/cnt_correct_diff": 31.0, "epoch": 10, "trainer/global_step": 0, "_wandb": {"runtime": 132}}