{"test/conf_matrix": {"_type": "image-file", "sha256": "0ac60ce6b60b003067135795fd8d5b162906d4f2e70a4ce4387353bffb82ff91", "size": 26699, "path": "media/images/test/conf_matrix_0_0ac60ce6b60b00306713.png", "format": "png", "width": 1000, "height": 1000}, "_timestamp": 1661481899.559734, "_runtime": 124.85085010528564, "_step": 1, "test/loss": 0.557793915271759, "test/origin_acc": 0.8131067752838135, "test/new_acc": 0.7907766699790955, "test/f1_macro": 0.5832094550132751, "test/wqKappa": 0.7390439510345459, "test/cnt_diff": 135.0, "test/cnt_correct_diff": 40.0, "epoch": 2, "trainer/global_step": 0, "_wandb": {"runtime": 124}}