{"test/conf_matrix": {"_type": "image-file", "sha256": "13d7b1defd102862fa2bb467ed1e6fba02ec9989906f2b2664e1a846061bab4a", "size": 29801, "path": "media/images/test/conf_matrix_0_13d7b1defd102862fa2b.png", "format": "png", "width": 1000, "height": 1000}, "_timestamp": 1661444470.0375428, "_runtime": 438.61964893341064, "_step": 1, "test/loss": 0.6964133977890015, "test/origin_acc": 0.6936511397361755, "test/new_acc": 0.6745338439941406, "test/f1_macro": 0.602415919303894, "test/wqKappa": 0.611835241317749, "test/cnt_diff": 719.0, "test/cnt_correct_diff": 305.0, "epoch": 8, "trainer/global_step": 0, "_wandb": {"runtime": 438}}