{"test/conf_matrix": {"_type": "image-file", "sha256": "6bfc792d6db97f9ef2a0ddb5fd8e11b9648b4d1cc17a3a46c3179064ee52755e", "size": 30650, "path": "media/images/test/conf_matrix_0_6bfc792d6db97f9ef2a0.png", "format": "png", "width": 1000, "height": 1000}, "_timestamp": 1661443360.1897888, "_runtime": 147.7123498916626, "_step": 1, "test/loss": 2.620410442352295, "test/origin_acc": 0.250629723072052, "test/new_acc": 0.26574307680130005, "test/f1_macro": 0.23480619490146637, "test/wqKappa": -0.28175675868988037, "test/cnt_diff": 231.0, "test/cnt_correct_diff": 69.0, "epoch": 0, "trainer/global_step": 0, "_wandb": {"runtime": 148}}