{"test/conf_matrix": {"_type": "image-file", "sha256": "9a650d2e0c9ee7f813fd226d921dc5a4863643740f18001f0f44e02851e2dbfb", "size": 27321, "path": "media/images/test/conf_matrix_0_9a650d2e0c9ee7f813fd.png", "format": "png", "width": 1000, "height": 1000}, "_timestamp": 1661932526.804797, "_runtime": 206.18539190292358, "_step": 1, "test/loss": 0.31690359115600586, "test/origin_acc": 0.8740554451942444, "test/new_acc": 0.8494962453842163, "test/f1_macro": 0.8183051347732544, "test/wqKappa": 0.9281553626060486, "test/cnt_diff": 102.0, "test/cnt_correct_diff": 29.0, "epoch": 8, "trainer/global_step": 0, "_wandb": {"runtime": 205}}