{"test/conf_matrix": {"_type": "image-file", "sha256": "c27def8b72c5277ac43c9fe797504639c78d826840b5cd06a4b3fba1e6a187e9", "size": 28769, "path": "media/images/test/conf_matrix_0_c27def8b72c5277ac43c.png", "format": "png", "width": 1000, "height": 1000}, "_timestamp": 1661410674.670214, "_runtime": 211.9871289730072, "_step": 1, "test/loss": 0.6313098073005676, "test/origin_acc": 0.7738962173461914, "test/new_acc": 0.7409024834632874, "test/f1_macro": 0.536463737487793, "test/wqKappa": 0.6578850746154785, "test/cnt_diff": 196.0, "test/cnt_correct_diff": 48.0, "epoch": 2, "trainer/global_step": 0, "_wandb": {"runtime": 212}}