{"test/conf_matrix": {"_type": "image-file", "sha256": "7df7881a87e65dd405b53756e1af36658c97bc1a2e5b1878e0ec8e752ffaa16f", "size": 30603, "path": "media/images/test/conf_matrix_0_7df7881a87e65dd405b5.png", "format": "png", "width": 1000, "height": 1000}, "_timestamp": 1661427278.1971428, "_runtime": 241.1821699142456, "_step": 1, "test/loss": 2.3457894325256348, "test/origin_acc": 0.4401763081550598, "test/new_acc": 0.36209067702293396, "test/f1_macro": 0.2670472264289856, "test/wqKappa": 0.34971708059310913, "test/cnt_diff": 903.0, "test/cnt_correct_diff": 260.0, "epoch": 2, "trainer/global_step": 0, "_wandb": {"runtime": 240}}