{"test/conf_matrix": {"_type": "image-file", "sha256": "561022af0f653c275efdea4b2d59563ee5a2866737b3fd79d381da032b118461", "size": 30212, "path": "media/images/test/conf_matrix_0_561022af0f653c275efd.png", "format": "png", "width": 1000, "height": 1000}, "_timestamp": 1661443940.5668566, "_runtime": 132.6205587387085, "_step": 1, "test/loss": 2.620410442352295, "test/origin_acc": 0.250629723072052, "test/new_acc": 0.255667507648468, "test/f1_macro": 0.2219705879688263, "test/wqKappa": -0.2810109853744507, "test/cnt_diff": 78.0, "test/cnt_correct_diff": 27.0, "epoch": 0, "trainer/global_step": 0, "_wandb": {"runtime": 133}}