{"test/conf_matrix": {"_type": "image-file", "sha256": "2cd3b18d0bfeba79f5a52192938a2cf76a77d79b3005278c14a7ad5625b13ac6", "size": 31273, "path": "media/images/test/conf_matrix_0_2cd3b18d0bfeba79f5a5.png", "format": "png", "width": 1000, "height": 1000}, "_timestamp": 1661455500.9531858, "_runtime": 146.46333169937134, "_step": 1, "test/loss": 0.8598936796188354, "test/origin_acc": 0.5937721133232117, "test/new_acc": 0.6093418002128601, "test/f1_macro": 0.5211220979690552, "test/wqKappa": 0.5342350006103516, "test/cnt_diff": 1242.0, "test/cnt_correct_diff": 586.0, "epoch": 1, "trainer/global_step": 0, "_wandb": {"runtime": 145}}