{"test/conf_matrix": {"_type": "image-file", "sha256": "b9fb36d6b6a3cd72da78c4efb51f62e0fec50d3ba50e283bd1618145f7356b2b", "size": 27156, "path": "media/images/test/conf_matrix_0_b9fb36d6b6a3cd72da78.png", "format": "png", "width": 1000, "height": 1000}, "_timestamp": 1661480587.707108, "_runtime": 155.2536699771881, "_step": 1, "test/loss": 0.557793915271759, "test/origin_acc": 0.8131067752838135, "test/new_acc": 0.8024271726608276, "test/f1_macro": 0.6138648986816406, "test/wqKappa": 0.7625151872634888, "test/cnt_diff": 71.0, "test/cnt_correct_diff": 21.0, "epoch": 2, "trainer/global_step": 0, "_wandb": {"runtime": 155}}