{"test/conf_matrix": {"_type": "image-file", "sha256": "b5b3e1da3455ee369e372eae402c03a9af897d35fa231de86fc53c1f487ab3a2", "size": 31027, "path": "media/images/test/conf_matrix_0_b5b3e1da3455ee369e37.png", "format": "png", "width": 1000, "height": 1000}, "_timestamp": 1660657756.6767654, "_runtime": 674.8291954994202, "_step": 1, "test/loss": 0.6168479919433594, "test/origin_acc": 0.7463871836662292, "test/new_acc": 0.742099404335022, "test/f1_macro": 0.6979576349258423, "test/wqKappa": 0.6816866397857666, "test/cnt_diff": 73.0, "test/cnt_correct_diff": 20.0, "epoch": 5, "trainer/global_step": 0, "_wandb": {"runtime": 675}}