{"test/conf_matrix": {"_type": "image-file", "sha256": "eec388d40e83f6627ebb19bac68ea6f16306aaddcb0fdd6303dccb9feea5b980", "size": 26758, "path": "media/images/test/conf_matrix_0_eec388d40e83f6627ebb.png", "format": "png", "width": 1000, "height": 1000}, "_timestamp": 1661357737.1850214, "_runtime": 321.89686250686646, "_step": 1, "test/loss": 0.3092154264450073, "test/origin_acc": 0.8753148317337036, "test/new_acc": 0.8690176606178284, "test/f1_macro": 0.8340569734573364, "test/wqKappa": 0.9370294809341431, "test/cnt_diff": 25.0, "test/cnt_correct_diff": 7.0, "epoch": 11, "trainer/global_step": 0, "_wandb": {"runtime": 322}}