{"test/conf_matrix": {"_type": "image-file", "sha256": "ba37e8177acbeee2b9244447bf4f32968722c24495c8947354d31ab029c82b04", "size": 31089, "path": "media/images/test/conf_matrix_0_ba37e8177acbeee2b924.png", "format": "png", "width": 1000, "height": 1000}, "_timestamp": 1660145823.950079, "_runtime": 355.6198709011078, "_step": 1, "test/loss": 0.6168479919433594, "test/origin_acc": 0.7463871836662292, "test/new_acc": 0.7419406175613403, "test/f1_macro": 0.696465015411377, "test/wqKappa": 0.6811386346817017, "test/cnt_diff": 71.0, "test/cnt_correct_diff": 18.0, "epoch": 5, "trainer/global_step": 0, "_wandb": {"runtime": 356}}