{"test/conf_matrix": {"_type": "image-file", "sha256": "532f3fc39e81dfe773bca483258f858b21d10d37d1b5082e9a809faf99a086fe", "size": 31184, "path": "media/images/test/conf_matrix_0_532f3fc39e81dfe773bc.png", "format": "png", "width": 1000, "height": 1000}, "_timestamp": 1661414404.6624618, "_runtime": 203.14973878860474, "_step": 1, "test/loss": 1.5902985334396362, "test/origin_acc": 0.6070529222488403, "test/new_acc": 0.513224184513092, "test/f1_macro": 0.4038408398628235, "test/wqKappa": 0.42324984073638916, "test/cnt_diff": 438.0, "test/cnt_correct_diff": 91.0, "epoch": 5, "trainer/global_step": 0, "_wandb": {"runtime": 201}}