{"test/conf_matrix": {"_type": "image-file", "sha256": "b0d31c03836f66bdb441892e39e6ebd8d86095c0b7083a49249bf16ec1bd2f2f", "size": 27115, "path": "media/images/test/conf_matrix_0_b0d31c03836f66bdb441.png", "format": "png", "width": 1000, "height": 1000}, "_timestamp": 1661341162.0982182, "_runtime": 240.70014023780823, "_step": 1, "test/loss": 0.3532443344593048, "test/origin_acc": 0.8658690452575684, "test/new_acc": 0.8551637530326843, "test/f1_macro": 0.8259612321853638, "test/wqKappa": 0.9299676418304443, "test/cnt_diff": 77.0, "test/cnt_correct_diff": 29.0, "epoch": 17, "trainer/global_step": 0, "_wandb": {"runtime": 240}}