{"test/conf_matrix": {"_type": "image-file", "sha256": "280755bc43347ca3180cbf921503e0415d71d77e4aa265e4c6a0cfaebc52f8ff", "size": 26907, "path": "media/images/test/conf_matrix_0_280755bc43347ca3180c.png", "format": "png", "width": 1000, "height": 1000}, "_timestamp": 1661404177.3703682, "_runtime": 108.20302534103394, "_step": 1, "test/loss": 0.5979331135749817, "test/origin_acc": 0.8136826753616333, "test/new_acc": 0.8127123117446899, "test/f1_macro": 0.6114481687545776, "test/wqKappa": 0.7448123693466187, "test/cnt_diff": 17.0, "test/cnt_correct_diff": 6.0, "epoch": 15, "trainer/global_step": 0, "_wandb": {"runtime": 108}}