{"test/conf_matrix": {"_type": "image-file", "sha256": "bbbc0d643d7d6a7b59bca2260c145374dd59698a522b75006b90c7ef097e7098", "size": 30155, "path": "media/images/test/conf_matrix_0_bbbc0d643d7d6a7b59bc.png", "format": "png", "width": 1000, "height": 1000}, "_timestamp": 1661433628.7173305, "_runtime": 148.90676736831665, "_step": 1, "test/loss": 2.1597023010253906, "test/origin_acc": 0.49370276927948, "test/new_acc": 0.5289672613143921, "test/f1_macro": 0.375497967004776, "test/wqKappa": 0.5447405576705933, "test/cnt_diff": 119.0, "test/cnt_correct_diff": 77.0, "epoch": 10, "trainer/global_step": 0, "_wandb": {"runtime": 149}}