{"test/conf_matrix": {"_type": "image-file", "sha256": "90d82f90f88c78dbf14adf83dbee620133c95b838073d94b65411276173ef9fd", "size": 30569, "path": "media/images/test/conf_matrix_0_90d82f90f88c78dbf14a.png", "format": "png", "width": 1000, "height": 1000}, "_timestamp": 1661427212.392338, "_runtime": 311.918240070343, "_step": 1, "test/loss": 1.9362478256225586, "test/origin_acc": 0.5440806150436401, "test/new_acc": 0.5207808613777161, "test/f1_macro": 0.3568190336227417, "test/wqKappa": 0.5014377236366272, "test/cnt_diff": 161.0, "test/cnt_correct_diff": 39.0, "epoch": 11, "trainer/global_step": 0, "_wandb": {"runtime": 311}}