{"test/conf_matrix": {"_type": "image-file", "sha256": "a28baa85ab86cf0229fc1d1803bbc5e19aad763bd0c367017affc2cf08e5522e", "size": 27165, "path": "media/images/test/conf_matrix_0_a28baa85ab86cf0229fc.png", "format": "png", "width": 1000, "height": 1000}, "_timestamp": 1661478006.2441247, "_runtime": 150.33281564712524, "_step": 1, "test/loss": 0.5137186646461487, "test/origin_acc": 0.8466019630432129, "test/new_acc": 0.8480582237243652, "test/f1_macro": 0.6372612714767456, "test/wqKappa": 0.8070068359375, "test/cnt_diff": 6.0, "test/cnt_correct_diff": 4.0, "epoch": 10, "trainer/global_step": 0, "_wandb": {"runtime": 150}}