{"test/conf_matrix": {"_type": "image-file", "sha256": "c3e17968255ac0cb48883e2eaef2e42dbca9d1e21ce13005529755ad5b7c6ee8", "size": 27558, "path": "media/images/test/conf_matrix_0_c3e17968255ac0cb4888.png", "format": "png", "width": 1000, "height": 1000}, "_timestamp": 1660725540.2516198, "_runtime": 196.36468887329102, "_step": 1, "test/loss": 0.5653321146965027, "test/origin_acc": 0.8330907821655273, "test/new_acc": 0.8355167508125305, "test/f1_macro": 0.6325302124023438, "test/wqKappa": 0.7759004831314087, "test/cnt_diff": 20.0, "test/cnt_correct_diff": 11.0, "epoch": 12, "trainer/global_step": 0, "_wandb": {"runtime": 194}}