{"test/conf_matrix": {"_type": "image-file", "sha256": "e89b8cc098fee45e7351bb15672a0b572da8c2832a461678fbf0852d8716d4dc", "size": 28217, "path": "media/images/test/conf_matrix_0_e89b8cc098fee45e7351.png", "format": "png", "width": 1000, "height": 1000}, "_timestamp": 1661419069.4556024, "_runtime": 188.63894248008728, "_step": 1, "test/loss": 0.5568793416023254, "test/origin_acc": 0.8282387256622314, "test/new_acc": 0.8282387256622314, "test/f1_macro": 0.6286537647247314, "test/wqKappa": 0.7779334783554077, "test/cnt_diff": 8.0, "test/cnt_correct_diff": 2.0, "epoch": 8, "trainer/global_step": 0, "_wandb": {"runtime": 188}}