{"test/conf_matrix": {"_type": "image-file", "sha256": "47422ccdab2caa4749a3c54a476b4d22eaa5285b58e177e17a37611cabf2fbf8", "size": 27092, "path": "media/images/test/conf_matrix_0_47422ccdab2caa4749a3.png", "format": "png", "width": 1000, "height": 1000}, "_timestamp": 1661481296.9134135, "_runtime": 153.81914043426514, "_step": 1, "test/loss": 0.557793915271759, "test/origin_acc": 0.8131067752838135, "test/new_acc": 0.7941747307777405, "test/f1_macro": 0.6016983985900879, "test/wqKappa": 0.7516447305679321, "test/cnt_diff": 106.0, "test/cnt_correct_diff": 29.0, "epoch": 2, "trainer/global_step": 0, "_wandb": {"runtime": 153}}