{"test/conf_matrix": {"_type": "image-file", "sha256": "384a6520e603f9f3270275fc7870adc4aff383eaebdb31f1dc38ea4102c289ac", "size": 26581, "path": "media/images/test/conf_matrix_0_384a6520e603f9f32702.png", "format": "png", "width": 1000, "height": 1000}, "_timestamp": 1661933555.3064153, "_runtime": 135.8720703125, "_step": 1, "test/loss": 0.31690359115600586, "test/origin_acc": 0.8740554451942444, "test/new_acc": 0.8696473836898804, "test/f1_macro": 0.835857093334198, "test/wqKappa": 0.9381291270256042, "test/cnt_diff": 12.0, "test/cnt_correct_diff": 2.0, "epoch": 8, "trainer/global_step": 0, "_wandb": {"runtime": 135}}