{"test/conf_matrix": {"_type": "image-file", "sha256": "d4d72ab4d7e7ec3fd25594917939c97837900abea20e550ab22abfe3e596fbbf", "size": 29243, "path": "media/images/test/conf_matrix_0_d4d72ab4d7e7ec3fd255.png", "format": "png", "width": 1000, "height": 1000}, "_timestamp": 1661419155.4690833, "_runtime": 293.67689633369446, "_step": 1, "test/loss": 2.093094825744629, "test/origin_acc": 0.5560453534126282, "test/new_acc": 0.4729219079017639, "test/f1_macro": 0.37058326601982117, "test/wqKappa": 0.45337939262390137, "test/cnt_diff": 961.0, "test/cnt_correct_diff": 326.0, "epoch": 11, "trainer/global_step": 0, "_wandb": {"runtime": 293}}