{"test/conf_matrix": {"_type": "image-file", "sha256": "43e979ac30c98d478fc0652187b110ba0ab3548cf47ff2a15c40b4349f7716d4", "size": 28175, "path": "media/images/test/conf_matrix_0_43e979ac30c98d478fc0.png", "format": "png", "width": 1000, "height": 1000}, "_timestamp": 1661325563.3225203, "_runtime": 77.2544002532959, "_step": 1, "test/loss": 0.5756698250770569, "test/origin_acc": 0.7811321020126343, "test/new_acc": 0.6352201700210571, "test/f1_macro": 0.5989580154418945, "test/wqKappa": 0.7285524606704712, "test/cnt_diff": 396.0, "test/cnt_correct_diff": 66.0, "epoch": 8, "trainer/global_step": 0, "_wandb": {"runtime": 77}}