{"test/conf_matrix": {"_type": "image-file", "sha256": "3cd40550ab5d8b2806cefe0ca37c07461fe61471d84a26a948ea3f3d1c33d9dc", "size": 29987, "path": "media/images/test/conf_matrix_0_3cd40550ab5d8b2806ce.png", "format": "png", "width": 1000, "height": 1000}, "_timestamp": 1661461401.7685044, "_runtime": 122.00449442863464, "_step": 1, "test/loss": 0.7218735218048096, "test/origin_acc": 0.6959188580513, "test/new_acc": 0.6982778906822205, "test/f1_macro": 0.6082660555839539, "test/wqKappa": 0.60872483253479, "test/cnt_diff": 46.0, "test/cnt_correct_diff": 23.0, "epoch": 7, "trainer/global_step": 0, "_wandb": {"runtime": 121}}