{"test/conf_matrix": {"_type": "image-file", "sha256": "eeea6e66732c64179d055ea30f5d59c99164e9c6b7a919403bc2ffe0e6041632", "size": 28630, "path": "media/images/test/conf_matrix_0_eeea6e66732c64179d05.png", "format": "png", "width": 1000, "height": 1000}, "_timestamp": 1661428348.4571068, "_runtime": 130.20531487464905, "_step": 1, "test/loss": 0.5796024799346924, "test/origin_acc": 0.823871910572052, "test/new_acc": 0.8243571519851685, "test/f1_macro": 0.6070539951324463, "test/wqKappa": 0.7380375862121582, "test/cnt_diff": 33.0, "test/cnt_correct_diff": 15.0, "epoch": 8, "trainer/global_step": 0, "_wandb": {"runtime": 129}}