{"test/conf_matrix": {"_type": "image-file", "sha256": "764718aecd0529baadd4e8f08dbc5f56ece86f68acba5f4e55c1d42ff3e8a1d0", "size": 29971, "path": "media/images/test/conf_matrix_0_764718aecd0529baadd4.png", "format": "png", "width": 1000, "height": 1000}, "_timestamp": 1661434743.2032254, "_runtime": 133.43610548973083, "_step": 1, "test/loss": 2.1597023010253906, "test/origin_acc": 0.49370276927948, "test/new_acc": 0.5220403075218201, "test/f1_macro": 0.36575961112976074, "test/wqKappa": 0.5360136032104492, "test/cnt_diff": 106.0, "test/cnt_correct_diff": 65.0, "epoch": 10, "trainer/global_step": 0, "_wandb": {"runtime": 133}}