{"test/conf_matrix": {"_type": "image-file", "sha256": "69849db93028f4c5d15d7ae1e49009979ae86dbd6747a98816e2da551207665b", "size": 28917, "path": "media/images/test/conf_matrix_0_69849db93028f4c5d15d.png", "format": "png", "width": 1000, "height": 1000}, "_timestamp": 1661411978.9329638, "_runtime": 268.77605676651, "_step": 1, "test/loss": 2.093094825744629, "test/origin_acc": 0.5560453534126282, "test/new_acc": 0.5862720608711243, "test/f1_macro": 0.39313021302223206, "test/wqKappa": 0.5651075839996338, "test/cnt_diff": 224.0, "test/cnt_correct_diff": 113.0, "epoch": 11, "trainer/global_step": 0, "_wandb": {"runtime": 268}}