{"test/conf_matrix": {"_type": "image-file", "sha256": "3fd57a7b778051b913d8e71dbb2a7a0bb540315dfdcfa603f7d70f85070e8acb", "size": 27016, "path": "media/images/test/conf_matrix_0_3fd57a7b778051b913d8.png", "format": "png", "width": 1000, "height": 1000}, "_timestamp": 1661880154.6770291, "_runtime": 193.79591703414917, "_step": 1, "test/loss": 0.33733710646629333, "test/origin_acc": 0.8570529222488403, "test/new_acc": 0.8620907068252563, "test/f1_macro": 0.8076508641242981, "test/wqKappa": 0.9333385825157166, "test/cnt_diff": 27.0, "test/cnt_correct_diff": 17.0, "epoch": 2, "trainer/global_step": 0, "_wandb": {"runtime": 194}}