{"test/conf_matrix": {"_type": "image-file", "sha256": "a5c33e446c2f1800e32540e4b03943d685e8ca59e983512fa5cb2123db07c7e0", "size": 26967, "path": "media/images/test/conf_matrix_0_a5c33e446c2f1800e325.png", "format": "png", "width": 1000, "height": 1000}, "_timestamp": 1661486332.9042761, "_runtime": 127.1250970363617, "_step": 1, "test/loss": 0.6395517587661743, "test/origin_acc": 0.8155339956283569, "test/new_acc": 0.8233009576797485, "test/f1_macro": 0.629184901714325, "test/wqKappa": 0.7734236717224121, "test/cnt_diff": 49.0, "test/cnt_correct_diff": 29.0, "epoch": 11, "trainer/global_step": 0, "_wandb": {"runtime": 127}}