{"test/conf_matrix": {"_type": "image-file", "sha256": "179dd42e593c6a565e7c76da9a6da4fe359c2ed05eae1cfa37c1ae11109d0768", "size": 30470, "path": "media/images/test/conf_matrix_0_179dd42e593c6a565e7c.png", "format": "png", "width": 1000, "height": 1000}, "_timestamp": 1661439838.165538, "_runtime": 278.6342980861664, "_step": 1, "test/loss": 0.714397668838501, "test/origin_acc": 0.6908189654350281, "test/new_acc": 0.6910549998283386, "test/f1_macro": 0.5762538909912109, "test/wqKappa": 0.5680422782897949, "test/cnt_diff": 56.0, "test/cnt_correct_diff": 20.0, "epoch": 3, "trainer/global_step": 0, "_wandb": {"runtime": 279}}