{"test/conf_matrix": {"_type": "image-file", "sha256": "f606d4297d36d8276e7712884d54c9033bb58cf240a899c0946829aac8c0607c", "size": 27081, "path": "media/images/test/conf_matrix_0_f606d4297d36d8276e77.png", "format": "png", "width": 1000, "height": 1000}, "_timestamp": 1661334218.391359, "_runtime": 94.4292860031128, "_step": 1, "test/loss": 0.32888326048851013, "test/origin_acc": 0.8652393221855164, "test/new_acc": 0.8513854146003723, "test/f1_macro": 0.8116719126701355, "test/wqKappa": 0.9325500726699829, "test/cnt_diff": 106.0, "test/cnt_correct_diff": 41.0, "epoch": 4, "trainer/global_step": 0, "_wandb": {"runtime": 93}}