{"test/conf_matrix": {"_type": "image-file", "sha256": "29e4419d4880634db2d36b09f168ae171c51e054ccc11648cdc1dc48297b1b82", "size": 27069, "path": "media/images/test/conf_matrix_0_29e4419d4880634db2d3.png", "format": "png", "width": 1000, "height": 1000}, "_timestamp": 1661478656.786833, "_runtime": 163.17880415916443, "_step": 1, "test/loss": 0.5793511271476746, "test/origin_acc": 0.832524299621582, "test/new_acc": 0.8247572779655457, "test/f1_macro": 0.6240139603614807, "test/wqKappa": 0.7834333181381226, "test/cnt_diff": 29.0, "test/cnt_correct_diff": 2.0, "epoch": 11, "trainer/global_step": 0, "_wandb": {"runtime": 163}}