{"test/conf_matrix": {"_type": "image-file", "sha256": "f5ab1cca0065ffe0f9a23ab3fa70338b070ceb08ef5f3c2b54ec5ebbcf669aa1", "size": 27995, "path": "media/images/test/conf_matrix_0_f5ab1cca0065ffe0f9a2.png", "format": "png", "width": 1000, "height": 1000}, "_timestamp": 1661330936.3297155, "_runtime": 204.11824345588684, "_step": 1, "test/loss": 0.2952144742012024, "test/origin_acc": 0.8797228932380676, "test/new_acc": 0.8772040009498596, "test/f1_macro": 0.8401986956596375, "test/wqKappa": 0.9420230984687805, "test/cnt_diff": 79.0, "test/cnt_correct_diff": 37.0, "epoch": 12, "trainer/global_step": 0, "_wandb": {"runtime": 203}}