{"test/conf_matrix": {"_type": "image-file", "sha256": "0bcdad7deb1e23d9c93ee8f23e0a8f22421dfcab1b4c6f00dfb41529657b8aa0", "size": 27302, "path": "media/images/test/conf_matrix_0_0bcdad7deb1e23d9c93e.png", "format": "png", "width": 1000, "height": 1000}, "_timestamp": 1661340084.9140913, "_runtime": 143.15073323249817, "_step": 1, "test/loss": 0.3830234110355377, "test/origin_acc": 0.8283019065856934, "test/new_acc": 0.7597484588623047, "test/f1_macro": 0.7327743768692017, "test/wqKappa": 0.8960554003715515, "test/cnt_diff": 258.0, "test/cnt_correct_diff": 72.0, "epoch": 15, "trainer/global_step": 0, "_wandb": {"runtime": 143}}