{"test/conf_matrix": {"_type": "image-file", "sha256": "fbf4af9be3f39fd759aca0559b8bb7de199d40a09b0c1589391352a9b66d7c20", "size": 27566, "path": "media/images/test/conf_matrix_0_fbf4af9be3f39fd759ac.png", "format": "png", "width": 1000, "height": 1000}, "_timestamp": 1660646462.1469643, "_runtime": 213.74332237243652, "_step": 1, "test/loss": 0.6062291860580444, "test/origin_acc": 0.8277535438537598, "test/new_acc": 0.8277535438537598, "test/f1_macro": 0.6228620409965515, "test/wqKappa": 0.7637366056442261, "test/cnt_diff": 4.0, "test/cnt_correct_diff": 1.0, "epoch": 7, "trainer/global_step": 0, "_wandb": {"runtime": 214}}