{"test/conf_matrix": {"_type": "image-file", "sha256": "4c1a83da284780ec8a9b31f8a9dd0af705cbfd7f4e5b65ab301ec6f2f13618e8", "size": 30080, "path": "media/images/test/conf_matrix_0_4c1a83da284780ec8a9b.png", "format": "png", "width": 1000, "height": 1000}, "_timestamp": 1660298753.213328, "_runtime": 310.425087928772, "_step": 1, "test/loss": 0.8469985723495483, "test/origin_acc": 0.6933962106704712, "test/new_acc": 0.6936320662498474, "test/f1_macro": 0.6264290809631348, "test/wqKappa": 0.6216782927513123, "test/cnt_diff": 5.0, "test/cnt_correct_diff": 2.0, "epoch": 7, "trainer/global_step": 0, "_wandb": {"runtime": 311}}