{"test/conf_matrix": {"_type": "image-file", "sha256": "17d575a39c3a9225e2bb3e4e32058a44800633a9af210d6b1725dac5863e4e91", "size": 29793, "path": "media/images/test/conf_matrix_0_17d575a39c3a9225e2bb.png", "format": "png", "width": 1000, "height": 1000}, "_timestamp": 1661443556.234433, "_runtime": 141.1970989704132, "_step": 1, "test/loss": 2.620410442352295, "test/origin_acc": 0.250629723072052, "test/new_acc": 0.26259446144104004, "test/f1_macro": 0.2319079339504242, "test/wqKappa": -0.2683136463165283, "test/cnt_diff": 161.0, "test/cnt_correct_diff": 52.0, "epoch": 0, "trainer/global_step": 0, "_wandb": {"runtime": 141}}