{"test/conf_matrix": {"_type": "image-file", "sha256": "a21db2d8b66fed50ba1bff8b7e829ed4ff143a5e6c648e620c963d5f8f617ce9", "size": 30406, "path": "media/images/test/conf_matrix_0_a21db2d8b66fed50ba1b.png", "format": "png", "width": 1000, "height": 1000}, "_timestamp": 1661444128.1384678, "_runtime": 130.4474697113037, "_step": 1, "test/loss": 2.620410442352295, "test/origin_acc": 0.250629723072052, "test/new_acc": 0.26007556915283203, "test/f1_macro": 0.22051194310188293, "test/wqKappa": -0.2897096872329712, "test/cnt_diff": 67.0, "test/cnt_correct_diff": 25.0, "epoch": 0, "trainer/global_step": 0, "_wandb": {"runtime": 130}}