{"test/conf_matrix": {"_type": "image-file", "sha256": "f7b6c70eeed12729c9dc703d0c9420ba64e31da2ba5b1c52de2de633bd665f7c", "size": 29185, "path": "media/images/test/conf_matrix_0_f7b6c70eeed12729c9dc.png", "format": "png", "width": 1000, "height": 1000}, "_timestamp": 1661439471.7081583, "_runtime": 280.1090543270111, "_step": 1, "test/loss": 0.6964133977890015, "test/origin_acc": 0.6936511397361755, "test/new_acc": 0.6922350525856018, "test/f1_macro": 0.610410213470459, "test/wqKappa": 0.6057432889938354, "test/cnt_diff": 347.0, "test/cnt_correct_diff": 158.0, "epoch": 8, "trainer/global_step": 0, "_wandb": {"runtime": 280}}