{"test/conf_matrix": {"_type": "image-file", "sha256": "f11163894fad47fb025765188b940d69540a359913a42841c85f0f3826d27dc2", "size": 26914, "path": "media/images/test/conf_matrix_0_f11163894fad47fb0257.png", "format": "png", "width": 1000, "height": 1000}, "_timestamp": 1661358238.7512271, "_runtime": 377.63949608802795, "_step": 1, "test/loss": 0.3092154264450073, "test/origin_acc": 0.8753148317337036, "test/new_acc": 0.8709068298339844, "test/f1_macro": 0.8373450040817261, "test/wqKappa": 0.9380602836608887, "test/cnt_diff": 40.0, "test/cnt_correct_diff": 16.0, "epoch": 11, "trainer/global_step": 0, "_wandb": {"runtime": 377}}