{"test/conf_matrix": {"_type": "image-file", "sha256": "76a40a0721d777ff9b9b062c1ca24412edbe6880571657e0da6bde43f76ed647", "size": 30504, "path": "media/images/test/conf_matrix_0_76a40a0721d777ff9b9b.png", "format": "png", "width": 1000, "height": 1000}, "_timestamp": 1661459670.3919191, "_runtime": 108.47122812271118, "_step": 1, "test/loss": 3.2831687927246094, "test/origin_acc": 0.372795969247818, "test/new_acc": 0.36209067702293396, "test/f1_macro": 0.2708189785480499, "test/wqKappa": 0.04035913944244385, "test/cnt_diff": 64.0, "test/cnt_correct_diff": 14.0, "epoch": 5, "trainer/global_step": 0, "_wandb": {"runtime": 107}}