{"test/conf_matrix": {"_type": "image-file", "sha256": "1f4364e0739e8e3dbe4f8cd15bf1a7bb17dff107d77eb88ee13fa618bd87d7eb", "size": 28121, "path": "media/images/test/conf_matrix_0_1f4364e0739e8e3dbe4f.png", "format": "png", "width": 1000, "height": 1000}, "_timestamp": 1661407898.805508, "_runtime": 121.50056886672974, "_step": 1, "test/loss": 0.5978809595108032, "test/origin_acc": 0.8170791268348694, "test/new_acc": 0.810286283493042, "test/f1_macro": 0.6062795519828796, "test/wqKappa": 0.7425634264945984, "test/cnt_diff": 24.0, "test/cnt_correct_diff": 2.0, "epoch": 12, "trainer/global_step": 0, "_wandb": {"runtime": 122}}