{"test/conf_matrix": {"_type": "image-file", "sha256": "f7406d47981ac27ac6dc918ae8ca28e9609f371b3492ef6ee3d54fdd37212822", "size": 29902, "path": "media/images/test/conf_matrix_0_f7406d47981ac27ac6dc.png", "format": "png", "width": 1000, "height": 1000}, "_timestamp": 1661440916.5883372, "_runtime": 160.3084101676941, "_step": 1, "test/loss": 2.0962419509887695, "test/origin_acc": 0.4666246771812439, "test/new_acc": 0.45528966188430786, "test/f1_macro": 0.29794424772262573, "test/wqKappa": 0.13320982456207275, "test/cnt_diff": 162.0, "test/cnt_correct_diff": 37.0, "epoch": 3, "trainer/global_step": 0, "_wandb": {"runtime": 160}}