{"test/conf_matrix": {"_type": "image-file", "sha256": "f5b40022cf7131e677d85a8a7f64c28abdff333f8b311850485a522d1769b103", "size": 26093, "path": "media/images/test/conf_matrix_0_f5b40022cf7131e677d8.png", "format": "png", "width": 1000, "height": 1000}, "_timestamp": 1661333820.8323095, "_runtime": 139.79322838783264, "_step": 1, "test/loss": 0.2952144742012024, "test/origin_acc": 0.8797228932380676, "test/new_acc": 0.8797228932380676, "test/f1_macro": 0.8459427356719971, "test/wqKappa": 0.9440011382102966, "test/cnt_diff": 4.0, "test/cnt_correct_diff": 2.0, "epoch": 12, "trainer/global_step": 0, "_wandb": {"runtime": 139}}