{"test/conf_matrix": {"_type": "image-file", "sha256": "f7715667ba89963d2f034fc17e648b19310e245afc171511cc70d7dde45583c3", "size": 30978, "path": "media/images/test/conf_matrix_0_f7715667ba89963d2f03.png", "format": "png", "width": 1000, "height": 1000}, "_timestamp": 1660730642.492734, "_runtime": 1001.3415808677673, "_step": 1, "test/loss": 0.6168479919433594, "test/origin_acc": 0.7463871836662292, "test/new_acc": 0.742099404335022, "test/f1_macro": 0.6956335306167603, "test/wqKappa": 0.6786779165267944, "test/cnt_diff": 215.0, "test/cnt_correct_diff": 85.0, "epoch": 5, "trainer/global_step": 0, "_wandb": {"runtime": 1000}}