{"test/conf_matrix": {"_type": "image-file", "sha256": "204bc49bffdcb75557841c912e483ea7c28f8e465f1718b3c63c886e6e17fe58", "size": 26338, "path": "media/images/test/conf_matrix_0_204bc49bffdcb7555784.png", "format": "png", "width": 1000, "height": 1000}, "_timestamp": 1660209236.0556154, "_runtime": 119.17006945610046, "_step": 1, "test/loss": 0.3087417483329773, "test/origin_acc": 0.8916876316070557, "test/new_acc": 0.48992443084716797, "test/f1_macro": 0.44002699851989746, "test/wqKappa": 0.8082787394523621, "test/cnt_diff": 784.0, "test/cnt_correct_diff": 50.0, "epoch": 8, "trainer/global_step": 0, "_wandb": {"runtime": 119}}