{"test/conf_matrix": {"_type": "image-file", "sha256": "368e4e11dc73047a5628019be3ee6bcecbf8a757bd5b0d79d828c1c6a62d259c", "size": 26440, "path": "media/images/test/conf_matrix_0_368e4e11dc73047a5628.png", "format": "png", "width": 1000, "height": 1000}, "_timestamp": 1661933732.5549622, "_runtime": 132.92542123794556, "_step": 1, "test/loss": 0.31690359115600586, "test/origin_acc": 0.8740554451942444, "test/new_acc": 0.8727959990501404, "test/f1_macro": 0.8393341302871704, "test/wqKappa": 0.9394125938415527, "test/cnt_diff": 7.0, "test/cnt_correct_diff": 2.0, "epoch": 8, "trainer/global_step": 0, "_wandb": {"runtime": 132}}