{"test/conf_matrix": {"_type": "image-file", "sha256": "a53c9ef8c3aa9d8228ed4b84d07b5669bccf8a080fa86f3c0103d39e322da184", "size": 30487, "path": "media/images/test/conf_matrix_0_a53c9ef8c3aa9d8228ed.png", "format": "png", "width": 1000, "height": 1000}, "_timestamp": 1660651815.6592042, "_runtime": 471.5113911628723, "_step": 1, "test/loss": 0.8469946980476379, "test/origin_acc": 0.6934151649475098, "test/new_acc": 0.6934151649475098, "test/f1_macro": 0.6254953145980835, "test/wqKappa": 0.6197447776794434, "test/cnt_diff": 9.0, "test/cnt_correct_diff": 3.0, "epoch": 7, "trainer/global_step": 0, "_wandb": {"runtime": 472}}