{"test/conf_matrix": {"_type": "image-file", "sha256": "5f8a30e3df177370e25913801c59bb619b713d668c6178834873e3b855a54327", "size": 28324, "path": "media/images/test/conf_matrix_0_5f8a30e3df177370e259.png", "format": "png", "width": 1000, "height": 1000}, "_timestamp": 1660719734.2870948, "_runtime": 179.81444573402405, "_step": 1, "test/loss": 0.5653321146965027, "test/origin_acc": 0.8330907821655273, "test/new_acc": 0.8345463871955872, "test/f1_macro": 0.6315478086471558, "test/wqKappa": 0.773853063583374, "test/cnt_diff": 21.0, "test/cnt_correct_diff": 10.0, "epoch": 12, "trainer/global_step": 0, "_wandb": {"runtime": 180}}